<<<<<<< HEAD
2026-02-28 10:36:27,451 p=181625 u=administrator n=ansible WARNING| [WARNING]: Deprecation warnings can be disabled by setting `deprecation_warnings=False` in ansible.cfg.

2026-02-28 10:36:27,451 p=181625 u=administrator n=ansible INFO| [DEPRECATION WARNING]: community.general.yaml has been deprecated. The plugin has been superseded by the the option `result_format=yaml` in callback plugin ansible.builtin.default from ansible-core 2.13 onwards. This feature will be removed from collection 'community.general' version 12.0.0.

2026-02-28 10:36:27,542 p=181625 u=administrator n=ansible INFO| PLAY [Longhorn - Installation via Helm] *************************************************************************************************************************************************************************************************************************************************
2026-02-28 10:36:27,591 p=181625 u=administrator n=ansible INFO| PLAY [Longhorn - Configuration des disques par nœud] ************************************************************************************************************************************************************************************************************************************
2026-02-28 10:36:27,624 p=181625 u=administrator n=ansible INFO| PLAY [Longhorn - StorageClasses, IngressRoute et vérification] **************************************************************************************************************************************************************************************************************************
2026-02-28 10:36:27,645 p=181625 u=administrator n=ansible INFO| TASK [Créer l'Ingress Longhorn (cert-manager + redirect HTTP→HTTPS)] ********************************************************************************************************************************************************************************************************************
2026-02-28 10:36:27,645 p=181625 u=administrator n=ansible INFO| samedi 28 février 2026  10:36:27 +0100 (0:00:00.142)       0:00:00.142 ******** 
2026-02-28 10:36:29,858 p=181625 u=administrator n=ansible WARNING| [WARNING]: Collection cloud.common does not support Ansible version 2.19.0

2026-02-28 10:36:29,859 p=181625 u=administrator n=ansible INFO| changed: [k3s-node-1]
2026-02-28 10:36:29,883 p=181625 u=administrator n=ansible INFO| TASK [Vérifier le type de clé du certificat Longhorn actuel] ****************************************************************************************************************************************************************************************************************************
2026-02-28 10:36:29,884 p=181625 u=administrator n=ansible INFO| samedi 28 février 2026  10:36:29 +0100 (0:00:02.238)       0:00:02.381 ******** 
2026-02-28 10:36:30,951 p=181625 u=administrator n=ansible INFO| ok: [k3s-node-1]
2026-02-28 10:36:30,973 p=181625 u=administrator n=ansible INFO| TASK [Supprimer l'ancien certificat RSA Longhorn pour renouvellement ECDSA] *************************************************************************************************************************************************************************************************************
2026-02-28 10:36:30,973 p=181625 u=administrator n=ansible INFO| samedi 28 février 2026  10:36:30 +0100 (0:00:01.089)       0:00:03.470 ******** 
2026-02-28 10:36:31,013 p=181625 u=administrator n=ansible INFO| skipping: [k3s-node-1]
2026-02-28 10:36:31,034 p=181625 u=administrator n=ansible INFO| TASK [Supprimer l'ancien secret TLS RSA Longhorn] ***************************************************************************************************************************************************************************************************************************************
2026-02-28 10:36:31,035 p=181625 u=administrator n=ansible INFO| samedi 28 février 2026  10:36:31 +0100 (0:00:00.061)       0:00:03.532 ******** 
2026-02-28 10:36:31,074 p=181625 u=administrator n=ansible INFO| skipping: [k3s-node-1]
2026-02-28 10:36:31,091 p=181625 u=administrator n=ansible INFO| TASK [Créer l'IngressRoute HTTPS Longhorn (websecure)] **********************************************************************************************************************************************************************************************************************************
2026-02-28 10:36:31,092 p=181625 u=administrator n=ansible INFO| samedi 28 février 2026  10:36:31 +0100 (0:00:00.057)       0:00:03.589 ******** 
2026-02-28 10:36:32,701 p=181625 u=administrator n=ansible INFO| ok: [k3s-node-1]
2026-02-28 10:36:32,704 p=181625 u=administrator n=ansible INFO| PLAY RECAP ******************************************************************************************************************************************************************************************************************************************************************************
2026-02-28 10:36:32,704 p=181625 u=administrator n=ansible INFO| k3s-node-1                 : ok=3    changed=1    unreachable=0    failed=0    skipped=2    rescued=0    ignored=0   
2026-02-28 10:36:32,704 p=181625 u=administrator n=ansible INFO| PLAYBOOK RECAP **************************************************************************************************************************************************************************************************************************************************************************
2026-02-28 10:36:32,704 p=181625 u=administrator n=ansible INFO| Playbook run took 0 days, 0 hours, 0 minutes, 5 seconds

2026-02-28 10:36:32,704 p=181625 u=administrator n=ansible INFO| TASKS RECAP *****************************************************************************************************************************************************************************************************************************************************************************
2026-02-28 10:36:32,705 p=181625 u=administrator n=ansible INFO| samedi 28 février 2026  10:36:32 +0100 (0:00:01.612)       0:00:05.202 ******** 
2026-02-28 10:36:32,705 p=181625 u=administrator n=ansible INFO| =============================================================================== 
2026-02-28 10:36:32,705 p=181625 u=administrator n=ansible INFO| Créer l'Ingress Longhorn (cert-manager + redirect HTTP→HTTPS) -------------------------------------------------------------------------------------------------------------------------------------------------------------------------------------------------------------------- 2.24s
2026-02-28 10:36:32,705 p=181625 u=administrator n=ansible INFO| Créer l'IngressRoute HTTPS Longhorn (websecure) ---------------------------------------------------------------------------------------------------------------------------------------------------------------------------------------------------------------------------------- 1.61s
2026-02-28 10:36:32,705 p=181625 u=administrator n=ansible INFO| Vérifier le type de clé du certificat Longhorn actuel ---------------------------------------------------------------------------------------------------------------------------------------------------------------------------------------------------------------------------- 1.09s
2026-02-28 10:36:32,705 p=181625 u=administrator n=ansible INFO| Supprimer l'ancien certificat RSA Longhorn pour renouvellement ECDSA ------------------------------------------------------------------------------------------------------------------------------------------------------------------------------------------------------------- 0.06s
2026-02-28 10:36:32,706 p=181625 u=administrator n=ansible INFO| Supprimer l'ancien secret TLS RSA Longhorn --------------------------------------------------------------------------------------------------------------------------------------------------------------------------------------------------------------------------------------- 0.06s
2026-02-28 10:36:36,770 p=181995 u=administrator n=ansible WARNING| [WARNING]: Deprecation warnings can be disabled by setting `deprecation_warnings=False` in ansible.cfg.

2026-02-28 10:36:36,771 p=181995 u=administrator n=ansible INFO| [DEPRECATION WARNING]: community.general.yaml has been deprecated. The plugin has been superseded by the the option `result_format=yaml` in callback plugin ansible.builtin.default from ansible-core 2.13 onwards. This feature will be removed from collection 'community.general' version 12.0.0.

2026-02-28 10:36:36,852 p=181995 u=administrator n=ansible INFO| PLAY [Paheko - Comptabilité associative] ************************************************************************************************************************************************************************************************************************************************
2026-02-28 10:36:36,885 p=181995 u=administrator n=ansible INFO| TASK [Écrire l'Ingress TLS Paheko] ******************************************************************************************************************************************************************************************************************************************************
2026-02-28 10:36:36,885 p=181995 u=administrator n=ansible INFO| samedi 28 février 2026  10:36:36 +0100 (0:00:00.067)       0:00:00.067 ******** 
2026-02-28 10:36:38,682 p=181995 u=administrator n=ansible INFO| changed: [k3s-node-1]
2026-02-28 10:36:38,703 p=181995 u=administrator n=ansible INFO| TASK [Appliquer l'Ingress TLS Paheko] ***************************************************************************************************************************************************************************************************************************************************
2026-02-28 10:36:38,703 p=181995 u=administrator n=ansible INFO| samedi 28 février 2026  10:36:38 +0100 (0:00:01.818)       0:00:01.886 ******** 
2026-02-28 10:36:39,872 p=181995 u=administrator n=ansible INFO| changed: [k3s-node-1]
2026-02-28 10:36:39,896 p=181995 u=administrator n=ansible INFO| TASK [Supprimer le fichier Ingress temporaire] ******************************************************************************************************************************************************************************************************************************************
2026-02-28 10:36:39,896 p=181995 u=administrator n=ansible INFO| samedi 28 février 2026  10:36:39 +0100 (0:00:01.193)       0:00:03.079 ******** 
2026-02-28 10:36:40,782 p=181995 u=administrator n=ansible INFO| changed: [k3s-node-1]
2026-02-28 10:36:40,804 p=181995 u=administrator n=ansible INFO| TASK [Vérifier le type de clé du certificat actuel] *************************************************************************************************************************************************************************************************************************************
2026-02-28 10:36:40,804 p=181995 u=administrator n=ansible INFO| samedi 28 février 2026  10:36:40 +0100 (0:00:00.907)       0:00:03.986 ******** 
2026-02-28 10:36:41,601 p=181995 u=administrator n=ansible INFO| ok: [k3s-node-1]
2026-02-28 10:36:41,624 p=181995 u=administrator n=ansible INFO| TASK [Supprimer l'ancien certificat RSA pour renouvellement ECDSA] **********************************************************************************************************************************************************************************************************************
2026-02-28 10:36:41,624 p=181995 u=administrator n=ansible INFO| samedi 28 février 2026  10:36:41 +0100 (0:00:00.819)       0:00:04.806 ******** 
2026-02-28 10:36:41,664 p=181995 u=administrator n=ansible INFO| skipping: [k3s-node-1]
2026-02-28 10:36:41,686 p=181995 u=administrator n=ansible INFO| TASK [Supprimer l'ancien secret TLS RSA] ************************************************************************************************************************************************************************************************************************************************
2026-02-28 10:36:41,686 p=181995 u=administrator n=ansible INFO| samedi 28 février 2026  10:36:41 +0100 (0:00:00.062)       0:00:04.869 ******** 
2026-02-28 10:36:41,721 p=181995 u=administrator n=ansible INFO| skipping: [k3s-node-1]
2026-02-28 10:36:41,740 p=181995 u=administrator n=ansible INFO| TASK [Écrire l'IngressRoute HTTPS Paheko] ***********************************************************************************************************************************************************************************************************************************************
2026-02-28 10:36:41,740 p=181995 u=administrator n=ansible INFO| samedi 28 février 2026  10:36:41 +0100 (0:00:00.053)       0:00:04.923 ******** 
2026-02-28 10:36:43,013 p=181995 u=administrator n=ansible INFO| changed: [k3s-node-1]
2026-02-28 10:36:43,029 p=181995 u=administrator n=ansible INFO| TASK [Appliquer l'IngressRoute HTTPS Paheko] ********************************************************************************************************************************************************************************************************************************************
2026-02-28 10:36:43,030 p=181995 u=administrator n=ansible INFO| samedi 28 février 2026  10:36:43 +0100 (0:00:01.289)       0:00:06.212 ******** 
2026-02-28 10:36:44,452 p=181995 u=administrator n=ansible INFO| ok: [k3s-node-1]
2026-02-28 10:36:44,474 p=181995 u=administrator n=ansible INFO| TASK [Supprimer le fichier IngressRoute temporaire] *************************************************************************************************************************************************************************************************************************************
2026-02-28 10:36:44,474 p=181995 u=administrator n=ansible INFO| samedi 28 février 2026  10:36:44 +0100 (0:00:01.444)       0:00:07.657 ******** 
2026-02-28 10:36:45,074 p=181995 u=administrator n=ansible INFO| changed: [k3s-node-1]
2026-02-28 10:36:45,077 p=181995 u=administrator n=ansible INFO| PLAY RECAP ******************************************************************************************************************************************************************************************************************************************************************************
2026-02-28 10:36:45,078 p=181995 u=administrator n=ansible INFO| k3s-node-1                 : ok=7    changed=5    unreachable=0    failed=0    skipped=2    rescued=0    ignored=0   
2026-02-28 10:36:45,078 p=181995 u=administrator n=ansible INFO| PLAYBOOK RECAP **************************************************************************************************************************************************************************************************************************************************************************
2026-02-28 10:36:45,078 p=181995 u=administrator n=ansible INFO| Playbook run took 0 days, 0 hours, 0 minutes, 8 seconds

2026-02-28 10:36:45,078 p=181995 u=administrator n=ansible INFO| TASKS RECAP *****************************************************************************************************************************************************************************************************************************************************************************
2026-02-28 10:36:45,079 p=181995 u=administrator n=ansible INFO| samedi 28 février 2026  10:36:45 +0100 (0:00:00.604)       0:00:08.261 ******** 
2026-02-28 10:36:45,079 p=181995 u=administrator n=ansible INFO| =============================================================================== 
2026-02-28 10:36:45,079 p=181995 u=administrator n=ansible INFO| Écrire l'Ingress TLS Paheko ------------------------------------------------------------------------------------------------------------------------------------------------------------------------------------------------------------------------------------------------------ 1.82s
2026-02-28 10:36:45,080 p=181995 u=administrator n=ansible INFO| Appliquer l'IngressRoute HTTPS Paheko -------------------------------------------------------------------------------------------------------------------------------------------------------------------------------------------------------------------------------------------- 1.44s
2026-02-28 10:36:45,080 p=181995 u=administrator n=ansible INFO| Écrire l'IngressRoute HTTPS Paheko ----------------------------------------------------------------------------------------------------------------------------------------------------------------------------------------------------------------------------------------------- 1.29s
2026-02-28 10:36:45,080 p=181995 u=administrator n=ansible INFO| Appliquer l'Ingress TLS Paheko --------------------------------------------------------------------------------------------------------------------------------------------------------------------------------------------------------------------------------------------------- 1.19s
2026-02-28 10:36:45,080 p=181995 u=administrator n=ansible INFO| Supprimer le fichier Ingress temporaire ------------------------------------------------------------------------------------------------------------------------------------------------------------------------------------------------------------------------------------------ 0.91s
2026-02-28 10:36:45,080 p=181995 u=administrator n=ansible INFO| Vérifier le type de clé du certificat actuel ------------------------------------------------------------------------------------------------------------------------------------------------------------------------------------------------------------------------------------- 0.82s
2026-02-28 10:36:45,081 p=181995 u=administrator n=ansible INFO| Supprimer le fichier IngressRoute temporaire ------------------------------------------------------------------------------------------------------------------------------------------------------------------------------------------------------------------------------------- 0.60s
2026-02-28 10:36:45,081 p=181995 u=administrator n=ansible INFO| Supprimer l'ancien certificat RSA pour renouvellement ECDSA ---------------------------------------------------------------------------------------------------------------------------------------------------------------------------------------------------------------------- 0.06s
2026-02-28 10:36:45,081 p=181995 u=administrator n=ansible INFO| Supprimer l'ancien secret TLS RSA ------------------------------------------------------------------------------------------------------------------------------------------------------------------------------------------------------------------------------------------------ 0.05s
2026-02-28 10:36:48,738 p=182510 u=administrator n=ansible WARNING| [WARNING]: Deprecation warnings can be disabled by setting `deprecation_warnings=False` in ansible.cfg.

2026-02-28 10:36:48,739 p=182510 u=administrator n=ansible INFO| [DEPRECATION WARNING]: community.general.yaml has been deprecated. The plugin has been superseded by the the option `result_format=yaml` in callback plugin ansible.builtin.default from ansible-core 2.13 onwards. This feature will be removed from collection 'community.general' version 12.0.0.

2026-02-28 10:36:48,821 p=182510 u=administrator n=ansible INFO| PLAY [Monitoring - Prometheus + Grafana + Alertmanager] *********************************************************************************************************************************************************************************************************************************
2026-02-28 10:36:48,842 p=182510 u=administrator n=ansible INFO| PLAY RECAP ******************************************************************************************************************************************************************************************************************************************************************************
2026-02-28 10:36:48,843 p=182510 u=administrator n=ansible INFO| PLAYBOOK RECAP **************************************************************************************************************************************************************************************************************************************************************************
2026-02-28 10:36:48,843 p=182510 u=administrator n=ansible INFO| Playbook run took 0 days, 0 hours, 0 minutes, 0 seconds

2026-02-28 10:36:48,843 p=182510 u=administrator n=ansible INFO| TASKS RECAP *****************************************************************************************************************************************************************************************************************************************************************************
2026-02-28 10:36:48,843 p=182510 u=administrator n=ansible INFO| samedi 28 février 2026  10:36:48 +0100 (0:00:00.056)       0:00:00.056 ******** 
2026-02-28 10:36:48,843 p=182510 u=administrator n=ansible INFO| =============================================================================== 
2026-02-28 10:36:52,333 p=182626 u=administrator n=ansible WARNING| [WARNING]: Deprecation warnings can be disabled by setting `deprecation_warnings=False` in ansible.cfg.

2026-02-28 10:36:52,334 p=182626 u=administrator n=ansible INFO| [DEPRECATION WARNING]: community.general.yaml has been deprecated. The plugin has been superseded by the the option `result_format=yaml` in callback plugin ansible.builtin.default from ansible-core 2.13 onwards. This feature will be removed from collection 'community.general' version 12.0.0.

2026-02-28 10:36:52,400 p=182626 u=administrator n=ansible INFO| PLAY [Headlamp - Dashboard Kubernetes] **************************************************************************************************************************************************************************************************************************************************
2026-02-28 10:36:52,414 p=182626 u=administrator n=ansible INFO| PLAY RECAP ******************************************************************************************************************************************************************************************************************************************************************************
2026-02-28 10:36:52,414 p=182626 u=administrator n=ansible INFO| PLAYBOOK RECAP **************************************************************************************************************************************************************************************************************************************************************************
2026-02-28 10:36:52,414 p=182626 u=administrator n=ansible INFO| Playbook run took 0 days, 0 hours, 0 minutes, 0 seconds

2026-02-28 10:36:52,415 p=182626 u=administrator n=ansible INFO| TASKS RECAP *****************************************************************************************************************************************************************************************************************************************************************************
2026-02-28 10:36:52,415 p=182626 u=administrator n=ansible INFO| samedi 28 février 2026  10:36:52 +0100 (0:00:00.042)       0:00:00.042 ******** 
2026-02-28 10:36:52,415 p=182626 u=administrator n=ansible INFO| =============================================================================== 
2026-02-28 10:36:55,564 p=182715 u=administrator n=ansible WARNING| [WARNING]: Deprecation warnings can be disabled by setting `deprecation_warnings=False` in ansible.cfg.

2026-02-28 10:36:55,565 p=182715 u=administrator n=ansible INFO| [DEPRECATION WARNING]: community.general.yaml has been deprecated. The plugin has been superseded by the the option `result_format=yaml` in callback plugin ansible.builtin.default from ansible-core 2.13 onwards. This feature will be removed from collection 'community.general' version 12.0.0.

2026-02-28 10:36:55,619 p=182715 u=administrator n=ansible INFO| PLAY [Déploiement de la redirection Kwaba Kinésiologie] *********************************************************************************************************************************************************************************************************************************
2026-02-28 10:36:55,638 p=182715 u=administrator n=ansible INFO| TASK [Gathering Facts] ******************************************************************************************************************************************************************************************************************************************************************
2026-02-28 10:36:55,638 p=182715 u=administrator n=ansible INFO| samedi 28 février 2026  10:36:55 +0100 (0:00:00.025)       0:00:00.026 ******** 
2026-02-28 10:36:59,272 p=182715 u=administrator n=ansible INFO| ok: [k3s-node-1]
2026-02-28 10:36:59,274 p=182715 u=administrator n=ansible INFO| PLAY RECAP ******************************************************************************************************************************************************************************************************************************************************************************
2026-02-28 10:36:59,275 p=182715 u=administrator n=ansible INFO| k3s-node-1                 : ok=1    changed=0    unreachable=0    failed=0    skipped=0    rescued=0    ignored=0   
2026-02-28 10:36:59,275 p=182715 u=administrator n=ansible INFO| PLAYBOOK RECAP **************************************************************************************************************************************************************************************************************************************************************************
2026-02-28 10:36:59,275 p=182715 u=administrator n=ansible INFO| Playbook run took 0 days, 0 hours, 0 minutes, 3 seconds

2026-02-28 10:36:59,275 p=182715 u=administrator n=ansible INFO| TASKS RECAP *****************************************************************************************************************************************************************************************************************************************************************************
2026-02-28 10:36:59,275 p=182715 u=administrator n=ansible INFO| samedi 28 février 2026  10:36:59 +0100 (0:00:03.636)       0:00:03.662 ******** 
2026-02-28 10:36:59,275 p=182715 u=administrator n=ansible INFO| =============================================================================== 
2026-02-28 10:36:59,276 p=182715 u=administrator n=ansible INFO| Gathering Facts ------------------------------------------------------------------------------------------------------------------------------------------------------------------------------------------------------------------------------------------------------------------ 3.64s
2026-02-28 10:37:12,131 p=183237 u=administrator n=ansible WARNING| [WARNING]: Deprecation warnings can be disabled by setting `deprecation_warnings=False` in ansible.cfg.

2026-02-28 10:37:12,131 p=183237 u=administrator n=ansible INFO| [DEPRECATION WARNING]: community.general.yaml has been deprecated. The plugin has been superseded by the the option `result_format=yaml` in callback plugin ansible.builtin.default from ansible-core 2.13 onwards. This feature will be removed from collection 'community.general' version 12.0.0.

2026-02-28 10:37:12,193 p=183237 u=administrator n=ansible INFO| PLAY [Traefik - Ingress Controller] *****************************************************************************************************************************************************************************************************************************************************
2026-02-28 10:37:12,217 p=183237 u=administrator n=ansible INFO| TASK [Ajouter le repo Helm Traefik] *****************************************************************************************************************************************************************************************************************************************************
2026-02-28 10:37:12,217 p=183237 u=administrator n=ansible INFO| samedi 28 février 2026  10:37:12 +0100 (0:00:00.049)       0:00:00.049 ******** 
2026-02-28 10:37:13,156 p=183237 u=administrator n=ansible INFO| ok: [k3s-node-1]
2026-02-28 10:37:13,175 p=183237 u=administrator n=ansible INFO| TASK [Mettre à jour les repos Helm] *****************************************************************************************************************************************************************************************************************************************************
2026-02-28 10:37:13,176 p=183237 u=administrator n=ansible INFO| samedi 28 février 2026  10:37:13 +0100 (0:00:00.958)       0:00:01.008 ******** 
2026-02-28 10:37:15,543 p=183237 u=administrator n=ansible INFO| ok: [k3s-node-1]
2026-02-28 10:37:15,565 p=183237 u=administrator n=ansible INFO| TASK [Vérifier si Traefik est déjà installé] ********************************************************************************************************************************************************************************************************************************************
2026-02-28 10:37:15,565 p=183237 u=administrator n=ansible INFO| samedi 28 février 2026  10:37:15 +0100 (0:00:02.389)       0:00:03.397 ******** 
2026-02-28 10:37:17,196 p=183237 u=administrator n=ansible INFO| ok: [k3s-node-1]
2026-02-28 10:37:17,219 p=183237 u=administrator n=ansible INFO| TASK [Écrire le fichier de valeurs Traefik] *********************************************************************************************************************************************************************************************************************************************
2026-02-28 10:37:17,219 p=183237 u=administrator n=ansible INFO| samedi 28 février 2026  10:37:17 +0100 (0:00:01.654)       0:00:05.052 ******** 
2026-02-28 10:37:19,035 p=183237 u=administrator n=ansible INFO| ok: [k3s-node-1]
2026-02-28 10:37:19,055 p=183237 u=administrator n=ansible INFO| TASK [Installer / Mettre à jour Traefik via Helm] ***************************************************************************************************************************************************************************************************************************************
2026-02-28 10:37:19,055 p=183237 u=administrator n=ansible INFO| samedi 28 février 2026  10:37:19 +0100 (0:00:01.835)       0:00:06.888 ******** 
2026-02-28 10:37:23,409 p=183237 u=administrator n=ansible ERROR| [ERROR]: Task failed: Module failed: non-zero return code
Origin: /home/administrator/git/k3s-kubevirt/playbooks/traefik.yml:189:7

187     # ==========================================================
188
189     - name: Installer / Mettre à jour Traefik via Helm
          ^ column 7


2026-02-28 10:37:23,412 p=183237 u=administrator n=ansible INFO| fatal: [k3s-node-1]: FAILED! => changed=false 
  cmd:
  - helm
  - upgrade
  - --install
  - traefik
  - traefik/traefik
  - --namespace
  - traefik
  - --create-namespace
  - --version
  - 34.2.0
  - --values
  - /tmp/traefik-values.yml
  - --wait
  - --timeout
  - 5m
  delta: '0:00:03.764331'
  end: '2026-02-28 10:37:23.331488'
  msg: non-zero return code
  rc: 1
  start: '2026-02-28 10:37:19.567157'
  stderr: 'Error: UPGRADE FAILED: Unable to continue with update: TLSOption "secure-pro" in namespace "traefik" exists and cannot be imported into the current release: invalid ownership metadata; label validation error: missing key "app.kubernetes.io/managed-by": must be set to "Helm"; annotation validation error: missing key "meta.helm.sh/release-name": must be set to "traefik"; annotation validation error: missing key "meta.helm.sh/release-namespace": must be set to "traefik"'
  stderr_lines: <omitted>
  stdout: ''
  stdout_lines: <omitted>
2026-02-28 10:37:23,414 p=183237 u=administrator n=ansible INFO| PLAY RECAP ******************************************************************************************************************************************************************************************************************************************************************************
2026-02-28 10:37:23,414 p=183237 u=administrator n=ansible INFO| k3s-node-1                 : ok=4    changed=0    unreachable=0    failed=1    skipped=0    rescued=0    ignored=0   
2026-02-28 10:37:23,415 p=183237 u=administrator n=ansible INFO| PLAYBOOK RECAP **************************************************************************************************************************************************************************************************************************************************************************
2026-02-28 10:37:23,415 p=183237 u=administrator n=ansible INFO| Playbook run took 0 days, 0 hours, 0 minutes, 11 seconds

2026-02-28 10:37:23,415 p=183237 u=administrator n=ansible INFO| TASKS RECAP *****************************************************************************************************************************************************************************************************************************************************************************
2026-02-28 10:37:23,415 p=183237 u=administrator n=ansible INFO| samedi 28 février 2026  10:37:23 +0100 (0:00:04.360)       0:00:11.248 ******** 
2026-02-28 10:37:23,416 p=183237 u=administrator n=ansible INFO| =============================================================================== 
2026-02-28 10:37:23,416 p=183237 u=administrator n=ansible INFO| Installer / Mettre à jour Traefik via Helm --------------------------------------------------------------------------------------------------------------------------------------------------------------------------------------------------------------------------------------- 4.36s
2026-02-28 10:37:23,416 p=183237 u=administrator n=ansible INFO| Mettre à jour les repos Helm ----------------------------------------------------------------------------------------------------------------------------------------------------------------------------------------------------------------------------------------------------- 2.39s
2026-02-28 10:37:23,416 p=183237 u=administrator n=ansible INFO| Écrire le fichier de valeurs Traefik --------------------------------------------------------------------------------------------------------------------------------------------------------------------------------------------------------------------------------------------- 1.84s
2026-02-28 10:37:23,417 p=183237 u=administrator n=ansible INFO| Vérifier si Traefik est déjà installé -------------------------------------------------------------------------------------------------------------------------------------------------------------------------------------------------------------------------------------------- 1.65s
2026-02-28 10:37:23,417 p=183237 u=administrator n=ansible INFO| Ajouter le repo Helm Traefik ----------------------------------------------------------------------------------------------------------------------------------------------------------------------------------------------------------------------------------------------------- 0.96s
=======
2026-02-27 18:47:15,160 p=3006235 u=administrator n=ansible INFO| ok: [k3s-node-1]
2026-02-27 18:47:15,183 p=3006235 u=administrator n=ansible INFO| TASK [Écrire le Deployment Nextcloud] *********************************************************************************************************************
2026-02-27 18:47:15,183 p=3006235 u=administrator n=ansible INFO| vendredi 27 février 2026  18:47:15 +0100 (0:00:12.501)       0:00:23.679 ****** 
2026-02-27 18:47:16,478 p=3006235 u=administrator n=ansible INFO| changed: [k3s-node-1]
2026-02-27 18:47:16,506 p=3006235 u=administrator n=ansible INFO| TASK [Appliquer le Deployment Nextcloud] ******************************************************************************************************************
2026-02-27 18:47:16,506 p=3006235 u=administrator n=ansible INFO| vendredi 27 février 2026  18:47:16 +0100 (0:00:01.322)       0:00:25.002 ****** 
2026-02-27 18:47:17,572 p=3006235 u=administrator n=ansible INFO| changed: [k3s-node-1]
2026-02-27 18:47:17,591 p=3006235 u=administrator n=ansible INFO| TASK [Supprimer le fichier Nextcloud temporaire] **********************************************************************************************************
2026-02-27 18:47:17,591 p=3006235 u=administrator n=ansible INFO| vendredi 27 février 2026  18:47:17 +0100 (0:00:01.085)       0:00:26.088 ****** 
2026-02-27 18:47:18,182 p=3006235 u=administrator n=ansible INFO| changed: [k3s-node-1]
2026-02-27 18:47:18,210 p=3006235 u=administrator n=ansible INFO| TASK [Écrire l'Ingress TLS Nextcloud] *********************************************************************************************************************
2026-02-27 18:47:18,210 p=3006235 u=administrator n=ansible INFO| vendredi 27 février 2026  18:47:18 +0100 (0:00:00.618)       0:00:26.706 ****** 
2026-02-27 18:47:19,458 p=3006235 u=administrator n=ansible INFO| changed: [k3s-node-1]
2026-02-27 18:47:19,485 p=3006235 u=administrator n=ansible INFO| TASK [Appliquer l'Ingress TLS Nextcloud] ******************************************************************************************************************
2026-02-27 18:47:19,485 p=3006235 u=administrator n=ansible INFO| vendredi 27 février 2026  18:47:19 +0100 (0:00:01.275)       0:00:27.982 ****** 
2026-02-27 18:47:20,326 p=3006235 u=administrator n=ansible INFO| changed: [k3s-node-1]
2026-02-27 18:47:20,356 p=3006235 u=administrator n=ansible INFO| TASK [Supprimer le fichier Ingress temporaire] ************************************************************************************************************
2026-02-27 18:47:20,356 p=3006235 u=administrator n=ansible INFO| vendredi 27 février 2026  18:47:20 +0100 (0:00:00.870)       0:00:28.852 ****** 
2026-02-27 18:47:20,948 p=3006235 u=administrator n=ansible INFO| changed: [k3s-node-1]
2026-02-27 18:47:20,976 p=3006235 u=administrator n=ansible INFO| TASK [Vérifier le type de clé du certificat actuel] *******************************************************************************************************
2026-02-27 18:47:20,977 p=3006235 u=administrator n=ansible INFO| vendredi 27 février 2026  18:47:20 +0100 (0:00:00.620)       0:00:29.473 ****** 
2026-02-27 18:47:21,793 p=3006235 u=administrator n=ansible INFO| ok: [k3s-node-1]
2026-02-27 18:47:21,813 p=3006235 u=administrator n=ansible INFO| TASK [Supprimer l'ancien certificat RSA pour renouvellement ECDSA] ****************************************************************************************
2026-02-27 18:47:21,813 p=3006235 u=administrator n=ansible INFO| vendredi 27 février 2026  18:47:21 +0100 (0:00:00.836)       0:00:30.309 ****** 
2026-02-27 18:47:22,609 p=3006235 u=administrator n=ansible INFO| changed: [k3s-node-1]
2026-02-27 18:47:22,646 p=3006235 u=administrator n=ansible INFO| TASK [Supprimer l'ancien secret TLS RSA] ******************************************************************************************************************
2026-02-27 18:47:22,646 p=3006235 u=administrator n=ansible INFO| vendredi 27 février 2026  18:47:22 +0100 (0:00:00.833)       0:00:31.142 ****** 
2026-02-27 18:47:23,422 p=3006235 u=administrator n=ansible INFO| changed: [k3s-node-1]
2026-02-27 18:47:23,442 p=3006235 u=administrator n=ansible INFO| TASK [Écrire l'IngressRoute HTTPS Nextcloud] **************************************************************************************************************
2026-02-27 18:47:23,442 p=3006235 u=administrator n=ansible INFO| vendredi 27 février 2026  18:47:23 +0100 (0:00:00.795)       0:00:31.938 ****** 
2026-02-27 18:47:24,712 p=3006235 u=administrator n=ansible INFO| changed: [k3s-node-1]
2026-02-27 18:47:24,730 p=3006235 u=administrator n=ansible INFO| TASK [Appliquer l'IngressRoute HTTPS Nextcloud] ***********************************************************************************************************
2026-02-27 18:47:24,730 p=3006235 u=administrator n=ansible INFO| vendredi 27 février 2026  18:47:24 +0100 (0:00:01.288)       0:00:33.227 ****** 
2026-02-27 18:47:25,694 p=3006235 u=administrator n=ansible INFO| changed: [k3s-node-1]
2026-02-27 18:47:25,724 p=3006235 u=administrator n=ansible INFO| TASK [Supprimer le fichier IngressRoute temporaire] *******************************************************************************************************
2026-02-27 18:47:25,725 p=3006235 u=administrator n=ansible INFO| vendredi 27 février 2026  18:47:25 +0100 (0:00:00.994)       0:00:34.221 ****** 
2026-02-27 18:47:26,298 p=3006235 u=administrator n=ansible INFO| changed: [k3s-node-1]
2026-02-27 18:47:26,323 p=3006235 u=administrator n=ansible INFO| TASK [Attendre que tous les pods Nextcloud soient Ready] **************************************************************************************************
2026-02-27 18:47:26,324 p=3006235 u=administrator n=ansible INFO| vendredi 27 février 2026  18:47:26 +0100 (0:00:00.598)       0:00:34.820 ****** 
2026-02-27 18:48:32,390 p=3006235 u=administrator n=ansible INFO| ok: [k3s-node-1]
2026-02-27 18:48:32,420 p=3006235 u=administrator n=ansible INFO| TASK [Vérifier les pods Nextcloud] ************************************************************************************************************************
2026-02-27 18:48:32,421 p=3006235 u=administrator n=ansible INFO| vendredi 27 février 2026  18:48:32 +0100 (0:01:06.097)       0:01:40.917 ****** 
2026-02-27 18:48:33,221 p=3006235 u=administrator n=ansible INFO| ok: [k3s-node-1]
2026-02-27 18:48:33,252 p=3006235 u=administrator n=ansible INFO| TASK [Vérifier les services Nextcloud] ********************************************************************************************************************
2026-02-27 18:48:33,253 p=3006235 u=administrator n=ansible INFO| vendredi 27 février 2026  18:48:33 +0100 (0:00:00.831)       0:01:41.749 ****** 
2026-02-27 18:48:34,009 p=3006235 u=administrator n=ansible INFO| ok: [k3s-node-1]
2026-02-27 18:48:34,037 p=3006235 u=administrator n=ansible INFO| TASK [Vérifier les PVC Nextcloud] *************************************************************************************************************************
2026-02-27 18:48:34,038 p=3006235 u=administrator n=ansible INFO| vendredi 27 février 2026  18:48:34 +0100 (0:00:00.785)       0:01:42.534 ****** 
2026-02-27 18:48:34,806 p=3006235 u=administrator n=ansible INFO| ok: [k3s-node-1]
2026-02-27 18:48:34,834 p=3006235 u=administrator n=ansible INFO| TASK [Vérifier l'Ingress Nextcloud] ***********************************************************************************************************************
2026-02-27 18:48:34,834 p=3006235 u=administrator n=ansible INFO| vendredi 27 février 2026  18:48:34 +0100 (0:00:00.796)       0:01:43.331 ****** 
2026-02-27 18:48:35,619 p=3006235 u=administrator n=ansible INFO| ok: [k3s-node-1]
2026-02-27 18:48:35,647 p=3006235 u=administrator n=ansible INFO| TASK [Vérifier le certificat Nextcloud] *******************************************************************************************************************
2026-02-27 18:48:35,647 p=3006235 u=administrator n=ansible INFO| vendredi 27 février 2026  18:48:35 +0100 (0:00:00.812)       0:01:44.144 ****** 
2026-02-27 18:48:36,457 p=3006235 u=administrator n=ansible INFO| ok: [k3s-node-1]
2026-02-27 18:48:36,483 p=3006235 u=administrator n=ansible INFO| TASK [Attendre que Nextcloud soit prêt pour la configuration LDAP] ****************************************************************************************
2026-02-27 18:48:36,484 p=3006235 u=administrator n=ansible INFO| vendredi 27 février 2026  18:48:36 +0100 (0:00:00.836)       0:01:44.980 ****** 
2026-02-27 18:48:37,339 p=3006235 u=administrator n=ansible INFO| ok: [k3s-node-1]
2026-02-27 18:48:37,367 p=3006235 u=administrator n=ansible INFO| TASK [Attendre que le pod Samba soit prêt] ****************************************************************************************************************
2026-02-27 18:48:37,367 p=3006235 u=administrator n=ansible INFO| vendredi 27 février 2026  18:48:37 +0100 (0:00:00.883)       0:01:45.863 ****** 
2026-02-27 18:48:38,292 p=3006235 u=administrator n=ansible INFO| ok: [k3s-node-1]
2026-02-27 18:48:38,328 p=3006235 u=administrator n=ansible INFO| TASK [Tester la connectivité réseau vers le DC (192.168.0.100:389)] ***************************************************************************************
2026-02-27 18:48:38,328 p=3006235 u=administrator n=ansible INFO| vendredi 27 février 2026  18:48:38 +0100 (0:00:00.960)       0:01:46.824 ****** 
2026-02-27 18:48:39,204 p=3006235 u=administrator n=ansible INFO| ok: [k3s-node-1]
2026-02-27 18:48:39,232 p=3006235 u=administrator n=ansible INFO| TASK [Résultat connectivité LDAP] *************************************************************************************************************************
2026-02-27 18:48:39,232 p=3006235 u=administrator n=ansible INFO| vendredi 27 février 2026  18:48:39 +0100 (0:00:00.904)       0:01:47.729 ****** 
2026-02-27 18:48:39,303 p=3006235 u=administrator n=ansible INFO| ok: [k3s-node-1] => 
  msg: ' OK - Le pod Nextcloud peut joindre 192.168.0.100:389 '
2026-02-27 18:48:39,333 p=3006235 u=administrator n=ansible INFO| TASK [Vérifier si le compte AD s_next_ad existe] **********************************************************************************************************
2026-02-27 18:48:39,334 p=3006235 u=administrator n=ansible INFO| vendredi 27 février 2026  18:48:39 +0100 (0:00:00.101)       0:01:47.830 ****** 
2026-02-27 18:48:40,425 p=3006235 u=administrator n=ansible INFO| ok: [k3s-node-1]
2026-02-27 18:48:40,457 p=3006235 u=administrator n=ansible INFO| TASK [Créer le compte AD s_next_ad (via net rpc)] *********************************************************************************************************
2026-02-27 18:48:40,457 p=3006235 u=administrator n=ansible INFO| vendredi 27 février 2026  18:48:40 +0100 (0:00:01.123)       0:01:48.954 ****** 
2026-02-27 18:48:40,486 p=3006235 u=administrator n=ansible INFO| skipping: [k3s-node-1]
2026-02-27 18:48:40,513 p=3006235 u=administrator n=ansible INFO| TASK [Résultat création compte AD] ************************************************************************************************************************
2026-02-27 18:48:40,514 p=3006235 u=administrator n=ansible INFO| vendredi 27 février 2026  18:48:40 +0100 (0:00:00.056)       0:01:49.010 ****** 
2026-02-27 18:48:40,587 p=3006235 u=administrator n=ansible INFO| ok: [k3s-node-1] => 
  msg: ' OK - Le compte s_next_ad existe déjà dans AD '
2026-02-27 18:48:40,621 p=3006235 u=administrator n=ansible INFO| TASK [Définir le mot de passe à ne jamais expirer] ********************************************************************************************************
2026-02-27 18:48:40,622 p=3006235 u=administrator n=ansible INFO| vendredi 27 février 2026  18:48:40 +0100 (0:00:00.107)       0:01:49.118 ****** 
2026-02-27 18:48:41,590 p=3006235 u=administrator n=ansible ERROR| [ERROR]: non-zero return code

2026-02-27 18:48:41,590 p=3006235 u=administrator n=ansible INFO| changed: [k3s-node-1]
2026-02-27 18:48:41,613 p=3006235 u=administrator n=ansible INFO| TASK [Activer l'app user_ldap dans Nextcloud] *************************************************************************************************************
2026-02-27 18:48:41,613 p=3006235 u=administrator n=ansible INFO| vendredi 27 février 2026  18:48:41 +0100 (0:00:00.991)       0:01:50.109 ****** 
2026-02-27 18:48:44,758 p=3006235 u=administrator n=ansible INFO| changed: [k3s-node-1]
2026-02-27 18:48:44,786 p=3006235 u=administrator n=ansible INFO| TASK [Lister les configurations LDAP existantes] **********************************************************************************************************
2026-02-27 18:48:44,786 p=3006235 u=administrator n=ansible INFO| vendredi 27 février 2026  18:48:44 +0100 (0:00:03.173)       0:01:53.283 ****** 
2026-02-27 18:48:46,308 p=3006235 u=administrator n=ansible INFO| ok: [k3s-node-1]
2026-02-27 18:48:46,329 p=3006235 u=administrator n=ansible INFO| TASK [Supprimer les configurations LDAP orphelines (s02, s03, ...)] ***************************************************************************************
2026-02-27 18:48:46,330 p=3006235 u=administrator n=ansible INFO| vendredi 27 février 2026  18:48:46 +0100 (0:00:01.543)       0:01:54.826 ****** 
2026-02-27 18:48:46,378 p=3006235 u=administrator n=ansible INFO| skipping: [k3s-node-1]
2026-02-27 18:48:46,398 p=3006235 u=administrator n=ansible INFO| TASK [Créer la configuration LDAP s01 (si absente)] *******************************************************************************************************
2026-02-27 18:48:46,399 p=3006235 u=administrator n=ansible INFO| vendredi 27 février 2026  18:48:46 +0100 (0:00:00.068)       0:01:54.895 ****** 
2026-02-27 18:48:47,976 p=3006235 u=administrator n=ansible INFO| changed: [k3s-node-1]
2026-02-27 18:48:48,004 p=3006235 u=administrator n=ansible INFO| TASK [Configurer le backend LDAP (connexion AD)] **********************************************************************************************************
2026-02-27 18:48:48,005 p=3006235 u=administrator n=ansible INFO| vendredi 27 février 2026  18:48:48 +0100 (0:00:01.605)       0:01:56.501 ****** 
2026-02-27 18:48:49,543 p=3006235 u=administrator n=ansible INFO| changed: [k3s-node-1] => (item=ldapHost)
2026-02-27 18:48:51,021 p=3006235 u=administrator n=ansible INFO| changed: [k3s-node-1] => (item=ldapPort)
2026-02-27 18:48:52,478 p=3006235 u=administrator n=ansible INFO| changed: [k3s-node-1] => (item=ldapAgentName)
2026-02-27 18:48:53,944 p=3006235 u=administrator n=ansible INFO| changed: [k3s-node-1] => (item=ldapAgentPassword)
2026-02-27 18:48:55,415 p=3006235 u=administrator n=ansible INFO| changed: [k3s-node-1] => (item=ldapBase)
2026-02-27 18:48:56,885 p=3006235 u=administrator n=ansible INFO| changed: [k3s-node-1] => (item=ldapTLS)
2026-02-27 18:48:58,336 p=3006235 u=administrator n=ansible INFO| changed: [k3s-node-1] => (item=turnOffCertCheck)
2026-02-27 18:48:59,817 p=3006235 u=administrator n=ansible INFO| changed: [k3s-node-1] => (item=ldapBaseUsers)
2026-02-27 18:49:01,337 p=3006235 u=administrator n=ansible INFO| changed: [k3s-node-1] => (item=ldapUserFilter)
2026-02-27 18:49:02,820 p=3006235 u=administrator n=ansible INFO| changed: [k3s-node-1] => (item=ldapUserFilterObjectclass)
2026-02-27 18:49:04,377 p=3006235 u=administrator n=ansible INFO| changed: [k3s-node-1] => (item=ldapUserDisplayName)
2026-02-27 18:49:05,842 p=3006235 u=administrator n=ansible INFO| changed: [k3s-node-1] => (item=ldapEmailAttribute)
2026-02-27 18:49:07,303 p=3006235 u=administrator n=ansible INFO| changed: [k3s-node-1] => (item=ldapExpertUsernameAttr)
2026-02-27 18:49:08,807 p=3006235 u=administrator n=ansible INFO| changed: [k3s-node-1] => (item=ldapExpertUUIDUserAttr)
2026-02-27 18:49:10,280 p=3006235 u=administrator n=ansible INFO| changed: [k3s-node-1] => (item=ldapLoginFilter)
2026-02-27 18:49:11,775 p=3006235 u=administrator n=ansible INFO| changed: [k3s-node-1] => (item=ldapLoginFilterUsername)
2026-02-27 18:49:13,294 p=3006235 u=administrator n=ansible INFO| changed: [k3s-node-1] => (item=ldapBaseGroups)
2026-02-27 18:49:14,777 p=3006235 u=administrator n=ansible INFO| changed: [k3s-node-1] => (item=ldapGroupFilter)
2026-02-27 18:49:16,232 p=3006235 u=administrator n=ansible INFO| changed: [k3s-node-1] => (item=ldapGroupFilterObjectclass)
2026-02-27 18:49:17,695 p=3006235 u=administrator n=ansible INFO| changed: [k3s-node-1] => (item=ldapGroupMemberAssocAttr)
2026-02-27 18:49:19,195 p=3006235 u=administrator n=ansible INFO| changed: [k3s-node-1] => (item=ldapExpertUUIDGroupAttr)
2026-02-27 18:49:20,671 p=3006235 u=administrator n=ansible INFO| changed: [k3s-node-1] => (item=hasMemberOfFilterSupport)
2026-02-27 18:49:22,151 p=3006235 u=administrator n=ansible INFO| changed: [k3s-node-1] => (item=useMemberOfToDetectMembership)
2026-02-27 18:49:23,613 p=3006235 u=administrator n=ansible INFO| changed: [k3s-node-1] => (item=ldapConfigurationActive)
2026-02-27 18:49:23,667 p=3006235 u=administrator n=ansible INFO| TASK [Vérifier la connexion LDAP (test-config s01)] *******************************************************************************************************
2026-02-27 18:49:23,667 p=3006235 u=administrator n=ansible INFO| vendredi 27 février 2026  18:49:23 +0100 (0:00:35.662)       0:02:32.164 ****** 
2026-02-27 18:49:25,187 p=3006235 u=administrator n=ansible INFO| ok: [k3s-node-1]
2026-02-27 18:49:25,216 p=3006235 u=administrator n=ansible INFO| TASK [Afficher la configuration LDAP complète] ************************************************************************************************************
2026-02-27 18:49:25,216 p=3006235 u=administrator n=ansible INFO| vendredi 27 février 2026  18:49:25 +0100 (0:00:01.548)       0:02:33.712 ****** 
2026-02-27 18:49:26,776 p=3006235 u=administrator n=ansible INFO| ok: [k3s-node-1]
2026-02-27 18:49:26,805 p=3006235 u=administrator n=ansible INFO| TASK [Résultat du test LDAP] ******************************************************************************************************************************
2026-02-27 18:49:26,805 p=3006235 u=administrator n=ansible INFO| vendredi 27 février 2026  18:49:26 +0100 (0:00:01.589)       0:02:35.302 ****** 
2026-02-27 18:49:26,884 p=3006235 u=administrator n=ansible INFO| ok: [k3s-node-1] => 
  msg:
  - '--- Test LDAP ---'
  - - The configuration is valid, but the bind failed. Please check the server settings and credentials.
  - - command terminated with exit code 1
  - '--- Configuration s01 ---'
  - - +-------------------------------+-----------------------------------------------------------------------+
    - '| Configuration                 | s01                                                                   |'
    - +-------------------------------+-----------------------------------------------------------------------+
    - '| hasMemberOfFilterSupport      | 1                                                                     |'
    - '| homeFolderNamingRule          |                                                                       |'
    - '| lastJpegPhotoLookup           | 0                                                                     |'
    - '| ldapAdminGroup                |                                                                       |'
    - '| ldapAgentName                 | CN=s_next_ad,CN=Users,DC=corp,DC=lcl                                  |'
    - '| ldapAgentPassword             | ***                                                                   |'
    - '| ldapAttributeAddress          |                                                                       |'
    - '| ldapAttributeBiography        |                                                                       |'
    - '| ldapAttributeFediverse        |                                                                       |'
    - '| ldapAttributeHeadline         |                                                                       |'
    - '| ldapAttributeOrganisation     |                                                                       |'
    - '| ldapAttributePhone            |                                                                       |'
    - '| ldapAttributeRole             |                                                                       |'
    - '| ldapAttributeTwitter          |                                                                       |'
    - '| ldapAttributeWebsite          |                                                                       |'
    - '| ldapAttributesForGroupSearch  |                                                                       |'
    - '| ldapAttributesForUserSearch   |                                                                       |'
    - '| ldapBackgroundHost            |                                                                       |'
    - '| ldapBackgroundPort            |                                                                       |'
    - '| ldapBackupHost                |                                                                       |'
    - '| ldapBackupPort                |                                                                       |'
    - '| ldapBase                      | DC=corp,DC=lcl                                                        |'
    - '| ldapBaseGroups                | CN=Users,DC=corp,DC=lcl                                               |'
    - '| ldapBaseUsers                 | CN=Users,DC=corp,DC=lcl                                               |'
    - '| ldapCacheTTL                  | 600                                                                   |'
    - '| ldapConfigurationActive       | 1                                                                     |'
    - '| ldapConnectionTimeout         | 15                                                                    |'
    - '| ldapDefaultPPolicyDN          |                                                                       |'
    - '| ldapDynamicGroupMemberURL     |                                                                       |'
    - '| ldapEmailAttribute            | mail                                                                  |'
    - '| ldapExperiencedAdmin          | 0                                                                     |'
    - '| ldapExpertUUIDGroupAttr       | cn                                                                    |'
    - '| ldapExpertUUIDUserAttr        | samaccountname                                                        |'
    - '| ldapExpertUsernameAttr        | samaccountname                                                        |'
    - '| ldapExtStorageHomeAttribute   |                                                                       |'
    - '| ldapGidNumber                 | gidnumber                                                             |'
    - '| ldapGroupDisplayName          | cn                                                                    |'
    - '| ldapGroupFilter               | (objectClass=group)                                                   |'
    - '| ldapGroupFilterGroups         |                                                                       |'
    - '| ldapGroupFilterMode           | 0                                                                     |'
    - '| ldapGroupFilterObjectclass    | group                                                                 |'
    - '| ldapGroupMemberAssocAttr      | member                                                                |'
    - '| ldapHost                      | ldap://192.168.0.100                                                  |'
    - '| ldapIgnoreNamingRules         |                                                                       |'
    - '| ldapLoginFilter               | (&(objectClass=user)(|(sAMAccountName=%uid)(userPrincipalName=%uid))) |'
    - '| ldapLoginFilterAttributes     |                                                                       |'
    - '| ldapLoginFilterEmail          | 0                                                                     |'
    - '| ldapLoginFilterMode           | 0                                                                     |'
    - '| ldapLoginFilterUsername       | 1                                                                     |'
    - '| ldapMatchingRuleInChainState  | unknown                                                               |'
    - '| ldapNestedGroups              | 0                                                                     |'
    - '| ldapOverrideMainServer        |                                                                       |'
    - '| ldapPagingSize                | 500                                                                   |'
    - '| ldapPort                      | 389                                                                   |'
    - '| ldapQuotaAttribute            |                                                                       |'
    - '| ldapQuotaDefault              |                                                                       |'
    - '| ldapTLS                       | 0                                                                     |'
    - '| ldapUserAvatarRule            | default                                                               |'
    - '| ldapUserDisplayName           | displayName                                                           |'
    - '| ldapUserDisplayName2          |                                                                       |'
    - '| ldapUserFilter                | (&(objectClass=user)(!(objectClass=computer)))                        |'
    - '| ldapUserFilterGroups          |                                                                       |'
    - '| ldapUserFilterMode            | 0                                                                     |'
    - '| ldapUserFilterObjectclass     | user                                                                  |'
    - '| ldapUuidGroupAttribute        | auto                                                                  |'
    - '| ldapUuidUserAttribute         | auto                                                                  |'
    - '| markRemnantsAsDisabled        | 0                                                                     |'
    - '| turnOffCertCheck              | 1                                                                     |'
    - '| turnOnPasswordChange          | 0                                                                     |'
    - '| useMemberOfToDetectMembership | 1                                                                     |'
    - +-------------------------------+-----------------------------------------------------------------------+
2026-02-27 18:49:26,905 p=3006235 u=administrator n=ansible INFO| TASK [Afficher les dernières erreurs du log Nextcloud (si test LDAP échoué)] ******************************************************************************
2026-02-27 18:49:26,905 p=3006235 u=administrator n=ansible INFO| vendredi 27 février 2026  18:49:26 +0100 (0:00:00.100)       0:02:35.402 ****** 
2026-02-27 18:49:28,455 p=3006235 u=administrator n=ansible INFO| ok: [k3s-node-1]
2026-02-27 18:49:28,475 p=3006235 u=administrator n=ansible INFO| TASK [Log Nextcloud (dernières entrées)] ******************************************************************************************************************
2026-02-27 18:49:28,475 p=3006235 u=administrator n=ansible INFO| vendredi 27 février 2026  18:49:28 +0100 (0:00:01.569)       0:02:36.971 ****** 
2026-02-27 18:49:28,548 p=3006235 u=administrator n=ansible INFO| ok: [k3s-node-1] => 
  msg:
  - ' --------- ----------- --------------------- --------------------------- '
  - '  Level     App         Message               Time                       '
  - ' --------- ----------- --------------------- --------------------------- '
  - '  Warning   user_ldap   Bind failed: 49:      2026-02-27T17:49:25+00:00  '
  - '                        Invalid credentials                              '
  - '                                                                         '
  - ' --------- ----------- --------------------- --------------------------- '
2026-02-27 18:49:28,574 p=3006235 u=administrator n=ansible INFO| TASK [Résumé Nextcloud] ***********************************************************************************************************************************
2026-02-27 18:49:28,574 p=3006235 u=administrator n=ansible INFO| vendredi 27 février 2026  18:49:28 +0100 (0:00:00.099)       0:02:37.071 ****** 
2026-02-27 18:49:28,676 p=3006235 u=administrator n=ansible INFO| ok: [k3s-node-1] => 
  msg:
  - ================================================================
  - '  Nextcloud déployé'
  - ================================================================
  - 'Namespace    : nextcloud'
  - 'URL publique : https://nextcloud.app.xixtu.eu'
  - 'TLS          : cert-manager / letsencrypt-production (ECDSA P-256)'
  - 'PostgreSQL   : postgres:16-bookworm (5Gi)'
  - 'Data         : 50Gi (longhorn-fast)'
  - 'Upload max   : 10 Go'
  - 'LDAP/AD      : dc1.corp.lcl (192.168.0.100:389)'
  - 'LDAP bind    : s_next_ad'
  - ================================================================
  - '  Pods'
  - ================================================================
  - - NAME                                  READY   STATUS    RESTARTS   AGE   IP            NODE         NOMINATED NODE   READINESS GATES
    - nextcloud-648c5d9db6-9ms5w            1/1     Running   0          76s   10.42.1.104   k3s-node-2   <none>           <none>
    - nextcloud-postgres-56bfb786f4-j2f9b   1/1     Running   0          92s   10.42.2.106   k3s-node-3   <none>           <none>
  - ================================================================
  - '  Services'
  - ================================================================
  - - NAME                 TYPE        CLUSTER-IP      EXTERNAL-IP   PORT(S)    AGE
    - nextcloud-postgres   ClusterIP   10.43.245.172   <none>        5432/TCP   92s
    - nextcloud-service    ClusterIP   10.43.126.129   <none>        80/TCP     76s
  - ================================================================
  - '  PVC'
  - ================================================================
  - - NAME                STATUS   VOLUME                                     CAPACITY   ACCESS MODES   STORAGECLASS    VOLUMEATTRIBUTESCLASS   AGE
    - nextcloud-data      Bound    pvc-cfc0a0e7-dc32-4139-bc2f-6e89e8da988e   50Gi       RWO            longhorn-fast   <unset>                 96s
    - nextcloud-db-data   Bound    pvc-38b69319-4785-4114-9996-542ddd8a01d5   5Gi        RWO            longhorn-fast   <unset>                 96s
  - ================================================================
  - '  Ingress'
  - ================================================================
  - - NAME                CLASS     HOSTS                    ADDRESS        PORTS     AGE
    - nextcloud-ingress   traefik   nextcloud.app.xixtu.eu   192.168.0.20   80, 443   75s
  - ================================================================
  - '  Certificat'
  - ================================================================
  - - NAME            READY   SECRET          AGE
    - nextcloud-tls   True    nextcloud-tls   74s
  - ================================================================
  - ''
  - '  AUTHENTIFICATION : LDAP / Active Directory'
  - '  ────────────────────────────────────────'
  - '  Les utilisateurs AD se connectent avec leur sAMAccountName'
  - '  Ex: jean.dupont / <mot_de_passe_AD>'
  - '  Les groupes AD sont synchronises automatiquement'
  - ''
  - '  STOCKAGE EXTERNE (SMB) - post-deploiement :'
  - '  ────────────────────────────────────────'
  - '  1. Administration > Applications > Activer ''External storage support'''
  - '  2. Administration > Stockages externes > Ajouter :'
  - '     Type  : SMB/CIFS'
  - '     Host  : samba-service.nas.svc.cluster.local'
  - '     Share : media (ou documents / shared)'
  - '     Auth  : User entered, stored in database'
  - '     → Chaque utilisateur saisit ses identifiants AD (user@corp.lcl)'
  - ''
  - '  IMPORTANT : Changer admin_password et db_password !'
  - ''
  - ================================================================
2026-02-27 18:49:28,679 p=3006235 u=administrator n=ansible INFO| PLAY RECAP ************************************************************************************************************************************************
2026-02-27 18:49:28,680 p=3006235 u=administrator n=ansible INFO| k3s-node-1                 : ok=45   changed=24   unreachable=0    failed=0    skipped=2    rescued=0    ignored=0   
2026-02-27 18:49:28,680 p=3006235 u=administrator n=ansible INFO| PLAYBOOK RECAP ********************************************************************************************************************************************
2026-02-27 18:49:28,680 p=3006235 u=administrator n=ansible INFO| Playbook run took 0 days, 0 hours, 2 minutes, 37 seconds

2026-02-27 18:49:28,681 p=3006235 u=administrator n=ansible INFO| TASKS RECAP ***********************************************************************************************************************************************
2026-02-27 18:49:28,681 p=3006235 u=administrator n=ansible INFO| vendredi 27 février 2026  18:49:28 +0100 (0:00:00.106)       0:02:37.177 ****** 
2026-02-27 18:49:28,681 p=3006235 u=administrator n=ansible INFO| =============================================================================== 
2026-02-27 18:49:28,681 p=3006235 u=administrator n=ansible INFO| Attendre que tous les pods Nextcloud soient Ready ------------------------------------------------------------------------------------------------- 66.10s
2026-02-27 18:49:28,682 p=3006235 u=administrator n=ansible INFO| Configurer le backend LDAP (connexion AD) --------------------------------------------------------------------------------------------------------- 35.66s
2026-02-27 18:49:28,682 p=3006235 u=administrator n=ansible INFO| Attendre que PostgreSQL soit Ready ---------------------------------------------------------------------------------------------------------------- 12.50s
2026-02-27 18:49:28,682 p=3006235 u=administrator n=ansible INFO| Activer l'app user_ldap dans Nextcloud ------------------------------------------------------------------------------------------------------------- 3.17s
2026-02-27 18:49:28,682 p=3006235 u=administrator n=ansible INFO| Créer le namespace nextcloud ----------------------------------------------------------------------------------------------------------------------- 2.17s
2026-02-27 18:49:28,682 p=3006235 u=administrator n=ansible INFO| Écrire les PVC Nextcloud --------------------------------------------------------------------------------------------------------------------------- 1.89s
2026-02-27 18:49:28,683 p=3006235 u=administrator n=ansible INFO| Créer la configuration LDAP s01 (si absente) ------------------------------------------------------------------------------------------------------- 1.61s
2026-02-27 18:49:28,683 p=3006235 u=administrator n=ansible INFO| Afficher la configuration LDAP complète ------------------------------------------------------------------------------------------------------------ 1.59s
2026-02-27 18:49:28,683 p=3006235 u=administrator n=ansible INFO| Afficher les dernières erreurs du log Nextcloud (si test LDAP échoué) ------------------------------------------------------------------------------ 1.57s
2026-02-27 18:49:28,683 p=3006235 u=administrator n=ansible INFO| Vérifier la connexion LDAP (test-config s01) ------------------------------------------------------------------------------------------------------- 1.55s
2026-02-27 18:49:28,683 p=3006235 u=administrator n=ansible INFO| Lister les configurations LDAP existantes ---------------------------------------------------------------------------------------------------------- 1.54s
2026-02-27 18:49:28,683 p=3006235 u=administrator n=ansible INFO| Écrire le Deployment Nextcloud --------------------------------------------------------------------------------------------------------------------- 1.32s
2026-02-27 18:49:28,684 p=3006235 u=administrator n=ansible INFO| Écrire l'IngressRoute HTTPS Nextcloud -------------------------------------------------------------------------------------------------------------- 1.29s
2026-02-27 18:49:28,684 p=3006235 u=administrator n=ansible INFO| Écrire l'Ingress TLS Nextcloud --------------------------------------------------------------------------------------------------------------------- 1.28s
2026-02-27 18:49:28,684 p=3006235 u=administrator n=ansible INFO| Écrire le Deployment PostgreSQL -------------------------------------------------------------------------------------------------------------------- 1.26s
2026-02-27 18:49:28,684 p=3006235 u=administrator n=ansible INFO| Appliquer les PVC Nextcloud ------------------------------------------------------------------------------------------------------------------------ 1.12s
2026-02-27 18:49:28,684 p=3006235 u=administrator n=ansible INFO| Vérifier si le compte AD s_next_ad existe ---------------------------------------------------------------------------------------------------------- 1.12s
2026-02-27 18:49:28,685 p=3006235 u=administrator n=ansible INFO| Appliquer le Deployment PostgreSQL ----------------------------------------------------------------------------------------------------------------- 1.10s
2026-02-27 18:49:28,685 p=3006235 u=administrator n=ansible INFO| Appliquer le Deployment Nextcloud ------------------------------------------------------------------------------------------------------------------ 1.09s
2026-02-27 18:49:28,685 p=3006235 u=administrator n=ansible INFO| Créer le Secret Nextcloud admin -------------------------------------------------------------------------------------------------------------------- 1.00s
2026-02-27 19:08:39,302 p=3047046 u=administrator n=ansible WARNING| [WARNING]: Deprecation warnings can be disabled by setting `deprecation_warnings=False` in ansible.cfg.

2026-02-27 19:08:39,303 p=3047046 u=administrator n=ansible INFO| [DEPRECATION WARNING]: community.general.yaml has been deprecated. The plugin has been superseded by the the option `result_format=yaml` in callback plugin ansible.builtin.default from ansible-core 2.13 onwards. This feature will be removed from collection 'community.general' version 12.0.0.

2026-02-27 19:08:39,392 p=3047046 u=administrator n=ansible INFO| PLAY [Nextcloud - Cloud personnel avec External Storage SMB] **********************************************************************
2026-02-27 19:08:39,428 p=3047046 u=administrator n=ansible INFO| TASK [Créer le namespace nextcloud] ***********************************************************************************************
2026-02-27 19:08:39,429 p=3047046 u=administrator n=ansible INFO| vendredi 27 février 2026  19:08:39 +0100 (0:00:00.080)       0:00:00.080 ****** 
2026-02-27 19:08:42,118 p=3047046 u=administrator n=ansible INFO| changed: [k3s-node-1]
2026-02-27 19:08:42,142 p=3047046 u=administrator n=ansible INFO| TASK [Créer le Secret PostgreSQL] *************************************************************************************************
2026-02-27 19:08:42,142 p=3047046 u=administrator n=ansible INFO| vendredi 27 février 2026  19:08:42 +0100 (0:00:02.713)       0:00:02.794 ****** 
2026-02-27 19:08:43,112 p=3047046 u=administrator n=ansible INFO| changed: [k3s-node-1]
2026-02-27 19:08:43,138 p=3047046 u=administrator n=ansible INFO| TASK [Créer le Secret Nextcloud admin] ********************************************************************************************
2026-02-27 19:08:43,139 p=3047046 u=administrator n=ansible INFO| vendredi 27 février 2026  19:08:43 +0100 (0:00:00.996)       0:00:03.790 ****** 
2026-02-27 19:08:44,089 p=3047046 u=administrator n=ansible INFO| changed: [k3s-node-1]
2026-02-27 19:08:44,117 p=3047046 u=administrator n=ansible INFO| TASK [Écrire les PVC Nextcloud] ***************************************************************************************************
2026-02-27 19:08:44,117 p=3047046 u=administrator n=ansible INFO| vendredi 27 février 2026  19:08:44 +0100 (0:00:00.978)       0:00:04.768 ****** 
2026-02-27 19:08:45,943 p=3047046 u=administrator n=ansible INFO| changed: [k3s-node-1]
2026-02-27 19:08:45,969 p=3047046 u=administrator n=ansible INFO| TASK [Appliquer les PVC Nextcloud] ************************************************************************************************
2026-02-27 19:08:45,970 p=3047046 u=administrator n=ansible INFO| vendredi 27 février 2026  19:08:45 +0100 (0:00:01.852)       0:00:06.621 ****** 
2026-02-27 19:08:47,038 p=3047046 u=administrator n=ansible INFO| changed: [k3s-node-1]
2026-02-27 19:08:47,075 p=3047046 u=administrator n=ansible INFO| TASK [Supprimer le fichier PVC temporaire] ****************************************************************************************
2026-02-27 19:08:47,076 p=3047046 u=administrator n=ansible INFO| vendredi 27 février 2026  19:08:47 +0100 (0:00:01.106)       0:00:07.727 ****** 
2026-02-27 19:08:48,033 p=3047046 u=administrator n=ansible INFO| changed: [k3s-node-1]
2026-02-27 19:08:48,118 p=3047046 u=administrator n=ansible INFO| TASK [Écrire le Deployment PostgreSQL] ********************************************************************************************
2026-02-27 19:08:48,119 p=3047046 u=administrator n=ansible INFO| vendredi 27 février 2026  19:08:48 +0100 (0:00:01.043)       0:00:08.770 ****** 
2026-02-27 19:08:49,384 p=3047046 u=administrator n=ansible INFO| changed: [k3s-node-1]
2026-02-27 19:08:49,412 p=3047046 u=administrator n=ansible INFO| TASK [Appliquer le Deployment PostgreSQL] *****************************************************************************************
2026-02-27 19:08:49,412 p=3047046 u=administrator n=ansible INFO| vendredi 27 février 2026  19:08:49 +0100 (0:00:01.293)       0:00:10.063 ****** 
2026-02-27 19:08:50,555 p=3047046 u=administrator n=ansible INFO| changed: [k3s-node-1]
2026-02-27 19:08:50,582 p=3047046 u=administrator n=ansible INFO| TASK [Supprimer le fichier PostgreSQL temporaire] *********************************************************************************
2026-02-27 19:08:50,582 p=3047046 u=administrator n=ansible INFO| vendredi 27 février 2026  19:08:50 +0100 (0:00:01.170)       0:00:11.233 ****** 
2026-02-27 19:08:51,178 p=3047046 u=administrator n=ansible INFO| changed: [k3s-node-1]
2026-02-27 19:08:51,206 p=3047046 u=administrator n=ansible INFO| TASK [Attendre que PostgreSQL soit Ready] *****************************************************************************************
2026-02-27 19:08:51,207 p=3047046 u=administrator n=ansible INFO| vendredi 27 février 2026  19:08:51 +0100 (0:00:00.624)       0:00:11.858 ****** 
2026-02-27 19:09:19,443 p=3047046 u=administrator n=ansible INFO| ok: [k3s-node-1]
2026-02-27 19:09:19,472 p=3047046 u=administrator n=ansible INFO| TASK [Écrire le Deployment Nextcloud] *********************************************************************************************
2026-02-27 19:09:19,472 p=3047046 u=administrator n=ansible INFO| vendredi 27 février 2026  19:09:19 +0100 (0:00:28.265)       0:00:40.123 ****** 
2026-02-27 19:09:20,732 p=3047046 u=administrator n=ansible INFO| changed: [k3s-node-1]
2026-02-27 19:09:20,761 p=3047046 u=administrator n=ansible INFO| TASK [Appliquer le Deployment Nextcloud] ******************************************************************************************
2026-02-27 19:09:20,762 p=3047046 u=administrator n=ansible INFO| vendredi 27 février 2026  19:09:20 +0100 (0:00:01.289)       0:00:41.413 ****** 
2026-02-27 19:09:21,878 p=3047046 u=administrator n=ansible INFO| changed: [k3s-node-1]
2026-02-27 19:09:21,903 p=3047046 u=administrator n=ansible INFO| TASK [Supprimer le fichier Nextcloud temporaire] **********************************************************************************
2026-02-27 19:09:21,903 p=3047046 u=administrator n=ansible INFO| vendredi 27 février 2026  19:09:21 +0100 (0:00:01.141)       0:00:42.554 ****** 
2026-02-27 19:09:22,547 p=3047046 u=administrator n=ansible INFO| changed: [k3s-node-1]
2026-02-27 19:09:22,575 p=3047046 u=administrator n=ansible INFO| TASK [Écrire l'Ingress TLS Nextcloud] *********************************************************************************************
2026-02-27 19:09:22,576 p=3047046 u=administrator n=ansible INFO| vendredi 27 février 2026  19:09:22 +0100 (0:00:00.672)       0:00:43.227 ****** 
2026-02-27 19:09:23,840 p=3047046 u=administrator n=ansible INFO| changed: [k3s-node-1]
2026-02-27 19:09:23,866 p=3047046 u=administrator n=ansible INFO| TASK [Appliquer l'Ingress TLS Nextcloud] ******************************************************************************************
2026-02-27 19:09:23,866 p=3047046 u=administrator n=ansible INFO| vendredi 27 février 2026  19:09:23 +0100 (0:00:01.290)       0:00:44.517 ****** 
2026-02-27 19:09:24,666 p=3047046 u=administrator n=ansible INFO| changed: [k3s-node-1]
2026-02-27 19:09:24,701 p=3047046 u=administrator n=ansible INFO| TASK [Supprimer le fichier Ingress temporaire] ************************************************************************************
2026-02-27 19:09:24,702 p=3047046 u=administrator n=ansible INFO| vendredi 27 février 2026  19:09:24 +0100 (0:00:00.835)       0:00:45.353 ****** 
2026-02-27 19:09:25,280 p=3047046 u=administrator n=ansible INFO| changed: [k3s-node-1]
2026-02-27 19:09:25,309 p=3047046 u=administrator n=ansible INFO| TASK [Vérifier le type de clé du certificat actuel] *******************************************************************************
2026-02-27 19:09:25,309 p=3047046 u=administrator n=ansible INFO| vendredi 27 février 2026  19:09:25 +0100 (0:00:00.607)       0:00:45.961 ****** 
2026-02-27 19:09:26,126 p=3047046 u=administrator n=ansible INFO| ok: [k3s-node-1]
2026-02-27 19:09:26,154 p=3047046 u=administrator n=ansible INFO| TASK [Supprimer l'ancien certificat RSA pour renouvellement ECDSA] ****************************************************************
2026-02-27 19:09:26,155 p=3047046 u=administrator n=ansible INFO| vendredi 27 février 2026  19:09:26 +0100 (0:00:00.845)       0:00:46.806 ****** 
2026-02-27 19:09:26,965 p=3047046 u=administrator n=ansible INFO| changed: [k3s-node-1]
2026-02-27 19:09:27,002 p=3047046 u=administrator n=ansible INFO| TASK [Supprimer l'ancien secret TLS RSA] ******************************************************************************************
2026-02-27 19:09:27,003 p=3047046 u=administrator n=ansible INFO| vendredi 27 février 2026  19:09:27 +0100 (0:00:00.848)       0:00:47.654 ****** 
2026-02-27 19:09:27,822 p=3047046 u=administrator n=ansible INFO| changed: [k3s-node-1]
2026-02-27 19:09:27,846 p=3047046 u=administrator n=ansible INFO| TASK [Écrire l'IngressRoute HTTPS Nextcloud] **************************************************************************************
2026-02-27 19:09:27,846 p=3047046 u=administrator n=ansible INFO| vendredi 27 février 2026  19:09:27 +0100 (0:00:00.843)       0:00:48.498 ****** 
2026-02-27 19:09:29,100 p=3047046 u=administrator n=ansible INFO| changed: [k3s-node-1]
2026-02-27 19:09:29,127 p=3047046 u=administrator n=ansible INFO| TASK [Appliquer l'IngressRoute HTTPS Nextcloud] ***********************************************************************************
2026-02-27 19:09:29,128 p=3047046 u=administrator n=ansible INFO| vendredi 27 février 2026  19:09:29 +0100 (0:00:01.281)       0:00:49.779 ****** 
2026-02-27 19:09:30,101 p=3047046 u=administrator n=ansible INFO| changed: [k3s-node-1]
2026-02-27 19:09:30,129 p=3047046 u=administrator n=ansible INFO| TASK [Supprimer le fichier IngressRoute temporaire] *******************************************************************************
2026-02-27 19:09:30,129 p=3047046 u=administrator n=ansible INFO| vendredi 27 février 2026  19:09:30 +0100 (0:00:01.001)       0:00:50.780 ****** 
2026-02-27 19:09:30,711 p=3047046 u=administrator n=ansible INFO| changed: [k3s-node-1]
2026-02-27 19:09:30,739 p=3047046 u=administrator n=ansible INFO| TASK [Attendre que tous les pods Nextcloud soient Ready] **************************************************************************
2026-02-27 19:09:30,739 p=3047046 u=administrator n=ansible INFO| vendredi 27 février 2026  19:09:30 +0100 (0:00:00.609)       0:00:51.390 ****** 
2026-02-27 19:10:46,704 p=3047046 u=administrator n=ansible INFO| ok: [k3s-node-1]
2026-02-27 19:10:46,731 p=3047046 u=administrator n=ansible INFO| TASK [Vérifier les pods Nextcloud] ************************************************************************************************
2026-02-27 19:10:46,731 p=3047046 u=administrator n=ansible INFO| vendredi 27 février 2026  19:10:46 +0100 (0:01:15.992)       0:02:07.383 ****** 
2026-02-27 19:10:47,523 p=3047046 u=administrator n=ansible INFO| ok: [k3s-node-1]
2026-02-27 19:10:47,552 p=3047046 u=administrator n=ansible INFO| TASK [Vérifier les services Nextcloud] ********************************************************************************************
2026-02-27 19:10:47,552 p=3047046 u=administrator n=ansible INFO| vendredi 27 février 2026  19:10:47 +0100 (0:00:00.820)       0:02:08.203 ****** 
2026-02-27 19:10:48,312 p=3047046 u=administrator n=ansible INFO| ok: [k3s-node-1]
2026-02-27 19:10:48,340 p=3047046 u=administrator n=ansible INFO| TASK [Vérifier les PVC Nextcloud] *************************************************************************************************
2026-02-27 19:10:48,340 p=3047046 u=administrator n=ansible INFO| vendredi 27 février 2026  19:10:48 +0100 (0:00:00.787)       0:02:08.991 ****** 
2026-02-27 19:10:49,128 p=3047046 u=administrator n=ansible INFO| ok: [k3s-node-1]
2026-02-27 19:10:49,158 p=3047046 u=administrator n=ansible INFO| TASK [Vérifier l'Ingress Nextcloud] ***********************************************************************************************
2026-02-27 19:10:49,158 p=3047046 u=administrator n=ansible INFO| vendredi 27 février 2026  19:10:49 +0100 (0:00:00.818)       0:02:09.810 ****** 
2026-02-27 19:10:49,958 p=3047046 u=administrator n=ansible INFO| ok: [k3s-node-1]
2026-02-27 19:10:49,986 p=3047046 u=administrator n=ansible INFO| TASK [Vérifier le certificat Nextcloud] *******************************************************************************************
2026-02-27 19:10:49,987 p=3047046 u=administrator n=ansible INFO| vendredi 27 février 2026  19:10:49 +0100 (0:00:00.828)       0:02:10.638 ****** 
2026-02-27 19:10:50,779 p=3047046 u=administrator n=ansible INFO| ok: [k3s-node-1]
2026-02-27 19:10:50,805 p=3047046 u=administrator n=ansible INFO| TASK [Attendre que Nextcloud soit prêt pour la configuration LDAP] ****************************************************************
2026-02-27 19:10:50,806 p=3047046 u=administrator n=ansible INFO| vendredi 27 février 2026  19:10:50 +0100 (0:00:00.819)       0:02:11.457 ****** 
2026-02-27 19:10:51,690 p=3047046 u=administrator n=ansible INFO| ok: [k3s-node-1]
2026-02-27 19:10:51,710 p=3047046 u=administrator n=ansible INFO| TASK [Attendre que le pod Samba soit prêt] ****************************************************************************************
2026-02-27 19:10:51,710 p=3047046 u=administrator n=ansible INFO| vendredi 27 février 2026  19:10:51 +0100 (0:00:00.904)       0:02:12.362 ****** 
2026-02-27 19:10:52,608 p=3047046 u=administrator n=ansible INFO| ok: [k3s-node-1]
2026-02-27 19:10:52,652 p=3047046 u=administrator n=ansible INFO| TASK [Tester la connectivité réseau vers le DC (192.168.0.100:389)] ***************************************************************
2026-02-27 19:10:52,652 p=3047046 u=administrator n=ansible INFO| vendredi 27 février 2026  19:10:52 +0100 (0:00:00.941)       0:02:13.303 ****** 
2026-02-27 19:10:53,545 p=3047046 u=administrator n=ansible INFO| ok: [k3s-node-1]
2026-02-27 19:10:53,574 p=3047046 u=administrator n=ansible INFO| TASK [Résultat connectivité LDAP] *************************************************************************************************
2026-02-27 19:10:53,574 p=3047046 u=administrator n=ansible INFO| vendredi 27 février 2026  19:10:53 +0100 (0:00:00.921)       0:02:14.225 ****** 
2026-02-27 19:10:53,654 p=3047046 u=administrator n=ansible INFO| ok: [k3s-node-1] => 
  msg: ' OK - Le pod Nextcloud peut joindre 192.168.0.100:389 '
2026-02-27 19:10:53,687 p=3047046 u=administrator n=ansible INFO| TASK [Vérifier si le compte AD s_next_ad existe] **********************************************************************************
2026-02-27 19:10:53,687 p=3047046 u=administrator n=ansible INFO| vendredi 27 février 2026  19:10:53 +0100 (0:00:00.113)       0:02:14.339 ****** 
2026-02-27 19:10:54,820 p=3047046 u=administrator n=ansible INFO| ok: [k3s-node-1]
2026-02-27 19:10:54,853 p=3047046 u=administrator n=ansible INFO| TASK [Créer le compte AD s_next_ad (via net rpc)] *********************************************************************************
2026-02-27 19:10:54,853 p=3047046 u=administrator n=ansible INFO| vendredi 27 février 2026  19:10:54 +0100 (0:00:01.165)       0:02:15.504 ****** 
2026-02-27 19:10:54,879 p=3047046 u=administrator n=ansible INFO| skipping: [k3s-node-1]
2026-02-27 19:10:54,904 p=3047046 u=administrator n=ansible INFO| TASK [Résultat création compte AD] ************************************************************************************************
2026-02-27 19:10:54,904 p=3047046 u=administrator n=ansible INFO| vendredi 27 février 2026  19:10:54 +0100 (0:00:00.051)       0:02:15.556 ****** 
2026-02-27 19:10:54,972 p=3047046 u=administrator n=ansible INFO| ok: [k3s-node-1] => 
  msg: ' OK - Le compte s_next_ad existe déjà dans AD '
2026-02-27 19:10:54,995 p=3047046 u=administrator n=ansible INFO| TASK [Définir le mot de passe à ne jamais expirer] ********************************************************************************
2026-02-27 19:10:54,995 p=3047046 u=administrator n=ansible INFO| vendredi 27 février 2026  19:10:54 +0100 (0:00:00.090)       0:02:15.646 ****** 
2026-02-27 19:10:55,982 p=3047046 u=administrator n=ansible ERROR| [ERROR]: non-zero return code

2026-02-27 19:10:55,982 p=3047046 u=administrator n=ansible INFO| changed: [k3s-node-1]
2026-02-27 19:10:56,009 p=3047046 u=administrator n=ansible INFO| TASK [Activer l'app user_ldap dans Nextcloud] *************************************************************************************
2026-02-27 19:10:56,009 p=3047046 u=administrator n=ansible INFO| vendredi 27 février 2026  19:10:56 +0100 (0:00:01.013)       0:02:16.660 ****** 
2026-02-27 19:10:58,804 p=3047046 u=administrator n=ansible INFO| changed: [k3s-node-1]
2026-02-27 19:10:58,834 p=3047046 u=administrator n=ansible INFO| TASK [Lister les configurations LDAP existantes] **********************************************************************************
2026-02-27 19:10:58,834 p=3047046 u=administrator n=ansible INFO| vendredi 27 février 2026  19:10:58 +0100 (0:00:02.825)       0:02:19.485 ****** 
2026-02-27 19:11:00,341 p=3047046 u=administrator n=ansible INFO| ok: [k3s-node-1]
2026-02-27 19:11:00,368 p=3047046 u=administrator n=ansible INFO| TASK [Supprimer les configurations LDAP orphelines (s02, s03, ...)] ***************************************************************
2026-02-27 19:11:00,369 p=3047046 u=administrator n=ansible INFO| vendredi 27 février 2026  19:11:00 +0100 (0:00:01.534)       0:02:21.020 ****** 
2026-02-27 19:11:00,420 p=3047046 u=administrator n=ansible INFO| skipping: [k3s-node-1]
2026-02-27 19:11:00,446 p=3047046 u=administrator n=ansible INFO| TASK [Créer la configuration LDAP s01 (si absente)] *******************************************************************************
2026-02-27 19:11:00,447 p=3047046 u=administrator n=ansible INFO| vendredi 27 février 2026  19:11:00 +0100 (0:00:00.077)       0:02:21.098 ****** 
2026-02-27 19:11:01,961 p=3047046 u=administrator n=ansible INFO| changed: [k3s-node-1]
2026-02-27 19:11:01,990 p=3047046 u=administrator n=ansible INFO| TASK [Configurer le backend LDAP (connexion AD)] **********************************************************************************
2026-02-27 19:11:01,990 p=3047046 u=administrator n=ansible INFO| vendredi 27 février 2026  19:11:01 +0100 (0:00:01.543)       0:02:22.641 ****** 
2026-02-27 19:11:03,505 p=3047046 u=administrator n=ansible INFO| changed: [k3s-node-1] => (item=ldapHost)
2026-02-27 19:11:05,000 p=3047046 u=administrator n=ansible INFO| changed: [k3s-node-1] => (item=ldapPort)
2026-02-27 19:11:06,507 p=3047046 u=administrator n=ansible INFO| changed: [k3s-node-1] => (item=ldapAgentName)
2026-02-27 19:11:07,994 p=3047046 u=administrator n=ansible INFO| changed: [k3s-node-1] => (item=ldapAgentPassword)
2026-02-27 19:11:09,458 p=3047046 u=administrator n=ansible INFO| changed: [k3s-node-1] => (item=ldapBase)
2026-02-27 19:11:10,949 p=3047046 u=administrator n=ansible INFO| changed: [k3s-node-1] => (item=ldapTLS)
2026-02-27 19:11:12,446 p=3047046 u=administrator n=ansible INFO| changed: [k3s-node-1] => (item=turnOffCertCheck)
2026-02-27 19:11:13,923 p=3047046 u=administrator n=ansible INFO| changed: [k3s-node-1] => (item=ldapBaseUsers)
2026-02-27 19:11:15,418 p=3047046 u=administrator n=ansible INFO| changed: [k3s-node-1] => (item=ldapUserFilter)
2026-02-27 19:11:16,866 p=3047046 u=administrator n=ansible INFO| changed: [k3s-node-1] => (item=ldapUserFilterObjectclass)
2026-02-27 19:11:18,390 p=3047046 u=administrator n=ansible INFO| changed: [k3s-node-1] => (item=ldapUserDisplayName)
2026-02-27 19:11:19,962 p=3047046 u=administrator n=ansible INFO| changed: [k3s-node-1] => (item=ldapEmailAttribute)
2026-02-27 19:11:21,509 p=3047046 u=administrator n=ansible INFO| changed: [k3s-node-1] => (item=ldapExpertUsernameAttr)
2026-02-27 19:11:22,998 p=3047046 u=administrator n=ansible INFO| changed: [k3s-node-1] => (item=ldapExpertUUIDUserAttr)
2026-02-27 19:11:24,455 p=3047046 u=administrator n=ansible INFO| changed: [k3s-node-1] => (item=ldapLoginFilter)
2026-02-27 19:11:25,953 p=3047046 u=administrator n=ansible INFO| changed: [k3s-node-1] => (item=ldapLoginFilterUsername)
2026-02-27 19:11:27,412 p=3047046 u=administrator n=ansible INFO| changed: [k3s-node-1] => (item=ldapBaseGroups)
2026-02-27 19:11:28,909 p=3047046 u=administrator n=ansible INFO| changed: [k3s-node-1] => (item=ldapGroupFilter)
2026-02-27 19:11:30,393 p=3047046 u=administrator n=ansible INFO| changed: [k3s-node-1] => (item=ldapGroupFilterObjectclass)
2026-02-27 19:11:31,898 p=3047046 u=administrator n=ansible INFO| changed: [k3s-node-1] => (item=ldapGroupMemberAssocAttr)
2026-02-27 19:11:33,454 p=3047046 u=administrator n=ansible INFO| changed: [k3s-node-1] => (item=ldapExpertUUIDGroupAttr)
2026-02-27 19:11:34,954 p=3047046 u=administrator n=ansible INFO| changed: [k3s-node-1] => (item=hasMemberOfFilterSupport)
2026-02-27 19:11:36,431 p=3047046 u=administrator n=ansible INFO| changed: [k3s-node-1] => (item=useMemberOfToDetectMembership)
2026-02-27 19:11:37,905 p=3047046 u=administrator n=ansible INFO| changed: [k3s-node-1] => (item=ldapConfigurationActive)
2026-02-27 19:11:37,954 p=3047046 u=administrator n=ansible INFO| TASK [Vérifier la connexion LDAP (test-config s01)] *******************************************************************************
2026-02-27 19:11:37,955 p=3047046 u=administrator n=ansible INFO| vendredi 27 février 2026  19:11:37 +0100 (0:00:35.964)       0:02:58.606 ****** 
2026-02-27 19:11:39,474 p=3047046 u=administrator n=ansible INFO| ok: [k3s-node-1]
2026-02-27 19:11:39,492 p=3047046 u=administrator n=ansible INFO| TASK [Afficher la configuration LDAP complète] ************************************************************************************
2026-02-27 19:11:39,492 p=3047046 u=administrator n=ansible INFO| vendredi 27 février 2026  19:11:39 +0100 (0:00:01.537)       0:03:00.143 ****** 
2026-02-27 19:11:41,022 p=3047046 u=administrator n=ansible INFO| ok: [k3s-node-1]
2026-02-27 19:11:41,049 p=3047046 u=administrator n=ansible INFO| TASK [Résultat du test LDAP] ******************************************************************************************************
2026-02-27 19:11:41,049 p=3047046 u=administrator n=ansible INFO| vendredi 27 février 2026  19:11:41 +0100 (0:00:01.557)       0:03:01.700 ****** 
2026-02-27 19:11:41,130 p=3047046 u=administrator n=ansible INFO| ok: [k3s-node-1] => 
  msg:
  - '--- Test LDAP ---'
  - - The configuration is valid and the connection could be established!
  - []
  - '--- Configuration s01 ---'
  - - +-------------------------------+-----------------------------------------------------------------------+
    - '| Configuration                 | s01                                                                   |'
    - +-------------------------------+-----------------------------------------------------------------------+
    - '| hasMemberOfFilterSupport      | 1                                                                     |'
    - '| homeFolderNamingRule          |                                                                       |'
    - '| lastJpegPhotoLookup           | 0                                                                     |'
    - '| ldapAdminGroup                |                                                                       |'
    - '| ldapAgentName                 | CN=s_next_ad,OU=service_accounts,OU=CORP,DC=corp,DC=lcl               |'
    - '| ldapAgentPassword             | ***                                                                   |'
    - '| ldapAttributeAddress          |                                                                       |'
    - '| ldapAttributeBiography        |                                                                       |'
    - '| ldapAttributeFediverse        |                                                                       |'
    - '| ldapAttributeHeadline         |                                                                       |'
    - '| ldapAttributeOrganisation     |                                                                       |'
    - '| ldapAttributePhone            |                                                                       |'
    - '| ldapAttributeRole             |                                                                       |'
    - '| ldapAttributeTwitter          |                                                                       |'
    - '| ldapAttributeWebsite          |                                                                       |'
    - '| ldapAttributesForGroupSearch  |                                                                       |'
    - '| ldapAttributesForUserSearch   |                                                                       |'
    - '| ldapBackgroundHost            |                                                                       |'
    - '| ldapBackgroundPort            |                                                                       |'
    - '| ldapBackupHost                |                                                                       |'
    - '| ldapBackupPort                |                                                                       |'
    - '| ldapBase                      | DC=corp,DC=lcl                                                        |'
    - '| ldapBaseGroups                | CN=Users,DC=corp,DC=lcl                                               |'
    - '| ldapBaseUsers                 | CN=Users,DC=corp,DC=lcl                                               |'
    - '| ldapCacheTTL                  | 600                                                                   |'
    - '| ldapConfigurationActive       | 1                                                                     |'
    - '| ldapConnectionTimeout         | 15                                                                    |'
    - '| ldapDefaultPPolicyDN          |                                                                       |'
    - '| ldapDynamicGroupMemberURL     |                                                                       |'
    - '| ldapEmailAttribute            | mail                                                                  |'
    - '| ldapExperiencedAdmin          | 0                                                                     |'
    - '| ldapExpertUUIDGroupAttr       | cn                                                                    |'
    - '| ldapExpertUUIDUserAttr        | samaccountname                                                        |'
    - '| ldapExpertUsernameAttr        | samaccountname                                                        |'
    - '| ldapExtStorageHomeAttribute   |                                                                       |'
    - '| ldapGidNumber                 | gidnumber                                                             |'
    - '| ldapGroupDisplayName          | cn                                                                    |'
    - '| ldapGroupFilter               | (objectClass=group)                                                   |'
    - '| ldapGroupFilterGroups         |                                                                       |'
    - '| ldapGroupFilterMode           | 0                                                                     |'
    - '| ldapGroupFilterObjectclass    | group                                                                 |'
    - '| ldapGroupMemberAssocAttr      | member                                                                |'
    - '| ldapHost                      | ldap://192.168.0.100                                                  |'
    - '| ldapIgnoreNamingRules         |                                                                       |'
    - '| ldapLoginFilter               | (&(objectClass=user)(|(sAMAccountName=%uid)(userPrincipalName=%uid))) |'
    - '| ldapLoginFilterAttributes     |                                                                       |'
    - '| ldapLoginFilterEmail          | 0                                                                     |'
    - '| ldapLoginFilterMode           | 0                                                                     |'
    - '| ldapLoginFilterUsername       | 1                                                                     |'
    - '| ldapMatchingRuleInChainState  | unknown                                                               |'
    - '| ldapNestedGroups              | 0                                                                     |'
    - '| ldapOverrideMainServer        |                                                                       |'
    - '| ldapPagingSize                | 500                                                                   |'
    - '| ldapPort                      | 389                                                                   |'
    - '| ldapQuotaAttribute            |                                                                       |'
    - '| ldapQuotaDefault              |                                                                       |'
    - '| ldapTLS                       | 0                                                                     |'
    - '| ldapUserAvatarRule            | default                                                               |'
    - '| ldapUserDisplayName           | displayName                                                           |'
    - '| ldapUserDisplayName2          |                                                                       |'
    - '| ldapUserFilter                | (&(objectClass=user)(!(objectClass=computer)))                        |'
    - '| ldapUserFilterGroups          |                                                                       |'
    - '| ldapUserFilterMode            | 0                                                                     |'
    - '| ldapUserFilterObjectclass     | user                                                                  |'
    - '| ldapUuidGroupAttribute        | auto                                                                  |'
    - '| ldapUuidUserAttribute         | auto                                                                  |'
    - '| markRemnantsAsDisabled        | 0                                                                     |'
    - '| turnOffCertCheck              | 1                                                                     |'
    - '| turnOnPasswordChange          | 0                                                                     |'
    - '| useMemberOfToDetectMembership | 1                                                                     |'
    - +-------------------------------+-----------------------------------------------------------------------+
2026-02-27 19:11:41,159 p=3047046 u=administrator n=ansible INFO| TASK [Afficher les dernières erreurs du log Nextcloud (si test LDAP échoué)] ******************************************************
2026-02-27 19:11:41,159 p=3047046 u=administrator n=ansible INFO| vendredi 27 février 2026  19:11:41 +0100 (0:00:00.110)       0:03:01.810 ****** 
2026-02-27 19:11:41,219 p=3047046 u=administrator n=ansible INFO| skipping: [k3s-node-1]
2026-02-27 19:11:41,243 p=3047046 u=administrator n=ansible INFO| TASK [Log Nextcloud (dernières entrées)] ******************************************************************************************
2026-02-27 19:11:41,243 p=3047046 u=administrator n=ansible INFO| vendredi 27 février 2026  19:11:41 +0100 (0:00:00.083)       0:03:01.894 ****** 
2026-02-27 19:11:41,281 p=3047046 u=administrator n=ansible INFO| skipping: [k3s-node-1]
2026-02-27 19:11:41,305 p=3047046 u=administrator n=ansible INFO| TASK [Résumé Nextcloud] ***********************************************************************************************************
2026-02-27 19:11:41,305 p=3047046 u=administrator n=ansible INFO| vendredi 27 février 2026  19:11:41 +0100 (0:00:00.061)       0:03:01.956 ****** 
2026-02-27 19:11:41,404 p=3047046 u=administrator n=ansible INFO| ok: [k3s-node-1] => 
  msg:
  - ================================================================
  - '  Nextcloud déployé'
  - ================================================================
  - 'Namespace    : nextcloud'
  - 'URL publique : https://nextcloud.app.xixtu.eu'
  - 'TLS          : cert-manager / letsencrypt-production (ECDSA P-256)'
  - 'PostgreSQL   : postgres:16-bookworm (5Gi)'
  - 'Data         : 50Gi (longhorn-fast)'
  - 'Upload max   : 10 Go'
  - 'LDAP/AD      : dc1.corp.lcl (192.168.0.100:389)'
  - 'LDAP bind    : s_next_ad'
  - ================================================================
  - '  Pods'
  - ================================================================
  - - NAME                                  READY   STATUS    RESTARTS   AGE    IP            NODE         NOMINATED NODE   READINESS GATES
    - nextcloud-648c5d9db6-zsbs4            1/1     Running   0          86s    10.42.1.107   k3s-node-2   <none>           <none>
    - nextcloud-postgres-56bfb786f4-22k42   1/1     Running   0          117s   10.42.1.106   k3s-node-2   <none>           <none>
  - ================================================================
  - '  Services'
  - ================================================================
  - - NAME                 TYPE        CLUSTER-IP     EXTERNAL-IP   PORT(S)    AGE
    - nextcloud-postgres   ClusterIP   10.43.11.165   <none>        5432/TCP   118s
    - nextcloud-service    ClusterIP   10.43.53.19    <none>        80/TCP     87s
  - ================================================================
  - '  PVC'
  - ================================================================
  - - NAME                STATUS   VOLUME                                     CAPACITY   ACCESS MODES   STORAGECLASS    VOLUMEATTRIBUTESCLASS   AGE
    - nextcloud-data      Bound    pvc-a60a9502-fabc-4cb6-9e5b-8560790b3a4d   50Gi       RWO            longhorn-fast   <unset>                 2m3s
    - nextcloud-db-data   Bound    pvc-38d8e918-6b6e-401b-9d1e-cc77b2a54bd6   5Gi        RWO            longhorn-fast   <unset>                 2m3s
  - ================================================================
  - '  Ingress'
  - ================================================================
  - - NAME                CLASS     HOSTS                    ADDRESS        PORTS     AGE
    - nextcloud-ingress   traefik   nextcloud.app.xixtu.eu   192.168.0.20   80, 443   85s
  - ================================================================
  - '  Certificat'
  - ================================================================
  - - NAME            READY   SECRET          AGE
    - nextcloud-tls   True    nextcloud-tls   84s
  - ================================================================
  - ''
  - '  AUTHENTIFICATION : LDAP / Active Directory'
  - '  ────────────────────────────────────────'
  - '  Les utilisateurs AD se connectent avec leur sAMAccountName'
  - '  Ex: jean.dupont / <mot_de_passe_AD>'
  - '  Les groupes AD sont synchronises automatiquement'
  - ''
  - '  STOCKAGE EXTERNE (SMB) - post-deploiement :'
  - '  ────────────────────────────────────────'
  - '  1. Administration > Applications > Activer ''External storage support'''
  - '  2. Administration > Stockages externes > Ajouter :'
  - '     Type  : SMB/CIFS'
  - '     Host  : samba-service.nas.svc.cluster.local'
  - '     Share : media (ou documents / shared)'
  - '     Auth  : User entered, stored in database'
  - '     → Chaque utilisateur saisit ses identifiants AD (user@corp.lcl)'
  - ''
  - '  IMPORTANT : Changer admin_password et db_password !'
  - ''
  - ================================================================
2026-02-27 19:11:41,407 p=3047046 u=administrator n=ansible INFO| PLAY RECAP ************************************************************************************************************************
2026-02-27 19:11:41,407 p=3047046 u=administrator n=ansible INFO| k3s-node-1                 : ok=43   changed=24   unreachable=0    failed=0    skipped=4    rescued=0    ignored=0   
2026-02-27 19:11:41,408 p=3047046 u=administrator n=ansible INFO| PLAYBOOK RECAP ********************************************************************************************************************
2026-02-27 19:11:41,408 p=3047046 u=administrator n=ansible INFO| Playbook run took 0 days, 0 hours, 3 minutes, 2 seconds

2026-02-27 19:11:41,408 p=3047046 u=administrator n=ansible INFO| TASKS RECAP ***********************************************************************************************************************
2026-02-27 19:11:41,409 p=3047046 u=administrator n=ansible INFO| vendredi 27 février 2026  19:11:41 +0100 (0:00:00.103)       0:03:02.060 ****** 
2026-02-27 19:11:41,409 p=3047046 u=administrator n=ansible INFO| =============================================================================== 
2026-02-27 19:11:41,409 p=3047046 u=administrator n=ansible INFO| Attendre que tous les pods Nextcloud soient Ready ------------------------------------------------------------------------- 75.99s
2026-02-27 19:11:41,409 p=3047046 u=administrator n=ansible INFO| Configurer le backend LDAP (connexion AD) --------------------------------------------------------------------------------- 35.96s
2026-02-27 19:11:41,410 p=3047046 u=administrator n=ansible INFO| Attendre que PostgreSQL soit Ready ---------------------------------------------------------------------------------------- 28.27s
2026-02-27 19:11:41,410 p=3047046 u=administrator n=ansible INFO| Activer l'app user_ldap dans Nextcloud ------------------------------------------------------------------------------------- 2.83s
2026-02-27 19:11:41,410 p=3047046 u=administrator n=ansible INFO| Créer le namespace nextcloud ----------------------------------------------------------------------------------------------- 2.71s
2026-02-27 19:11:41,410 p=3047046 u=administrator n=ansible INFO| Écrire les PVC Nextcloud --------------------------------------------------------------------------------------------------- 1.85s
2026-02-27 19:11:41,410 p=3047046 u=administrator n=ansible INFO| Afficher la configuration LDAP complète ------------------------------------------------------------------------------------ 1.56s
2026-02-27 19:11:41,411 p=3047046 u=administrator n=ansible INFO| Créer la configuration LDAP s01 (si absente) ------------------------------------------------------------------------------- 1.54s
2026-02-27 19:11:41,411 p=3047046 u=administrator n=ansible INFO| Vérifier la connexion LDAP (test-config s01) ------------------------------------------------------------------------------- 1.54s
2026-02-27 19:11:41,411 p=3047046 u=administrator n=ansible INFO| Lister les configurations LDAP existantes ---------------------------------------------------------------------------------- 1.53s
2026-02-27 19:11:41,411 p=3047046 u=administrator n=ansible INFO| Écrire le Deployment PostgreSQL -------------------------------------------------------------------------------------------- 1.29s
2026-02-27 19:11:41,411 p=3047046 u=administrator n=ansible INFO| Écrire l'Ingress TLS Nextcloud --------------------------------------------------------------------------------------------- 1.29s
2026-02-27 19:11:41,411 p=3047046 u=administrator n=ansible INFO| Écrire le Deployment Nextcloud --------------------------------------------------------------------------------------------- 1.29s
2026-02-27 19:11:41,412 p=3047046 u=administrator n=ansible INFO| Écrire l'IngressRoute HTTPS Nextcloud -------------------------------------------------------------------------------------- 1.28s
2026-02-27 19:11:41,412 p=3047046 u=administrator n=ansible INFO| Appliquer le Deployment PostgreSQL ----------------------------------------------------------------------------------------- 1.17s
2026-02-27 19:11:41,412 p=3047046 u=administrator n=ansible INFO| Vérifier si le compte AD s_next_ad existe ---------------------------------------------------------------------------------- 1.17s
2026-02-27 19:11:41,412 p=3047046 u=administrator n=ansible INFO| Appliquer le Deployment Nextcloud ------------------------------------------------------------------------------------------ 1.14s
2026-02-27 19:11:41,412 p=3047046 u=administrator n=ansible INFO| Appliquer les PVC Nextcloud ------------------------------------------------------------------------------------------------ 1.11s
2026-02-27 19:11:41,413 p=3047046 u=administrator n=ansible INFO| Supprimer le fichier PVC temporaire ---------------------------------------------------------------------------------------- 1.04s
2026-02-27 19:11:41,413 p=3047046 u=administrator n=ansible INFO| Définir le mot de passe à ne jamais expirer -------------------------------------------------------------------------------- 1.01s
2026-02-27 21:32:15,287 p=3256405 u=administrator n=ansible WARNING| [WARNING]: Deprecation warnings can be disabled by setting `deprecation_warnings=False` in ansible.cfg.

2026-02-27 21:32:15,287 p=3256405 u=administrator n=ansible INFO| [DEPRECATION WARNING]: community.general.yaml has been deprecated. The plugin has been superseded by the the option `result_format=yaml` in callback plugin ansible.builtin.default from ansible-core 2.13 onwards. This feature will be removed from collection 'community.general' version 12.0.0.

2026-02-27 21:32:15,392 p=3256405 u=administrator n=ansible INFO| PLAY [Nextcloud - Cloud personnel avec External Storage SMB] ****************************************************************************************************************************************************************************************************************************
2026-02-27 21:32:15,438 p=3256405 u=administrator n=ansible INFO| TASK [Créer le namespace nextcloud] *****************************************************************************************************************************************************************************************************************************************************
2026-02-27 21:32:15,438 p=3256405 u=administrator n=ansible INFO| vendredi 27 février 2026  21:32:15 +0100 (0:00:00.095)       0:00:00.095 ****** 
2026-02-27 21:32:17,622 p=3256405 u=administrator n=ansible ERROR| [ERROR]: non-zero return code

2026-02-27 21:32:17,623 p=3256405 u=administrator n=ansible INFO| ok: [k3s-node-1]
2026-02-27 21:32:17,644 p=3256405 u=administrator n=ansible INFO| TASK [Créer le Secret PostgreSQL] *******************************************************************************************************************************************************************************************************************************************************
2026-02-27 21:32:17,644 p=3256405 u=administrator n=ansible INFO| vendredi 27 février 2026  21:32:17 +0100 (0:00:02.205)       0:00:02.301 ****** 
2026-02-27 21:32:18,786 p=3256405 u=administrator n=ansible INFO| changed: [k3s-node-1]
2026-02-27 21:32:18,804 p=3256405 u=administrator n=ansible INFO| TASK [Créer le Secret Nextcloud admin] **************************************************************************************************************************************************************************************************************************************************
2026-02-27 21:32:18,804 p=3256405 u=administrator n=ansible INFO| vendredi 27 février 2026  21:32:18 +0100 (0:00:01.159)       0:00:03.461 ****** 
2026-02-27 21:32:19,898 p=3256405 u=administrator n=ansible INFO| changed: [k3s-node-1]
2026-02-27 21:32:19,916 p=3256405 u=administrator n=ansible INFO| TASK [Écrire les PVC Nextcloud] *********************************************************************************************************************************************************************************************************************************************************
2026-02-27 21:32:19,917 p=3256405 u=administrator n=ansible INFO| vendredi 27 février 2026  21:32:19 +0100 (0:00:01.112)       0:00:04.574 ****** 
2026-02-27 21:32:21,690 p=3256405 u=administrator n=ansible INFO| changed: [k3s-node-1]
2026-02-27 21:32:21,718 p=3256405 u=administrator n=ansible INFO| TASK [Appliquer les PVC Nextcloud] ******************************************************************************************************************************************************************************************************************************************************
2026-02-27 21:32:21,718 p=3256405 u=administrator n=ansible INFO| vendredi 27 février 2026  21:32:21 +0100 (0:00:01.801)       0:00:06.375 ****** 
2026-02-27 21:32:23,051 p=3256405 u=administrator n=ansible INFO| ok: [k3s-node-1]
2026-02-27 21:32:23,084 p=3256405 u=administrator n=ansible INFO| TASK [Supprimer le fichier PVC temporaire] **********************************************************************************************************************************************************************************************************************************************
2026-02-27 21:32:23,085 p=3256405 u=administrator n=ansible INFO| vendredi 27 février 2026  21:32:23 +0100 (0:00:01.366)       0:00:07.742 ****** 
2026-02-27 21:32:23,971 p=3256405 u=administrator n=ansible INFO| changed: [k3s-node-1]
2026-02-27 21:32:24,050 p=3256405 u=administrator n=ansible INFO| TASK [Écrire le Deployment PostgreSQL] **************************************************************************************************************************************************************************************************************************************************
2026-02-27 21:32:24,050 p=3256405 u=administrator n=ansible INFO| vendredi 27 février 2026  21:32:24 +0100 (0:00:00.965)       0:00:08.707 ****** 
2026-02-27 21:32:25,303 p=3256405 u=administrator n=ansible INFO| changed: [k3s-node-1]
2026-02-27 21:32:25,320 p=3256405 u=administrator n=ansible INFO| TASK [Appliquer le Deployment PostgreSQL] ***********************************************************************************************************************************************************************************************************************************************
2026-02-27 21:32:25,320 p=3256405 u=administrator n=ansible INFO| vendredi 27 février 2026  21:32:25 +0100 (0:00:01.269)       0:00:09.977 ****** 
2026-02-27 21:32:26,552 p=3256405 u=administrator n=ansible INFO| ok: [k3s-node-1]
2026-02-27 21:32:26,568 p=3256405 u=administrator n=ansible INFO| TASK [Supprimer le fichier PostgreSQL temporaire] ***************************************************************************************************************************************************************************************************************************************
2026-02-27 21:32:26,569 p=3256405 u=administrator n=ansible INFO| vendredi 27 février 2026  21:32:26 +0100 (0:00:01.248)       0:00:11.225 ****** 
2026-02-27 21:32:27,167 p=3256405 u=administrator n=ansible INFO| changed: [k3s-node-1]
2026-02-27 21:32:27,189 p=3256405 u=administrator n=ansible INFO| TASK [Attendre que PostgreSQL soit Ready] ***********************************************************************************************************************************************************************************************************************************************
2026-02-27 21:32:27,189 p=3256405 u=administrator n=ansible INFO| vendredi 27 février 2026  21:32:27 +0100 (0:00:00.620)       0:00:11.846 ****** 
2026-02-27 21:32:28,133 p=3256405 u=administrator n=ansible INFO| ok: [k3s-node-1]
2026-02-27 21:32:28,158 p=3256405 u=administrator n=ansible INFO| TASK [Écrire le Deployment Nextcloud] ***************************************************************************************************************************************************************************************************************************************************
2026-02-27 21:32:28,158 p=3256405 u=administrator n=ansible INFO| vendredi 27 février 2026  21:32:28 +0100 (0:00:00.968)       0:00:12.815 ****** 
2026-02-27 21:32:29,429 p=3256405 u=administrator n=ansible INFO| changed: [k3s-node-1]
2026-02-27 21:32:29,450 p=3256405 u=administrator n=ansible INFO| TASK [Appliquer le Deployment Nextcloud] ************************************************************************************************************************************************************************************************************************************************
2026-02-27 21:32:29,450 p=3256405 u=administrator n=ansible INFO| vendredi 27 février 2026  21:32:29 +0100 (0:00:01.291)       0:00:14.107 ****** 
2026-02-27 21:32:30,739 p=3256405 u=administrator n=ansible INFO| ok: [k3s-node-1]
2026-02-27 21:32:30,768 p=3256405 u=administrator n=ansible INFO| TASK [Supprimer le fichier Nextcloud temporaire] ****************************************************************************************************************************************************************************************************************************************
2026-02-27 21:32:30,768 p=3256405 u=administrator n=ansible INFO| vendredi 27 février 2026  21:32:30 +0100 (0:00:01.317)       0:00:15.425 ****** 
2026-02-27 21:32:31,334 p=3256405 u=administrator n=ansible INFO| changed: [k3s-node-1]
2026-02-27 21:32:31,361 p=3256405 u=administrator n=ansible INFO| TASK [Écrire l'Ingress TLS Nextcloud] ***************************************************************************************************************************************************************************************************************************************************
2026-02-27 21:32:31,362 p=3256405 u=administrator n=ansible INFO| vendredi 27 février 2026  21:32:31 +0100 (0:00:00.593)       0:00:16.018 ****** 
2026-02-27 21:32:32,636 p=3256405 u=administrator n=ansible INFO| changed: [k3s-node-1]
2026-02-27 21:32:32,663 p=3256405 u=administrator n=ansible INFO| TASK [Appliquer l'Ingress TLS Nextcloud] ************************************************************************************************************************************************************************************************************************************************
2026-02-27 21:32:32,663 p=3256405 u=administrator n=ansible INFO| vendredi 27 février 2026  21:32:32 +0100 (0:00:01.301)       0:00:17.320 ****** 
2026-02-27 21:32:33,514 p=3256405 u=administrator n=ansible INFO| changed: [k3s-node-1]
2026-02-27 21:32:33,548 p=3256405 u=administrator n=ansible INFO| TASK [Supprimer le fichier Ingress temporaire] ******************************************************************************************************************************************************************************************************************************************
2026-02-27 21:32:33,549 p=3256405 u=administrator n=ansible INFO| vendredi 27 février 2026  21:32:33 +0100 (0:00:00.885)       0:00:18.205 ****** 
2026-02-27 21:32:34,149 p=3256405 u=administrator n=ansible INFO| changed: [k3s-node-1]
2026-02-27 21:32:34,183 p=3256405 u=administrator n=ansible INFO| TASK [Vérifier le type de clé du certificat actuel] *************************************************************************************************************************************************************************************************************************************
2026-02-27 21:32:34,184 p=3256405 u=administrator n=ansible INFO| vendredi 27 février 2026  21:32:34 +0100 (0:00:00.635)       0:00:18.841 ****** 
2026-02-27 21:32:34,952 p=3256405 u=administrator n=ansible INFO| ok: [k3s-node-1]
2026-02-27 21:32:34,970 p=3256405 u=administrator n=ansible INFO| TASK [Supprimer l'ancien certificat RSA pour renouvellement ECDSA] **********************************************************************************************************************************************************************************************************************
2026-02-27 21:32:34,970 p=3256405 u=administrator n=ansible INFO| vendredi 27 février 2026  21:32:34 +0100 (0:00:00.786)       0:00:19.627 ****** 
2026-02-27 21:32:35,015 p=3256405 u=administrator n=ansible INFO| skipping: [k3s-node-1]
2026-02-27 21:32:35,040 p=3256405 u=administrator n=ansible INFO| TASK [Supprimer l'ancien secret TLS RSA] ************************************************************************************************************************************************************************************************************************************************
2026-02-27 21:32:35,040 p=3256405 u=administrator n=ansible INFO| vendredi 27 février 2026  21:32:35 +0100 (0:00:00.069)       0:00:19.697 ****** 
2026-02-27 21:32:35,078 p=3256405 u=administrator n=ansible INFO| skipping: [k3s-node-1]
2026-02-27 21:32:35,097 p=3256405 u=administrator n=ansible INFO| TASK [Écrire l'IngressRoute HTTPS Nextcloud] ********************************************************************************************************************************************************************************************************************************************
2026-02-27 21:32:35,097 p=3256405 u=administrator n=ansible INFO| vendredi 27 février 2026  21:32:35 +0100 (0:00:00.057)       0:00:19.754 ****** 
2026-02-27 21:32:36,386 p=3256405 u=administrator n=ansible INFO| changed: [k3s-node-1]
2026-02-27 21:32:36,414 p=3256405 u=administrator n=ansible INFO| TASK [Appliquer l'IngressRoute HTTPS Nextcloud] *****************************************************************************************************************************************************************************************************************************************
2026-02-27 21:32:36,414 p=3256405 u=administrator n=ansible INFO| vendredi 27 février 2026  21:32:36 +0100 (0:00:01.316)       0:00:21.071 ****** 
2026-02-27 21:32:37,999 p=3256405 u=administrator n=ansible INFO| ok: [k3s-node-1]
2026-02-27 21:32:38,026 p=3256405 u=administrator n=ansible INFO| TASK [Supprimer le fichier IngressRoute temporaire] *************************************************************************************************************************************************************************************************************************************
2026-02-27 21:32:38,026 p=3256405 u=administrator n=ansible INFO| vendredi 27 février 2026  21:32:38 +0100 (0:00:01.612)       0:00:22.683 ****** 
2026-02-27 21:32:38,623 p=3256405 u=administrator n=ansible INFO| changed: [k3s-node-1]
2026-02-27 21:32:38,649 p=3256405 u=administrator n=ansible INFO| TASK [Attendre que tous les pods Nextcloud soient Ready] ********************************************************************************************************************************************************************************************************************************
2026-02-27 21:32:38,650 p=3256405 u=administrator n=ansible INFO| vendredi 27 février 2026  21:32:38 +0100 (0:00:00.623)       0:00:23.306 ****** 
2026-02-27 21:32:39,633 p=3256405 u=administrator n=ansible INFO| ok: [k3s-node-1]
2026-02-27 21:32:39,662 p=3256405 u=administrator n=ansible INFO| TASK [Vérifier les pods Nextcloud] ******************************************************************************************************************************************************************************************************************************************************
2026-02-27 21:32:39,663 p=3256405 u=administrator n=ansible INFO| vendredi 27 février 2026  21:32:39 +0100 (0:00:01.012)       0:00:24.319 ****** 
2026-02-27 21:32:40,409 p=3256405 u=administrator n=ansible INFO| ok: [k3s-node-1]
2026-02-27 21:32:40,426 p=3256405 u=administrator n=ansible INFO| TASK [Vérifier les services Nextcloud] **************************************************************************************************************************************************************************************************************************************************
2026-02-27 21:32:40,427 p=3256405 u=administrator n=ansible INFO| vendredi 27 février 2026  21:32:40 +0100 (0:00:00.763)       0:00:25.083 ****** 
2026-02-27 21:32:41,188 p=3256405 u=administrator n=ansible INFO| ok: [k3s-node-1]
2026-02-27 21:32:41,215 p=3256405 u=administrator n=ansible INFO| TASK [Vérifier les PVC Nextcloud] *******************************************************************************************************************************************************************************************************************************************************
2026-02-27 21:32:41,215 p=3256405 u=administrator n=ansible INFO| vendredi 27 février 2026  21:32:41 +0100 (0:00:00.788)       0:00:25.872 ****** 
2026-02-27 21:32:41,947 p=3256405 u=administrator n=ansible INFO| ok: [k3s-node-1]
2026-02-27 21:32:41,969 p=3256405 u=administrator n=ansible INFO| TASK [Vérifier l'Ingress Nextcloud] *****************************************************************************************************************************************************************************************************************************************************
2026-02-27 21:32:41,970 p=3256405 u=administrator n=ansible INFO| vendredi 27 février 2026  21:32:41 +0100 (0:00:00.754)       0:00:26.626 ****** 
2026-02-27 21:32:42,765 p=3256405 u=administrator n=ansible INFO| ok: [k3s-node-1]
2026-02-27 21:32:42,784 p=3256405 u=administrator n=ansible INFO| TASK [Vérifier le certificat Nextcloud] *************************************************************************************************************************************************************************************************************************************************
2026-02-27 21:32:42,785 p=3256405 u=administrator n=ansible INFO| vendredi 27 février 2026  21:32:42 +0100 (0:00:00.815)       0:00:27.442 ****** 
2026-02-27 21:32:43,587 p=3256405 u=administrator n=ansible INFO| ok: [k3s-node-1]
2026-02-27 21:32:43,612 p=3256405 u=administrator n=ansible INFO| TASK [Attendre que Nextcloud soit prêt pour la configuration LDAP] **********************************************************************************************************************************************************************************************************************
2026-02-27 21:32:43,613 p=3256405 u=administrator n=ansible INFO| vendredi 27 février 2026  21:32:43 +0100 (0:00:00.827)       0:00:28.269 ****** 
2026-02-27 21:32:44,574 p=3256405 u=administrator n=ansible INFO| ok: [k3s-node-1]
2026-02-27 21:32:44,601 p=3256405 u=administrator n=ansible INFO| TASK [Attendre que le pod Samba soit prêt] **********************************************************************************************************************************************************************************************************************************************
2026-02-27 21:32:44,601 p=3256405 u=administrator n=ansible INFO| vendredi 27 février 2026  21:32:44 +0100 (0:00:00.988)       0:00:29.258 ****** 
2026-02-27 21:32:45,479 p=3256405 u=administrator n=ansible INFO| ok: [k3s-node-1]
2026-02-27 21:32:45,518 p=3256405 u=administrator n=ansible INFO| TASK [Tester la connectivité réseau vers le DC (192.168.0.100:389)] *********************************************************************************************************************************************************************************************************************
2026-02-27 21:32:45,519 p=3256405 u=administrator n=ansible INFO| vendredi 27 février 2026  21:32:45 +0100 (0:00:00.917)       0:00:30.175 ****** 
2026-02-27 21:32:46,440 p=3256405 u=administrator n=ansible INFO| ok: [k3s-node-1]
2026-02-27 21:32:46,461 p=3256405 u=administrator n=ansible INFO| TASK [Résultat connectivité LDAP] *******************************************************************************************************************************************************************************************************************************************************
2026-02-27 21:32:46,461 p=3256405 u=administrator n=ansible INFO| vendredi 27 février 2026  21:32:46 +0100 (0:00:00.942)       0:00:31.118 ****** 
2026-02-27 21:32:46,539 p=3256405 u=administrator n=ansible INFO| ok: [k3s-node-1] => 
  msg: ' OK - Le pod Nextcloud peut joindre 192.168.0.100:389 '
2026-02-27 21:32:46,561 p=3256405 u=administrator n=ansible INFO| TASK [Vérifier si le compte AD s_next_ad existe] ****************************************************************************************************************************************************************************************************************************************
2026-02-27 21:32:46,561 p=3256405 u=administrator n=ansible INFO| vendredi 27 février 2026  21:32:46 +0100 (0:00:00.099)       0:00:31.218 ****** 
2026-02-27 21:32:47,739 p=3256405 u=administrator n=ansible INFO| ok: [k3s-node-1]
2026-02-27 21:32:47,759 p=3256405 u=administrator n=ansible INFO| TASK [Créer le compte AD s_next_ad (via net rpc)] ***************************************************************************************************************************************************************************************************************************************
2026-02-27 21:32:47,759 p=3256405 u=administrator n=ansible INFO| vendredi 27 février 2026  21:32:47 +0100 (0:00:01.198)       0:00:32.416 ****** 
2026-02-27 21:32:47,784 p=3256405 u=administrator n=ansible INFO| skipping: [k3s-node-1]
2026-02-27 21:32:47,801 p=3256405 u=administrator n=ansible INFO| TASK [Résultat création compte AD] ******************************************************************************************************************************************************************************************************************************************************
2026-02-27 21:32:47,802 p=3256405 u=administrator n=ansible INFO| vendredi 27 février 2026  21:32:47 +0100 (0:00:00.042)       0:00:32.459 ****** 
2026-02-27 21:32:47,917 p=3256405 u=administrator n=ansible INFO| ok: [k3s-node-1] => 
  msg: ' OK - Le compte s_next_ad existe déjà dans AD '
2026-02-27 21:32:47,945 p=3256405 u=administrator n=ansible INFO| TASK [Définir le mot de passe à ne jamais expirer] **************************************************************************************************************************************************************************************************************************************
2026-02-27 21:32:47,945 p=3256405 u=administrator n=ansible INFO| vendredi 27 février 2026  21:32:47 +0100 (0:00:00.143)       0:00:32.602 ****** 
2026-02-27 21:32:48,917 p=3256405 u=administrator n=ansible INFO| changed: [k3s-node-1]
2026-02-27 21:32:48,935 p=3256405 u=administrator n=ansible INFO| TASK [Activer l'app user_ldap dans Nextcloud] *******************************************************************************************************************************************************************************************************************************************
2026-02-27 21:32:48,935 p=3256405 u=administrator n=ansible INFO| vendredi 27 février 2026  21:32:48 +0100 (0:00:00.989)       0:00:33.592 ****** 
2026-02-27 21:32:50,457 p=3256405 u=administrator n=ansible INFO| changed: [k3s-node-1]
2026-02-27 21:32:50,474 p=3256405 u=administrator n=ansible INFO| TASK [Lister les configurations LDAP existantes] ****************************************************************************************************************************************************************************************************************************************
2026-02-27 21:32:50,474 p=3256405 u=administrator n=ansible INFO| vendredi 27 février 2026  21:32:50 +0100 (0:00:01.538)       0:00:35.131 ****** 
2026-02-27 21:32:51,984 p=3256405 u=administrator n=ansible INFO| ok: [k3s-node-1]
2026-02-27 21:32:52,007 p=3256405 u=administrator n=ansible INFO| TASK [Supprimer les configurations LDAP orphelines (s02, s03, ...)] *********************************************************************************************************************************************************************************************************************
2026-02-27 21:32:52,007 p=3256405 u=administrator n=ansible INFO| vendredi 27 février 2026  21:32:52 +0100 (0:00:01.533)       0:00:36.664 ****** 
2026-02-27 21:32:52,061 p=3256405 u=administrator n=ansible INFO| skipping: [k3s-node-1]
2026-02-27 21:32:52,095 p=3256405 u=administrator n=ansible INFO| TASK [Créer la configuration LDAP s01 (si absente)] *************************************************************************************************************************************************************************************************************************************
2026-02-27 21:32:52,095 p=3256405 u=administrator n=ansible INFO| vendredi 27 février 2026  21:32:52 +0100 (0:00:00.088)       0:00:36.752 ****** 
2026-02-27 21:32:52,122 p=3256405 u=administrator n=ansible INFO| skipping: [k3s-node-1]
2026-02-27 21:32:52,146 p=3256405 u=administrator n=ansible INFO| TASK [Configurer le backend LDAP (connexion AD)] ****************************************************************************************************************************************************************************************************************************************
2026-02-27 21:32:52,147 p=3256405 u=administrator n=ansible INFO| vendredi 27 février 2026  21:32:52 +0100 (0:00:00.051)       0:00:36.803 ****** 
2026-02-27 21:32:53,957 p=3256405 u=administrator n=ansible INFO| changed: [k3s-node-1] => (item=ldapHost)
2026-02-27 21:32:55,439 p=3256405 u=administrator n=ansible INFO| changed: [k3s-node-1] => (item=ldapPort)
2026-02-27 21:32:56,882 p=3256405 u=administrator n=ansible INFO| changed: [k3s-node-1] => (item=ldapAgentName)
2026-02-27 21:32:58,323 p=3256405 u=administrator n=ansible INFO| changed: [k3s-node-1] => (item=ldapAgentPassword)
2026-02-27 21:32:59,801 p=3256405 u=administrator n=ansible INFO| changed: [k3s-node-1] => (item=ldapBase)
2026-02-27 21:33:01,260 p=3256405 u=administrator n=ansible INFO| changed: [k3s-node-1] => (item=ldapTLS)
2026-02-27 21:33:02,760 p=3256405 u=administrator n=ansible INFO| changed: [k3s-node-1] => (item=turnOffCertCheck)
2026-02-27 21:33:04,226 p=3256405 u=administrator n=ansible INFO| changed: [k3s-node-1] => (item=ldapBaseUsers)
2026-02-27 21:33:05,705 p=3256405 u=administrator n=ansible INFO| changed: [k3s-node-1] => (item=ldapUserFilter)
2026-02-27 21:33:07,144 p=3256405 u=administrator n=ansible INFO| changed: [k3s-node-1] => (item=ldapUserFilterObjectclass)
2026-02-27 21:33:08,696 p=3256405 u=administrator n=ansible INFO| changed: [k3s-node-1] => (item=ldapUserDisplayName)
2026-02-27 21:33:10,208 p=3256405 u=administrator n=ansible INFO| changed: [k3s-node-1] => (item=ldapEmailAttribute)
2026-02-27 21:33:11,659 p=3256405 u=administrator n=ansible INFO| changed: [k3s-node-1] => (item=ldapExpertUsernameAttr)
2026-02-27 21:33:13,267 p=3256405 u=administrator n=ansible INFO| changed: [k3s-node-1] => (item=ldapExpertUUIDUserAttr)
2026-02-27 21:33:14,729 p=3256405 u=administrator n=ansible INFO| changed: [k3s-node-1] => (item=ldapLoginFilter)
2026-02-27 21:33:16,205 p=3256405 u=administrator n=ansible INFO| changed: [k3s-node-1] => (item=ldapLoginFilterUsername)
2026-02-27 21:33:17,659 p=3256405 u=administrator n=ansible INFO| changed: [k3s-node-1] => (item=ldapBaseGroups)
2026-02-27 21:33:19,115 p=3256405 u=administrator n=ansible INFO| changed: [k3s-node-1] => (item=ldapGroupFilter)
2026-02-27 21:33:20,639 p=3256405 u=administrator n=ansible INFO| changed: [k3s-node-1] => (item=ldapGroupFilterObjectclass)
2026-02-27 21:33:22,136 p=3256405 u=administrator n=ansible INFO| changed: [k3s-node-1] => (item=ldapGroupMemberAssocAttr)
2026-02-27 21:33:23,617 p=3256405 u=administrator n=ansible INFO| changed: [k3s-node-1] => (item=ldapExpertUUIDGroupAttr)
2026-02-27 21:33:25,096 p=3256405 u=administrator n=ansible INFO| changed: [k3s-node-1] => (item=hasMemberOfFilterSupport)
2026-02-27 21:33:26,586 p=3256405 u=administrator n=ansible INFO| changed: [k3s-node-1] => (item=useMemberOfToDetectMembership)
2026-02-27 21:33:28,106 p=3256405 u=administrator n=ansible INFO| changed: [k3s-node-1] => (item=ldapConfigurationActive)
2026-02-27 21:33:28,157 p=3256405 u=administrator n=ansible INFO| TASK [Vérifier la connexion LDAP (test-config s01)] *************************************************************************************************************************************************************************************************************************************
2026-02-27 21:33:28,157 p=3256405 u=administrator n=ansible INFO| vendredi 27 février 2026  21:33:28 +0100 (0:00:36.010)       0:01:12.814 ****** 
2026-02-27 21:33:29,662 p=3256405 u=administrator n=ansible INFO| ok: [k3s-node-1]
2026-02-27 21:33:29,679 p=3256405 u=administrator n=ansible INFO| TASK [Afficher la configuration LDAP complète] ******************************************************************************************************************************************************************************************************************************************
2026-02-27 21:33:29,680 p=3256405 u=administrator n=ansible INFO| vendredi 27 février 2026  21:33:29 +0100 (0:00:01.522)       0:01:14.336 ****** 
2026-02-27 21:33:31,198 p=3256405 u=administrator n=ansible INFO| ok: [k3s-node-1]
2026-02-27 21:33:31,215 p=3256405 u=administrator n=ansible INFO| TASK [Résultat du test LDAP] ************************************************************************************************************************************************************************************************************************************************************
2026-02-27 21:33:31,215 p=3256405 u=administrator n=ansible INFO| vendredi 27 février 2026  21:33:31 +0100 (0:00:01.535)       0:01:15.872 ****** 
2026-02-27 21:33:31,287 p=3256405 u=administrator n=ansible INFO| ok: [k3s-node-1] => 
  msg:
  - '--- Test LDAP ---'
  - - The configuration is valid and the connection could be established!
  - []
  - '--- Configuration s01 ---'
  - - +-------------------------------+-----------------------------------------------------------------------+
    - '| Configuration                 | s01                                                                   |'
    - +-------------------------------+-----------------------------------------------------------------------+
    - '| hasMemberOfFilterSupport      | 1                                                                     |'
    - '| homeFolderNamingRule          |                                                                       |'
    - '| lastJpegPhotoLookup           | 0                                                                     |'
    - '| ldapAdminGroup                |                                                                       |'
    - '| ldapAgentName                 | CN=s_next_ad,OU=service_accounts,OU=CORP,DC=corp,DC=lcl               |'
    - '| ldapAgentPassword             | ***                                                                   |'
    - '| ldapAttributeAddress          |                                                                       |'
    - '| ldapAttributeBiography        |                                                                       |'
    - '| ldapAttributeFediverse        |                                                                       |'
    - '| ldapAttributeHeadline         |                                                                       |'
    - '| ldapAttributeOrganisation     |                                                                       |'
    - '| ldapAttributePhone            |                                                                       |'
    - '| ldapAttributeRole             |                                                                       |'
    - '| ldapAttributeTwitter          |                                                                       |'
    - '| ldapAttributeWebsite          |                                                                       |'
    - '| ldapAttributesForGroupSearch  |                                                                       |'
    - '| ldapAttributesForUserSearch   |                                                                       |'
    - '| ldapBackgroundHost            |                                                                       |'
    - '| ldapBackgroundPort            |                                                                       |'
    - '| ldapBackupHost                |                                                                       |'
    - '| ldapBackupPort                |                                                                       |'
    - '| ldapBase                      | DC=corp,DC=lcl                                                        |'
    - '| ldapBaseGroups                | CN=Users,DC=corp,DC=lcl                                               |'
    - '| ldapBaseUsers                 | CN=Users,DC=corp,DC=lcl                                               |'
    - '| ldapCacheTTL                  | 600                                                                   |'
    - '| ldapConfigurationActive       | 1                                                                     |'
    - '| ldapConnectionTimeout         | 15                                                                    |'
    - '| ldapDefaultPPolicyDN          |                                                                       |'
    - '| ldapDynamicGroupMemberURL     |                                                                       |'
    - '| ldapEmailAttribute            | mail                                                                  |'
    - '| ldapExperiencedAdmin          | 0                                                                     |'
    - '| ldapExpertUUIDGroupAttr       | cn                                                                    |'
    - '| ldapExpertUUIDUserAttr        | samaccountname                                                        |'
    - '| ldapExpertUsernameAttr        | samaccountname                                                        |'
    - '| ldapExtStorageHomeAttribute   |                                                                       |'
    - '| ldapGidNumber                 | gidnumber                                                             |'
    - '| ldapGroupDisplayName          | cn                                                                    |'
    - '| ldapGroupFilter               | (objectClass=group)                                                   |'
    - '| ldapGroupFilterGroups         |                                                                       |'
    - '| ldapGroupFilterMode           | 0                                                                     |'
    - '| ldapGroupFilterObjectclass    | group                                                                 |'
    - '| ldapGroupMemberAssocAttr      | member                                                                |'
    - '| ldapHost                      | ldap://192.168.0.100                                                  |'
    - '| ldapIgnoreNamingRules         |                                                                       |'
    - '| ldapLoginFilter               | (&(objectClass=user)(|(sAMAccountName=%uid)(userPrincipalName=%uid))) |'
    - '| ldapLoginFilterAttributes     |                                                                       |'
    - '| ldapLoginFilterEmail          | 0                                                                     |'
    - '| ldapLoginFilterMode           | 0                                                                     |'
    - '| ldapLoginFilterUsername       | 1                                                                     |'
    - '| ldapMatchingRuleInChainState  | unknown                                                               |'
    - '| ldapNestedGroups              | 0                                                                     |'
    - '| ldapOverrideMainServer        |                                                                       |'
    - '| ldapPagingSize                | 500                                                                   |'
    - '| ldapPort                      | 389                                                                   |'
    - '| ldapQuotaAttribute            |                                                                       |'
    - '| ldapQuotaDefault              |                                                                       |'
    - '| ldapTLS                       | 0                                                                     |'
    - '| ldapUserAvatarRule            | default                                                               |'
    - '| ldapUserDisplayName           | displayName                                                           |'
    - '| ldapUserDisplayName2          |                                                                       |'
    - '| ldapUserFilter                | (&(objectClass=user)(!(objectClass=computer)))                        |'
    - '| ldapUserFilterGroups          |                                                                       |'
    - '| ldapUserFilterMode            | 0                                                                     |'
    - '| ldapUserFilterObjectclass     | user                                                                  |'
    - '| ldapUuidGroupAttribute        | auto                                                                  |'
    - '| ldapUuidUserAttribute         | auto                                                                  |'
    - '| markRemnantsAsDisabled        | 0                                                                     |'
    - '| turnOffCertCheck              | 1                                                                     |'
    - '| turnOnPasswordChange          | 0                                                                     |'
    - '| useMemberOfToDetectMembership | 1                                                                     |'
    - +-------------------------------+-----------------------------------------------------------------------+
2026-02-27 21:33:31,304 p=3256405 u=administrator n=ansible INFO| TASK [Afficher les dernières erreurs du log Nextcloud (si test LDAP échoué)] ************************************************************************************************************************************************************************************************************
2026-02-27 21:33:31,304 p=3256405 u=administrator n=ansible INFO| vendredi 27 février 2026  21:33:31 +0100 (0:00:00.089)       0:01:15.961 ****** 
2026-02-27 21:33:31,359 p=3256405 u=administrator n=ansible INFO| skipping: [k3s-node-1]
2026-02-27 21:33:31,388 p=3256405 u=administrator n=ansible INFO| TASK [Log Nextcloud (dernières entrées)] ************************************************************************************************************************************************************************************************************************************************
2026-02-27 21:33:31,388 p=3256405 u=administrator n=ansible INFO| vendredi 27 février 2026  21:33:31 +0100 (0:00:00.083)       0:01:16.045 ****** 
2026-02-27 21:33:31,425 p=3256405 u=administrator n=ansible INFO| skipping: [k3s-node-1]
2026-02-27 21:33:31,445 p=3256405 u=administrator n=ansible INFO| TASK [Résumé Nextcloud] *****************************************************************************************************************************************************************************************************************************************************************
2026-02-27 21:33:31,446 p=3256405 u=administrator n=ansible INFO| vendredi 27 février 2026  21:33:31 +0100 (0:00:00.057)       0:01:16.103 ****** 
2026-02-27 21:33:31,545 p=3256405 u=administrator n=ansible INFO| ok: [k3s-node-1] => 
  msg:
  - ================================================================
  - '  Nextcloud déployé'
  - ================================================================
  - 'Namespace    : nextcloud'
  - 'URL publique : https://nextcloud.app.xixtu.eu'
  - 'TLS          : cert-manager / letsencrypt-production (ECDSA P-256)'
  - 'PostgreSQL   : postgres:16-bookworm (5Gi)'
  - 'Data         : 50Gi (longhorn-fast)'
  - 'Upload max   : 10 Go'
  - 'LDAP/AD      : dc1.corp.lcl (192.168.0.100:389)'
  - 'LDAP bind    : s_next_ad'
  - ================================================================
  - '  Pods'
  - ================================================================
  - - NAME                                  READY   STATUS    RESTARTS   AGE    IP            NODE         NOMINATED NODE   READINESS GATES
    - nextcloud-648c5d9db6-zsbs4            1/1     Running   0          143m   10.42.1.107   k3s-node-2   <none>           <none>
    - nextcloud-postgres-56bfb786f4-22k42   1/1     Running   0          143m   10.42.1.106   k3s-node-2   <none>           <none>
  - ================================================================
  - '  Services'
  - ================================================================
  - - NAME                 TYPE        CLUSTER-IP     EXTERNAL-IP   PORT(S)    AGE
    - nextcloud-postgres   ClusterIP   10.43.11.165   <none>        5432/TCP   143m
    - nextcloud-service    ClusterIP   10.43.53.19    <none>        80/TCP     143m
  - ================================================================
  - '  PVC'
  - ================================================================
  - - NAME                STATUS   VOLUME                                     CAPACITY   ACCESS MODES   STORAGECLASS    VOLUMEATTRIBUTESCLASS   AGE
    - nextcloud-data      Bound    pvc-a60a9502-fabc-4cb6-9e5b-8560790b3a4d   50Gi       RWO            longhorn-fast   <unset>                 143m
    - nextcloud-db-data   Bound    pvc-38d8e918-6b6e-401b-9d1e-cc77b2a54bd6   5Gi        RWO            longhorn-fast   <unset>                 143m
  - ================================================================
  - '  Ingress'
  - ================================================================
  - - NAME                CLASS     HOSTS                    ADDRESS        PORTS     AGE
    - nextcloud-ingress   traefik   nextcloud.app.xixtu.eu   192.168.0.20   80, 443   143m
  - ================================================================
  - '  Certificat'
  - ================================================================
  - - NAME                      READY   SECRET          AGE
    - nextcloud-tls             False   nextcloud-tls   9m5s
    - nextcloud-tls-force-100   True    nextcloud-tls   9m5s
  - ================================================================
  - ''
  - '  AUTHENTIFICATION : LDAP / Active Directory'
  - '  ────────────────────────────────────────'
  - '  Les utilisateurs AD se connectent avec leur sAMAccountName'
  - '  Ex: jean.dupont / <mot_de_passe_AD>'
  - '  Les groupes AD sont synchronises automatiquement'
  - ''
  - '  STOCKAGE EXTERNE (SMB) - post-deploiement :'
  - '  ────────────────────────────────────────'
  - '  1. Administration > Applications > Activer ''External storage support'''
  - '  2. Administration > Stockages externes > Ajouter :'
  - '     Type  : SMB/CIFS'
  - '     Host  : samba-service.nas.svc.cluster.local'
  - '     Share : media (ou documents / shared)'
  - '     Auth  : User entered, stored in database'
  - '     → Chaque utilisateur saisit ses identifiants AD (user@corp.lcl)'
  - ''
  - '  IMPORTANT : Changer admin_password et db_password !'
  - ''
  - ================================================================
2026-02-27 21:33:31,548 p=3256405 u=administrator n=ansible INFO| PLAY RECAP ******************************************************************************************************************************************************************************************************************************************************************************
2026-02-27 21:33:31,549 p=3256405 u=administrator n=ansible INFO| k3s-node-1                 : ok=40   changed=16   unreachable=0    failed=0    skipped=7    rescued=0    ignored=0   
2026-02-27 21:33:31,549 p=3256405 u=administrator n=ansible INFO| PLAYBOOK RECAP **************************************************************************************************************************************************************************************************************************************************************************
2026-02-27 21:33:31,549 p=3256405 u=administrator n=ansible INFO| Playbook run took 0 days, 0 hours, 1 minutes, 16 seconds

2026-02-27 21:33:31,550 p=3256405 u=administrator n=ansible INFO| TASKS RECAP *****************************************************************************************************************************************************************************************************************************************************************************
2026-02-27 21:33:31,550 p=3256405 u=administrator n=ansible INFO| vendredi 27 février 2026  21:33:31 +0100 (0:00:00.104)       0:01:16.207 ****** 
2026-02-27 21:33:31,550 p=3256405 u=administrator n=ansible INFO| =============================================================================== 
2026-02-27 21:33:31,550 p=3256405 u=administrator n=ansible INFO| Configurer le backend LDAP (connexion AD) --------------------------------------------------------------------------------------------------------------------------------------------------------------------------------------------------------------------------------------- 36.01s
2026-02-27 21:33:31,551 p=3256405 u=administrator n=ansible INFO| Créer le namespace nextcloud ----------------------------------------------------------------------------------------------------------------------------------------------------------------------------------------------------------------------------------------------------- 2.21s
2026-02-27 21:33:31,551 p=3256405 u=administrator n=ansible INFO| Écrire les PVC Nextcloud --------------------------------------------------------------------------------------------------------------------------------------------------------------------------------------------------------------------------------------------------------- 1.80s
2026-02-27 21:33:31,551 p=3256405 u=administrator n=ansible INFO| Appliquer l'IngressRoute HTTPS Nextcloud ----------------------------------------------------------------------------------------------------------------------------------------------------------------------------------------------------------------------------------------- 1.61s
2026-02-27 21:33:31,551 p=3256405 u=administrator n=ansible INFO| Activer l'app user_ldap dans Nextcloud ------------------------------------------------------------------------------------------------------------------------------------------------------------------------------------------------------------------------------------------- 1.54s
2026-02-27 21:33:31,552 p=3256405 u=administrator n=ansible INFO| Afficher la configuration LDAP complète ------------------------------------------------------------------------------------------------------------------------------------------------------------------------------------------------------------------------------------------ 1.54s
2026-02-27 21:33:31,552 p=3256405 u=administrator n=ansible INFO| Lister les configurations LDAP existantes ---------------------------------------------------------------------------------------------------------------------------------------------------------------------------------------------------------------------------------------- 1.53s
2026-02-27 21:33:31,552 p=3256405 u=administrator n=ansible INFO| Vérifier la connexion LDAP (test-config s01) ------------------------------------------------------------------------------------------------------------------------------------------------------------------------------------------------------------------------------------- 1.52s
2026-02-27 21:33:31,552 p=3256405 u=administrator n=ansible INFO| Appliquer les PVC Nextcloud ------------------------------------------------------------------------------------------------------------------------------------------------------------------------------------------------------------------------------------------------------ 1.37s
2026-02-27 21:33:31,552 p=3256405 u=administrator n=ansible INFO| Appliquer le Deployment Nextcloud ------------------------------------------------------------------------------------------------------------------------------------------------------------------------------------------------------------------------------------------------ 1.32s
2026-02-27 21:33:31,552 p=3256405 u=administrator n=ansible INFO| Écrire l'IngressRoute HTTPS Nextcloud -------------------------------------------------------------------------------------------------------------------------------------------------------------------------------------------------------------------------------------------- 1.32s
2026-02-27 21:33:31,553 p=3256405 u=administrator n=ansible INFO| Écrire l'Ingress TLS Nextcloud --------------------------------------------------------------------------------------------------------------------------------------------------------------------------------------------------------------------------------------------------- 1.30s
2026-02-27 21:33:31,553 p=3256405 u=administrator n=ansible INFO| Écrire le Deployment Nextcloud --------------------------------------------------------------------------------------------------------------------------------------------------------------------------------------------------------------------------------------------------- 1.29s
2026-02-27 21:33:31,553 p=3256405 u=administrator n=ansible INFO| Écrire le Deployment PostgreSQL -------------------------------------------------------------------------------------------------------------------------------------------------------------------------------------------------------------------------------------------------- 1.27s
2026-02-27 21:33:31,553 p=3256405 u=administrator n=ansible INFO| Appliquer le Deployment PostgreSQL ----------------------------------------------------------------------------------------------------------------------------------------------------------------------------------------------------------------------------------------------- 1.25s
2026-02-27 21:33:31,553 p=3256405 u=administrator n=ansible INFO| Vérifier si le compte AD s_next_ad existe ---------------------------------------------------------------------------------------------------------------------------------------------------------------------------------------------------------------------------------------- 1.20s
2026-02-27 21:33:31,554 p=3256405 u=administrator n=ansible INFO| Créer le Secret PostgreSQL ------------------------------------------------------------------------------------------------------------------------------------------------------------------------------------------------------------------------------------------------------- 1.16s
2026-02-27 21:33:31,554 p=3256405 u=administrator n=ansible INFO| Créer le Secret Nextcloud admin -------------------------------------------------------------------------------------------------------------------------------------------------------------------------------------------------------------------------------------------------- 1.11s
2026-02-27 21:33:31,554 p=3256405 u=administrator n=ansible INFO| Attendre que tous les pods Nextcloud soient Ready -------------------------------------------------------------------------------------------------------------------------------------------------------------------------------------------------------------------------------- 1.01s
2026-02-27 21:33:31,554 p=3256405 u=administrator n=ansible INFO| Définir le mot de passe à ne jamais expirer -------------------------------------------------------------------------------------------------------------------------------------------------------------------------------------------------------------------------------------- 0.99s
2026-02-28 00:08:42,279 p=3535921 u=administrator n=ansible WARNING| [WARNING]: Deprecation warnings can be disabled by setting `deprecation_warnings=False` in ansible.cfg.

2026-02-28 00:08:42,280 p=3535921 u=administrator n=ansible INFO| [DEPRECATION WARNING]: community.general.yaml has been deprecated. The plugin has been superseded by the the option `result_format=yaml` in callback plugin ansible.builtin.default from ansible-core 2.13 onwards. This feature will be removed from collection 'community.general' version 12.0.0.

2026-02-28 00:08:42,377 p=3535921 u=administrator n=ansible INFO| PLAY [Nextcloud - Cloud personnel avec External Storage SMB] ***************************************************************************************
2026-02-28 00:08:42,419 p=3535921 u=administrator n=ansible INFO| TASK [Créer le namespace nextcloud] ****************************************************************************************************************
2026-02-28 00:08:42,419 p=3535921 u=administrator n=ansible INFO| samedi 28 février 2026  00:08:42 +0100 (0:00:00.090)       0:00:00.090 ******** 
2026-02-28 00:08:44,613 p=3535921 u=administrator n=ansible ERROR| [ERROR]: non-zero return code

2026-02-28 00:08:44,613 p=3535921 u=administrator n=ansible INFO| ok: [k3s-node-1]
2026-02-28 00:08:44,640 p=3535921 u=administrator n=ansible INFO| TASK [Créer le Secret PostgreSQL] ******************************************************************************************************************
2026-02-28 00:08:44,640 p=3535921 u=administrator n=ansible INFO| samedi 28 février 2026  00:08:44 +0100 (0:00:02.221)       0:00:02.312 ******** 
2026-02-28 00:08:45,784 p=3535921 u=administrator n=ansible INFO| changed: [k3s-node-1]
2026-02-28 00:08:45,811 p=3535921 u=administrator n=ansible INFO| TASK [Créer le Secret Nextcloud admin] *************************************************************************************************************
2026-02-28 00:08:45,811 p=3535921 u=administrator n=ansible INFO| samedi 28 février 2026  00:08:45 +0100 (0:00:01.170)       0:00:03.482 ******** 
2026-02-28 00:08:46,919 p=3535921 u=administrator n=ansible INFO| changed: [k3s-node-1]
2026-02-28 00:08:46,939 p=3535921 u=administrator n=ansible INFO| TASK [Écrire les PVC Nextcloud] ********************************************************************************************************************
2026-02-28 00:08:46,939 p=3535921 u=administrator n=ansible INFO| samedi 28 février 2026  00:08:46 +0100 (0:00:01.128)       0:00:04.611 ******** 
2026-02-28 00:08:48,734 p=3535921 u=administrator n=ansible INFO| changed: [k3s-node-1]
2026-02-28 00:08:48,759 p=3535921 u=administrator n=ansible INFO| TASK [Appliquer les PVC Nextcloud] *****************************************************************************************************************
2026-02-28 00:08:48,760 p=3535921 u=administrator n=ansible INFO| samedi 28 février 2026  00:08:48 +0100 (0:00:01.820)       0:00:06.431 ******** 
2026-02-28 00:08:50,185 p=3535921 u=administrator n=ansible INFO| ok: [k3s-node-1]
2026-02-28 00:08:50,219 p=3535921 u=administrator n=ansible INFO| TASK [Supprimer le fichier PVC temporaire] *********************************************************************************************************
2026-02-28 00:08:50,219 p=3535921 u=administrator n=ansible INFO| samedi 28 février 2026  00:08:50 +0100 (0:00:01.459)       0:00:07.891 ******** 
2026-02-28 00:08:51,103 p=3535921 u=administrator n=ansible INFO| changed: [k3s-node-1]
2026-02-28 00:08:51,179 p=3535921 u=administrator n=ansible INFO| TASK [Écrire le Deployment PostgreSQL] *************************************************************************************************************
2026-02-28 00:08:51,180 p=3535921 u=administrator n=ansible INFO| samedi 28 février 2026  00:08:51 +0100 (0:00:00.960)       0:00:08.851 ******** 
2026-02-28 00:08:52,425 p=3535921 u=administrator n=ansible INFO| changed: [k3s-node-1]
2026-02-28 00:08:52,452 p=3535921 u=administrator n=ansible INFO| TASK [Appliquer le Deployment PostgreSQL] **********************************************************************************************************
2026-02-28 00:08:52,452 p=3535921 u=administrator n=ansible INFO| samedi 28 février 2026  00:08:52 +0100 (0:00:01.272)       0:00:10.124 ******** 
2026-02-28 00:08:53,758 p=3535921 u=administrator n=ansible INFO| ok: [k3s-node-1]
2026-02-28 00:08:53,786 p=3535921 u=administrator n=ansible INFO| TASK [Supprimer le fichier PostgreSQL temporaire] **************************************************************************************************
2026-02-28 00:08:53,787 p=3535921 u=administrator n=ansible INFO| samedi 28 février 2026  00:08:53 +0100 (0:00:01.334)       0:00:11.458 ******** 
2026-02-28 00:08:54,370 p=3535921 u=administrator n=ansible INFO| changed: [k3s-node-1]
2026-02-28 00:08:54,398 p=3535921 u=administrator n=ansible INFO| TASK [Attendre que PostgreSQL soit Ready] **********************************************************************************************************
2026-02-28 00:08:54,398 p=3535921 u=administrator n=ansible INFO| samedi 28 février 2026  00:08:54 +0100 (0:00:00.611)       0:00:12.070 ******** 
2026-02-28 00:08:55,283 p=3535921 u=administrator n=ansible INFO| ok: [k3s-node-1]
2026-02-28 00:08:55,311 p=3535921 u=administrator n=ansible INFO| TASK [Écrire le Deployment Nextcloud] **************************************************************************************************************
2026-02-28 00:08:55,311 p=3535921 u=administrator n=ansible INFO| samedi 28 février 2026  00:08:55 +0100 (0:00:00.913)       0:00:12.983 ******** 
2026-02-28 00:08:56,563 p=3535921 u=administrator n=ansible INFO| changed: [k3s-node-1]
2026-02-28 00:08:56,582 p=3535921 u=administrator n=ansible INFO| TASK [Appliquer le Deployment Nextcloud] ***********************************************************************************************************
2026-02-28 00:08:56,582 p=3535921 u=administrator n=ansible INFO| samedi 28 février 2026  00:08:56 +0100 (0:00:01.270)       0:00:14.254 ******** 
2026-02-28 00:08:57,852 p=3535921 u=administrator n=ansible INFO| ok: [k3s-node-1]
2026-02-28 00:08:57,878 p=3535921 u=administrator n=ansible INFO| TASK [Supprimer le fichier Nextcloud temporaire] ***************************************************************************************************
2026-02-28 00:08:57,879 p=3535921 u=administrator n=ansible INFO| samedi 28 février 2026  00:08:57 +0100 (0:00:01.296)       0:00:15.550 ******** 
2026-02-28 00:08:58,457 p=3535921 u=administrator n=ansible INFO| changed: [k3s-node-1]
2026-02-28 00:08:58,483 p=3535921 u=administrator n=ansible INFO| TASK [Écrire l'Ingress TLS Nextcloud] **************************************************************************************************************
2026-02-28 00:08:58,484 p=3535921 u=administrator n=ansible INFO| samedi 28 février 2026  00:08:58 +0100 (0:00:00.605)       0:00:16.155 ******** 
2026-02-28 00:08:59,743 p=3535921 u=administrator n=ansible INFO| changed: [k3s-node-1]
2026-02-28 00:08:59,770 p=3535921 u=administrator n=ansible INFO| TASK [Appliquer l'Ingress TLS Nextcloud] ***********************************************************************************************************
2026-02-28 00:08:59,771 p=3535921 u=administrator n=ansible INFO| samedi 28 février 2026  00:08:59 +0100 (0:00:01.286)       0:00:17.442 ******** 
2026-02-28 00:09:00,640 p=3535921 u=administrator n=ansible INFO| changed: [k3s-node-1]
2026-02-28 00:09:00,665 p=3535921 u=administrator n=ansible INFO| TASK [Supprimer le fichier Ingress temporaire] *****************************************************************************************************
2026-02-28 00:09:00,665 p=3535921 u=administrator n=ansible INFO| samedi 28 février 2026  00:09:00 +0100 (0:00:00.894)       0:00:18.337 ******** 
2026-02-28 00:09:01,254 p=3535921 u=administrator n=ansible INFO| changed: [k3s-node-1]
2026-02-28 00:09:01,291 p=3535921 u=administrator n=ansible INFO| TASK [Vérifier le type de clé du certificat actuel] ************************************************************************************************
2026-02-28 00:09:01,291 p=3535921 u=administrator n=ansible INFO| samedi 28 février 2026  00:09:01 +0100 (0:00:00.625)       0:00:18.963 ******** 
2026-02-28 00:09:02,086 p=3535921 u=administrator n=ansible INFO| ok: [k3s-node-1]
2026-02-28 00:09:02,117 p=3535921 u=administrator n=ansible INFO| TASK [Supprimer l'ancien certificat RSA pour renouvellement ECDSA] *********************************************************************************
2026-02-28 00:09:02,118 p=3535921 u=administrator n=ansible INFO| samedi 28 février 2026  00:09:02 +0100 (0:00:00.826)       0:00:19.789 ******** 
2026-02-28 00:09:02,162 p=3535921 u=administrator n=ansible INFO| skipping: [k3s-node-1]
2026-02-28 00:09:02,196 p=3535921 u=administrator n=ansible INFO| TASK [Supprimer l'ancien secret TLS RSA] ***********************************************************************************************************
2026-02-28 00:09:02,197 p=3535921 u=administrator n=ansible INFO| samedi 28 février 2026  00:09:02 +0100 (0:00:00.078)       0:00:19.868 ******** 
2026-02-28 00:09:02,236 p=3535921 u=administrator n=ansible INFO| skipping: [k3s-node-1]
2026-02-28 00:09:02,264 p=3535921 u=administrator n=ansible INFO| TASK [Écrire l'IngressRoute HTTPS Nextcloud] *******************************************************************************************************
2026-02-28 00:09:02,264 p=3535921 u=administrator n=ansible INFO| samedi 28 février 2026  00:09:02 +0100 (0:00:00.067)       0:00:19.936 ******** 
2026-02-28 00:09:03,523 p=3535921 u=administrator n=ansible INFO| changed: [k3s-node-1]
2026-02-28 00:09:03,551 p=3535921 u=administrator n=ansible INFO| TASK [Appliquer l'IngressRoute HTTPS Nextcloud] ****************************************************************************************************
2026-02-28 00:09:03,552 p=3535921 u=administrator n=ansible INFO| samedi 28 février 2026  00:09:03 +0100 (0:00:01.287)       0:00:21.223 ******** 
2026-02-28 00:09:05,154 p=3535921 u=administrator n=ansible INFO| ok: [k3s-node-1]
2026-02-28 00:09:05,182 p=3535921 u=administrator n=ansible INFO| TASK [Supprimer le fichier IngressRoute temporaire] ************************************************************************************************
2026-02-28 00:09:05,182 p=3535921 u=administrator n=ansible INFO| samedi 28 février 2026  00:09:05 +0100 (0:00:01.630)       0:00:22.854 ******** 
2026-02-28 00:09:05,757 p=3535921 u=administrator n=ansible INFO| changed: [k3s-node-1]
2026-02-28 00:09:05,790 p=3535921 u=administrator n=ansible INFO| TASK [Attendre que tous les pods Nextcloud soient Ready] *******************************************************************************************
2026-02-28 00:09:05,790 p=3535921 u=administrator n=ansible INFO| samedi 28 février 2026  00:09:05 +0100 (0:00:00.607)       0:00:23.462 ******** 
2026-02-28 00:09:06,764 p=3535921 u=administrator n=ansible INFO| ok: [k3s-node-1]
2026-02-28 00:09:06,792 p=3535921 u=administrator n=ansible INFO| TASK [Vérifier les pods Nextcloud] *****************************************************************************************************************
2026-02-28 00:09:06,792 p=3535921 u=administrator n=ansible INFO| samedi 28 février 2026  00:09:06 +0100 (0:00:01.002)       0:00:24.464 ******** 
2026-02-28 00:09:07,567 p=3535921 u=administrator n=ansible INFO| ok: [k3s-node-1]
2026-02-28 00:09:07,594 p=3535921 u=administrator n=ansible INFO| TASK [Vérifier les services Nextcloud] *************************************************************************************************************
2026-02-28 00:09:07,595 p=3535921 u=administrator n=ansible INFO| samedi 28 février 2026  00:09:07 +0100 (0:00:00.802)       0:00:25.266 ******** 
2026-02-28 00:09:08,385 p=3535921 u=administrator n=ansible INFO| ok: [k3s-node-1]
2026-02-28 00:09:08,413 p=3535921 u=administrator n=ansible INFO| TASK [Vérifier les PVC Nextcloud] ******************************************************************************************************************
2026-02-28 00:09:08,413 p=3535921 u=administrator n=ansible INFO| samedi 28 février 2026  00:09:08 +0100 (0:00:00.818)       0:00:26.085 ******** 
2026-02-28 00:09:09,194 p=3535921 u=administrator n=ansible INFO| ok: [k3s-node-1]
2026-02-28 00:09:09,222 p=3535921 u=administrator n=ansible INFO| TASK [Vérifier l'Ingress Nextcloud] ****************************************************************************************************************
2026-02-28 00:09:09,223 p=3535921 u=administrator n=ansible INFO| samedi 28 février 2026  00:09:09 +0100 (0:00:00.809)       0:00:26.894 ******** 
2026-02-28 00:09:09,980 p=3535921 u=administrator n=ansible INFO| ok: [k3s-node-1]
2026-02-28 00:09:09,999 p=3535921 u=administrator n=ansible INFO| TASK [Vérifier le certificat Nextcloud] ************************************************************************************************************
2026-02-28 00:09:10,000 p=3535921 u=administrator n=ansible INFO| samedi 28 février 2026  00:09:09 +0100 (0:00:00.777)       0:00:27.671 ******** 
2026-02-28 00:09:10,784 p=3535921 u=administrator n=ansible INFO| ok: [k3s-node-1]
2026-02-28 00:09:10,801 p=3535921 u=administrator n=ansible INFO| TASK [Attendre que Nextcloud soit prêt pour la configuration LDAP] *********************************************************************************
2026-02-28 00:09:10,801 p=3535921 u=administrator n=ansible INFO| samedi 28 février 2026  00:09:10 +0100 (0:00:00.800)       0:00:28.472 ******** 
2026-02-28 00:09:11,672 p=3535921 u=administrator n=ansible INFO| ok: [k3s-node-1]
2026-02-28 00:09:11,698 p=3535921 u=administrator n=ansible INFO| TASK [Attendre que le pod Samba soit prêt] *********************************************************************************************************
2026-02-28 00:09:11,698 p=3535921 u=administrator n=ansible INFO| samedi 28 février 2026  00:09:11 +0100 (0:00:00.897)       0:00:29.370 ******** 
2026-02-28 00:09:12,584 p=3535921 u=administrator n=ansible INFO| ok: [k3s-node-1]
2026-02-28 00:09:12,627 p=3535921 u=administrator n=ansible INFO| TASK [Tester la connectivité réseau vers le DC (192.168.0.100:389)] ********************************************************************************
2026-02-28 00:09:12,627 p=3535921 u=administrator n=ansible INFO| samedi 28 février 2026  00:09:12 +0100 (0:00:00.928)       0:00:30.298 ******** 
2026-02-28 00:09:13,531 p=3535921 u=administrator n=ansible INFO| ok: [k3s-node-1]
2026-02-28 00:09:13,552 p=3535921 u=administrator n=ansible INFO| TASK [Résultat connectivité LDAP] ******************************************************************************************************************
2026-02-28 00:09:13,553 p=3535921 u=administrator n=ansible INFO| samedi 28 février 2026  00:09:13 +0100 (0:00:00.925)       0:00:31.224 ******** 
2026-02-28 00:09:13,622 p=3535921 u=administrator n=ansible INFO| ok: [k3s-node-1] => 
  msg: ' OK - Le pod Nextcloud peut joindre 192.168.0.100:389 '
2026-02-28 00:09:13,645 p=3535921 u=administrator n=ansible INFO| TASK [Vérifier si le compte AD s_next_ad existe] ***************************************************************************************************
2026-02-28 00:09:13,646 p=3535921 u=administrator n=ansible INFO| samedi 28 février 2026  00:09:13 +0100 (0:00:00.092)       0:00:31.317 ******** 
2026-02-28 00:09:14,801 p=3535921 u=administrator n=ansible INFO| ok: [k3s-node-1]
2026-02-28 00:09:14,834 p=3535921 u=administrator n=ansible INFO| TASK [Créer le compte AD s_next_ad (via net rpc)] **************************************************************************************************
2026-02-28 00:09:14,834 p=3535921 u=administrator n=ansible INFO| samedi 28 février 2026  00:09:14 +0100 (0:00:01.188)       0:00:32.506 ******** 
2026-02-28 00:09:14,864 p=3535921 u=administrator n=ansible INFO| skipping: [k3s-node-1]
2026-02-28 00:09:14,890 p=3535921 u=administrator n=ansible INFO| TASK [Résultat création compte AD] *****************************************************************************************************************
2026-02-28 00:09:14,890 p=3535921 u=administrator n=ansible INFO| samedi 28 février 2026  00:09:14 +0100 (0:00:00.055)       0:00:32.561 ******** 
2026-02-28 00:09:14,958 p=3535921 u=administrator n=ansible INFO| ok: [k3s-node-1] => 
  msg: ' OK - Le compte s_next_ad existe déjà dans AD '
2026-02-28 00:09:14,984 p=3535921 u=administrator n=ansible INFO| TASK [Définir le mot de passe à ne jamais expirer] *************************************************************************************************
2026-02-28 00:09:14,985 p=3535921 u=administrator n=ansible INFO| samedi 28 février 2026  00:09:14 +0100 (0:00:00.094)       0:00:32.656 ******** 
2026-02-28 00:09:15,952 p=3535921 u=administrator n=ansible INFO| changed: [k3s-node-1]
2026-02-28 00:09:15,979 p=3535921 u=administrator n=ansible INFO| TASK [Activer l'app user_ldap dans Nextcloud] ******************************************************************************************************
2026-02-28 00:09:15,979 p=3535921 u=administrator n=ansible INFO| samedi 28 février 2026  00:09:15 +0100 (0:00:00.994)       0:00:33.651 ******** 
2026-02-28 00:09:17,464 p=3535921 u=administrator n=ansible INFO| changed: [k3s-node-1]
2026-02-28 00:09:17,491 p=3535921 u=administrator n=ansible INFO| TASK [Lister les configurations LDAP existantes] ***************************************************************************************************
2026-02-28 00:09:17,491 p=3535921 u=administrator n=ansible INFO| samedi 28 février 2026  00:09:17 +0100 (0:00:01.512)       0:00:35.163 ******** 
2026-02-28 00:09:19,025 p=3535921 u=administrator n=ansible INFO| ok: [k3s-node-1]
2026-02-28 00:09:19,059 p=3535921 u=administrator n=ansible INFO| TASK [Supprimer les configurations LDAP orphelines (s02, s03, ...)] ********************************************************************************
2026-02-28 00:09:19,059 p=3535921 u=administrator n=ansible INFO| samedi 28 février 2026  00:09:19 +0100 (0:00:01.567)       0:00:36.731 ******** 
2026-02-28 00:09:19,119 p=3535921 u=administrator n=ansible INFO| skipping: [k3s-node-1]
2026-02-28 00:09:19,147 p=3535921 u=administrator n=ansible INFO| TASK [Créer la configuration LDAP s01 (si absente)] ************************************************************************************************
2026-02-28 00:09:19,147 p=3535921 u=administrator n=ansible INFO| samedi 28 février 2026  00:09:19 +0100 (0:00:00.088)       0:00:36.819 ******** 
2026-02-28 00:09:19,178 p=3535921 u=administrator n=ansible INFO| skipping: [k3s-node-1]
2026-02-28 00:09:19,203 p=3535921 u=administrator n=ansible INFO| TASK [Configurer le backend LDAP (connexion AD)] ***************************************************************************************************
2026-02-28 00:09:19,203 p=3535921 u=administrator n=ansible INFO| samedi 28 février 2026  00:09:19 +0100 (0:00:00.055)       0:00:36.874 ******** 
2026-02-28 00:09:20,731 p=3535921 u=administrator n=ansible INFO| changed: [k3s-node-1] => (item=ldapHost)
2026-02-28 00:09:22,183 p=3535921 u=administrator n=ansible INFO| changed: [k3s-node-1] => (item=ldapPort)
2026-02-28 00:09:23,657 p=3535921 u=administrator n=ansible INFO| changed: [k3s-node-1] => (item=ldapAgentName)
2026-02-28 00:09:25,143 p=3535921 u=administrator n=ansible INFO| changed: [k3s-node-1] => (item=ldapAgentPassword)
2026-02-28 00:09:26,621 p=3535921 u=administrator n=ansible INFO| changed: [k3s-node-1] => (item=ldapBase)
2026-02-28 00:09:28,097 p=3535921 u=administrator n=ansible INFO| changed: [k3s-node-1] => (item=ldapTLS)
2026-02-28 00:09:29,561 p=3535921 u=administrator n=ansible INFO| changed: [k3s-node-1] => (item=turnOffCertCheck)
2026-02-28 00:09:31,083 p=3535921 u=administrator n=ansible INFO| changed: [k3s-node-1] => (item=ldapBaseUsers)
2026-02-28 00:09:32,545 p=3535921 u=administrator n=ansible INFO| changed: [k3s-node-1] => (item=ldapUserFilter)
2026-02-28 00:09:33,997 p=3535921 u=administrator n=ansible INFO| changed: [k3s-node-1] => (item=ldapUserFilterObjectclass)
2026-02-28 00:09:35,442 p=3535921 u=administrator n=ansible INFO| changed: [k3s-node-1] => (item=ldapUserDisplayName)
2026-02-28 00:09:36,872 p=3535921 u=administrator n=ansible INFO| changed: [k3s-node-1] => (item=ldapEmailAttribute)
2026-02-28 00:09:38,334 p=3535921 u=administrator n=ansible INFO| changed: [k3s-node-1] => (item=ldapExpertUsernameAttr)
2026-02-28 00:09:39,768 p=3535921 u=administrator n=ansible INFO| changed: [k3s-node-1] => (item=ldapExpertUUIDUserAttr)
2026-02-28 00:09:41,204 p=3535921 u=administrator n=ansible INFO| changed: [k3s-node-1] => (item=ldapLoginFilter)
2026-02-28 00:09:42,648 p=3535921 u=administrator n=ansible INFO| changed: [k3s-node-1] => (item=ldapLoginFilterUsername)
2026-02-28 00:09:44,116 p=3535921 u=administrator n=ansible INFO| changed: [k3s-node-1] => (item=ldapBaseGroups)
2026-02-28 00:09:45,596 p=3535921 u=administrator n=ansible INFO| changed: [k3s-node-1] => (item=ldapGroupFilter)
2026-02-28 00:09:47,060 p=3535921 u=administrator n=ansible INFO| changed: [k3s-node-1] => (item=ldapGroupFilterObjectclass)
2026-02-28 00:09:48,519 p=3535921 u=administrator n=ansible INFO| changed: [k3s-node-1] => (item=ldapGroupMemberAssocAttr)
2026-02-28 00:09:50,013 p=3535921 u=administrator n=ansible INFO| changed: [k3s-node-1] => (item=ldapExpertUUIDGroupAttr)
2026-02-28 00:09:51,468 p=3535921 u=administrator n=ansible INFO| changed: [k3s-node-1] => (item=hasMemberOfFilterSupport)
2026-02-28 00:09:52,942 p=3535921 u=administrator n=ansible INFO| changed: [k3s-node-1] => (item=useMemberOfToDetectMembership)
2026-02-28 00:09:54,422 p=3535921 u=administrator n=ansible INFO| changed: [k3s-node-1] => (item=ldapConfigurationActive)
2026-02-28 00:09:54,474 p=3535921 u=administrator n=ansible INFO| TASK [Vérifier la connexion LDAP (test-config s01)] ************************************************************************************************
2026-02-28 00:09:54,474 p=3535921 u=administrator n=ansible INFO| samedi 28 février 2026  00:09:54 +0100 (0:00:35.271)       0:01:12.146 ******** 
2026-02-28 00:09:55,987 p=3535921 u=administrator n=ansible INFO| ok: [k3s-node-1]
2026-02-28 00:09:56,016 p=3535921 u=administrator n=ansible INFO| TASK [Afficher la configuration LDAP complète] *****************************************************************************************************
2026-02-28 00:09:56,017 p=3535921 u=administrator n=ansible INFO| samedi 28 février 2026  00:09:56 +0100 (0:00:01.542)       0:01:13.688 ******** 
2026-02-28 00:09:57,527 p=3535921 u=administrator n=ansible INFO| ok: [k3s-node-1]
2026-02-28 00:09:57,548 p=3535921 u=administrator n=ansible INFO| TASK [Résultat du test LDAP] ***********************************************************************************************************************
2026-02-28 00:09:57,548 p=3535921 u=administrator n=ansible INFO| samedi 28 février 2026  00:09:57 +0100 (0:00:01.531)       0:01:15.220 ******** 
2026-02-28 00:09:57,624 p=3535921 u=administrator n=ansible INFO| ok: [k3s-node-1] => 
  msg:
  - '--- Test LDAP ---'
  - - The configuration is valid and the connection could be established!
  - []
  - '--- Configuration s01 ---'
  - - +-------------------------------+-----------------------------------------------------------------------+
    - '| Configuration                 | s01                                                                   |'
    - +-------------------------------+-----------------------------------------------------------------------+
    - '| hasMemberOfFilterSupport      | 1                                                                     |'
    - '| homeFolderNamingRule          |                                                                       |'
    - '| lastJpegPhotoLookup           | 0                                                                     |'
    - '| ldapAdminGroup                |                                                                       |'
    - '| ldapAgentName                 | CN=s_next_ad,OU=service_accounts,OU=CORP,DC=corp,DC=lcl               |'
    - '| ldapAgentPassword             | ***                                                                   |'
    - '| ldapAttributeAddress          |                                                                       |'
    - '| ldapAttributeBiography        |                                                                       |'
    - '| ldapAttributeFediverse        |                                                                       |'
    - '| ldapAttributeHeadline         |                                                                       |'
    - '| ldapAttributeOrganisation     |                                                                       |'
    - '| ldapAttributePhone            |                                                                       |'
    - '| ldapAttributeRole             |                                                                       |'
    - '| ldapAttributeTwitter          |                                                                       |'
    - '| ldapAttributeWebsite          |                                                                       |'
    - '| ldapAttributesForGroupSearch  |                                                                       |'
    - '| ldapAttributesForUserSearch   |                                                                       |'
    - '| ldapBackgroundHost            |                                                                       |'
    - '| ldapBackgroundPort            |                                                                       |'
    - '| ldapBackupHost                |                                                                       |'
    - '| ldapBackupPort                |                                                                       |'
    - '| ldapBase                      | DC=corp,DC=lcl                                                        |'
    - '| ldapBaseGroups                | CN=Users,DC=corp,DC=lcl                                               |'
    - '| ldapBaseUsers                 | CN=Users,DC=corp,DC=lcl                                               |'
    - '| ldapCacheTTL                  | 600                                                                   |'
    - '| ldapConfigurationActive       | 1                                                                     |'
    - '| ldapConnectionTimeout         | 15                                                                    |'
    - '| ldapDefaultPPolicyDN          |                                                                       |'
    - '| ldapDynamicGroupMemberURL     |                                                                       |'
    - '| ldapEmailAttribute            | mail                                                                  |'
    - '| ldapExperiencedAdmin          | 0                                                                     |'
    - '| ldapExpertUUIDGroupAttr       | cn                                                                    |'
    - '| ldapExpertUUIDUserAttr        | samaccountname                                                        |'
    - '| ldapExpertUsernameAttr        | samaccountname                                                        |'
    - '| ldapExtStorageHomeAttribute   |                                                                       |'
    - '| ldapGidNumber                 | gidnumber                                                             |'
    - '| ldapGroupDisplayName          | cn                                                                    |'
    - '| ldapGroupFilter               | (objectClass=group)                                                   |'
    - '| ldapGroupFilterGroups         |                                                                       |'
    - '| ldapGroupFilterMode           | 0                                                                     |'
    - '| ldapGroupFilterObjectclass    | group                                                                 |'
    - '| ldapGroupMemberAssocAttr      | member                                                                |'
    - '| ldapHost                      | ldap://192.168.0.100                                                  |'
    - '| ldapIgnoreNamingRules         |                                                                       |'
    - '| ldapLoginFilter               | (&(objectClass=user)(|(sAMAccountName=%uid)(userPrincipalName=%uid))) |'
    - '| ldapLoginFilterAttributes     |                                                                       |'
    - '| ldapLoginFilterEmail          | 0                                                                     |'
    - '| ldapLoginFilterMode           | 0                                                                     |'
    - '| ldapLoginFilterUsername       | 1                                                                     |'
    - '| ldapMatchingRuleInChainState  | unknown                                                               |'
    - '| ldapNestedGroups              | 0                                                                     |'
    - '| ldapOverrideMainServer        |                                                                       |'
    - '| ldapPagingSize                | 500                                                                   |'
    - '| ldapPort                      | 389                                                                   |'
    - '| ldapQuotaAttribute            |                                                                       |'
    - '| ldapQuotaDefault              |                                                                       |'
    - '| ldapTLS                       | 0                                                                     |'
    - '| ldapUserAvatarRule            | default                                                               |'
    - '| ldapUserDisplayName           | displayName                                                           |'
    - '| ldapUserDisplayName2          |                                                                       |'
    - '| ldapUserFilter                | (&(objectClass=user)(!(objectClass=computer)))                        |'
    - '| ldapUserFilterGroups          |                                                                       |'
    - '| ldapUserFilterMode            | 0                                                                     |'
    - '| ldapUserFilterObjectclass     | user                                                                  |'
    - '| ldapUuidGroupAttribute        | auto                                                                  |'
    - '| ldapUuidUserAttribute         | auto                                                                  |'
    - '| markRemnantsAsDisabled        | 0                                                                     |'
    - '| turnOffCertCheck              | 1                                                                     |'
    - '| turnOnPasswordChange          | 0                                                                     |'
    - '| useMemberOfToDetectMembership | 1                                                                     |'
    - +-------------------------------+-----------------------------------------------------------------------+
2026-02-28 00:09:57,644 p=3535921 u=administrator n=ansible INFO| TASK [Afficher les dernières erreurs du log Nextcloud (si test LDAP échoué)] ***********************************************************************
2026-02-28 00:09:57,645 p=3535921 u=administrator n=ansible INFO| samedi 28 février 2026  00:09:57 +0100 (0:00:00.096)       0:01:15.316 ******** 
2026-02-28 00:09:57,703 p=3535921 u=administrator n=ansible INFO| skipping: [k3s-node-1]
2026-02-28 00:09:57,730 p=3535921 u=administrator n=ansible INFO| TASK [Log Nextcloud (dernières entrées)] ***********************************************************************************************************
2026-02-28 00:09:57,731 p=3535921 u=administrator n=ansible INFO| samedi 28 février 2026  00:09:57 +0100 (0:00:00.086)       0:01:15.402 ******** 
2026-02-28 00:09:57,768 p=3535921 u=administrator n=ansible INFO| skipping: [k3s-node-1]
2026-02-28 00:09:57,785 p=3535921 u=administrator n=ansible INFO| TASK [Résumé Nextcloud] ****************************************************************************************************************************
2026-02-28 00:09:57,785 p=3535921 u=administrator n=ansible INFO| samedi 28 février 2026  00:09:57 +0100 (0:00:00.054)       0:01:15.456 ******** 
2026-02-28 00:09:57,876 p=3535921 u=administrator n=ansible INFO| ok: [k3s-node-1] => 
  msg:
  - ================================================================
  - '  Nextcloud déployé'
  - ================================================================
  - 'Namespace    : nextcloud'
  - 'URL publique : https://nextcloud.app.xixtu.eu'
  - 'TLS          : cert-manager / letsencrypt-production (ECDSA P-256)'
  - 'PostgreSQL   : postgres:16-bookworm (5Gi)'
  - 'Data         : 50Gi (longhorn-fast)'
  - 'Upload max   : 10 Go'
  - 'LDAP/AD      : dc1.corp.lcl (192.168.0.100:389)'
  - 'LDAP bind    : s_next_ad'
  - ================================================================
  - '  Pods'
  - ================================================================
  - - NAME                                  READY   STATUS    RESTARTS   AGE     IP            NODE         NOMINATED NODE   READINESS GATES
    - nextcloud-648c5d9db6-zsbs4            1/1     Running   0          4h59m   10.42.1.107   k3s-node-2   <none>           <none>
    - nextcloud-postgres-56bfb786f4-22k42   1/1     Running   0          5h      10.42.1.106   k3s-node-2   <none>           <none>
  - ================================================================
  - '  Services'
  - ================================================================
  - - NAME                 TYPE        CLUSTER-IP     EXTERNAL-IP   PORT(S)    AGE
    - nextcloud-postgres   ClusterIP   10.43.11.165   <none>        5432/TCP   5h
    - nextcloud-service    ClusterIP   10.43.53.19    <none>        80/TCP     4h59m
  - ================================================================
  - '  PVC'
  - ================================================================
  - - NAME                STATUS   VOLUME                                     CAPACITY   ACCESS MODES   STORAGECLASS    VOLUMEATTRIBUTESCLASS   AGE
    - nextcloud-data      Bound    pvc-a60a9502-fabc-4cb6-9e5b-8560790b3a4d   50Gi       RWO            longhorn-fast   <unset>                 5h
    - nextcloud-db-data   Bound    pvc-38d8e918-6b6e-401b-9d1e-cc77b2a54bd6   5Gi        RWO            longhorn-fast   <unset>                 5h
  - ================================================================
  - '  Ingress'
  - ================================================================
  - - NAME                CLASS     HOSTS                    ADDRESS        PORTS     AGE
    - nextcloud-ingress   traefik   nextcloud.app.xixtu.eu   192.168.0.20   80, 443   4h59m
  - ================================================================
  - '  Certificat'
  - ================================================================
  - - NAME                      READY   SECRET          AGE
    - nextcloud-tls             False   nextcloud-tls   151m
    - nextcloud-tls-force-100   False   nextcloud-tls   165m
    - nextcloud-tls-staging     True    nextcloud-tls   151m
  - ================================================================
  - ''
  - '  AUTHENTIFICATION : LDAP / Active Directory'
  - '  ────────────────────────────────────────'
  - '  Les utilisateurs AD se connectent avec leur sAMAccountName'
  - '  Ex: jean.dupont / <mot_de_passe_AD>'
  - '  Les groupes AD sont synchronises automatiquement'
  - ''
  - '  STOCKAGE EXTERNE (SMB) - post-deploiement :'
  - '  ────────────────────────────────────────'
  - '  1. Administration > Applications > Activer ''External storage support'''
  - '  2. Administration > Stockages externes > Ajouter :'
  - '     Type  : SMB/CIFS'
  - '     Host  : samba-service.nas.svc.cluster.local'
  - '     Share : media (ou documents / shared)'
  - '     Auth  : User entered, stored in database'
  - '     → Chaque utilisateur saisit ses identifiants AD (user@corp.lcl)'
  - ''
  - '  IMPORTANT : Changer admin_password et db_password !'
  - ''
  - ================================================================
2026-02-28 00:09:57,879 p=3535921 u=administrator n=ansible INFO| PLAY RECAP *****************************************************************************************************************************************
2026-02-28 00:09:57,880 p=3535921 u=administrator n=ansible INFO| k3s-node-1                 : ok=40   changed=16   unreachable=0    failed=0    skipped=7    rescued=0    ignored=0   
2026-02-28 00:09:57,880 p=3535921 u=administrator n=ansible INFO| PLAYBOOK RECAP *************************************************************************************************************************************
2026-02-28 00:09:57,880 p=3535921 u=administrator n=ansible INFO| Playbook run took 0 days, 0 hours, 1 minutes, 15 seconds

2026-02-28 00:09:57,881 p=3535921 u=administrator n=ansible INFO| TASKS RECAP ****************************************************************************************************************************************
2026-02-28 00:09:57,881 p=3535921 u=administrator n=ansible INFO| samedi 28 février 2026  00:09:57 +0100 (0:00:00.096)       0:01:15.553 ******** 
2026-02-28 00:09:57,881 p=3535921 u=administrator n=ansible INFO| =============================================================================== 
2026-02-28 00:09:57,882 p=3535921 u=administrator n=ansible INFO| Configurer le backend LDAP (connexion AD) -------------------------------------------------------------------------------------------------- 35.27s
2026-02-28 00:09:57,882 p=3535921 u=administrator n=ansible INFO| Créer le namespace nextcloud ---------------------------------------------------------------------------------------------------------------- 2.22s
2026-02-28 00:09:57,882 p=3535921 u=administrator n=ansible INFO| Écrire les PVC Nextcloud -------------------------------------------------------------------------------------------------------------------- 1.82s
2026-02-28 00:09:57,883 p=3535921 u=administrator n=ansible INFO| Appliquer l'IngressRoute HTTPS Nextcloud ---------------------------------------------------------------------------------------------------- 1.63s
2026-02-28 00:09:57,883 p=3535921 u=administrator n=ansible INFO| Lister les configurations LDAP existantes --------------------------------------------------------------------------------------------------- 1.57s
2026-02-28 00:09:57,883 p=3535921 u=administrator n=ansible INFO| Vérifier la connexion LDAP (test-config s01) ------------------------------------------------------------------------------------------------ 1.54s
2026-02-28 00:09:57,884 p=3535921 u=administrator n=ansible INFO| Afficher la configuration LDAP complète ----------------------------------------------------------------------------------------------------- 1.53s
2026-02-28 00:09:57,884 p=3535921 u=administrator n=ansible INFO| Activer l'app user_ldap dans Nextcloud ------------------------------------------------------------------------------------------------------ 1.51s
2026-02-28 00:09:57,884 p=3535921 u=administrator n=ansible INFO| Appliquer les PVC Nextcloud ----------------------------------------------------------------------------------------------------------------- 1.46s
2026-02-28 00:09:57,884 p=3535921 u=administrator n=ansible INFO| Appliquer le Deployment PostgreSQL ---------------------------------------------------------------------------------------------------------- 1.33s
2026-02-28 00:09:57,885 p=3535921 u=administrator n=ansible INFO| Appliquer le Deployment Nextcloud ----------------------------------------------------------------------------------------------------------- 1.30s
2026-02-28 00:09:57,885 p=3535921 u=administrator n=ansible INFO| Écrire l'IngressRoute HTTPS Nextcloud ------------------------------------------------------------------------------------------------------- 1.29s
2026-02-28 00:09:57,885 p=3535921 u=administrator n=ansible INFO| Écrire l'Ingress TLS Nextcloud -------------------------------------------------------------------------------------------------------------- 1.29s
2026-02-28 00:09:57,885 p=3535921 u=administrator n=ansible INFO| Écrire le Deployment PostgreSQL ------------------------------------------------------------------------------------------------------------- 1.27s
2026-02-28 00:09:57,885 p=3535921 u=administrator n=ansible INFO| Écrire le Deployment Nextcloud -------------------------------------------------------------------------------------------------------------- 1.27s
2026-02-28 00:09:57,885 p=3535921 u=administrator n=ansible INFO| Vérifier si le compte AD s_next_ad existe --------------------------------------------------------------------------------------------------- 1.19s
2026-02-28 00:09:57,886 p=3535921 u=administrator n=ansible INFO| Créer le Secret PostgreSQL ------------------------------------------------------------------------------------------------------------------ 1.17s
2026-02-28 00:09:57,886 p=3535921 u=administrator n=ansible INFO| Créer le Secret Nextcloud admin ------------------------------------------------------------------------------------------------------------- 1.13s
2026-02-28 00:09:57,886 p=3535921 u=administrator n=ansible INFO| Attendre que tous les pods Nextcloud soient Ready ------------------------------------------------------------------------------------------- 1.00s
2026-02-28 00:09:57,886 p=3535921 u=administrator n=ansible INFO| Définir le mot de passe à ne jamais expirer ------------------------------------------------------------------------------------------------- 0.99s
>>>>>>> origin/claude/deploy-longhorn-storage-BcyV5
2026-10-06 22:51:57,775 p=2622156 u=administrator n=ansible WARNING| [WARNING]: Deprecation warnings can be disabled by setting `deprecation_warnings=False` in ansible.cfg.

2026-10-06 22:51:57,776 p=2622156 u=administrator n=ansible INFO| [DEPRECATION WARNING]: community.general.yaml has been deprecated. The plugin has been superseded by the the option `result_format=yaml` in callback plugin ansible.builtin.default from ansible-core 2.13 onwards. This feature will be removed from collection 'community.general' version 12.0.0.

2026-10-06 22:51:57,876 p=2622156 u=administrator n=ansible INFO| PLAY [Pushgateway - benchmark Wi-Fi kwaba] ****************************************************************************************
2026-10-06 22:51:57,911 p=2622156 u=administrator n=ansible INFO| TASK [Ajouter le repo Helm prometheus-community] **********************************************************************************
2026-10-06 22:51:57,912 p=2622156 u=administrator n=ansible INFO| mardi 06 octobre 2026  22:51:57 +0200 (0:00:00.085)       0:00:00.085 ********* 
2026-10-06 22:51:58,379 p=2622156 u=administrator n=ansible ERROR| [ERROR]: Task failed: Data could not be sent to remote host "192.168.0.11". Make sure this host can be reached over ssh: administrator@192.168.0.11: Permission denied (publickey,password).
Origin: /home/administrator/git/k3s-kubevirt/playbooks/pushgateway.yml:35:7

33     # ==========================================================
34
35     - name: Ajouter le repo Helm prometheus-community
         ^ column 7


2026-10-06 22:51:58,380 p=2622156 u=administrator n=ansible INFO| fatal: [k3s-node-1]: UNREACHABLE! => changed=false 
  msg: 'Task failed: Data could not be sent to remote host "192.168.0.11". Make sure this host can be reached over ssh: administrator@192.168.0.11: Permission denied (publickey,password).'
  unreachable: true
2026-10-06 22:51:58,381 p=2622156 u=administrator n=ansible INFO| PLAY RECAP ************************************************************************************************************************
2026-10-06 22:51:58,382 p=2622156 u=administrator n=ansible INFO| k3s-node-1                 : ok=0    changed=0    unreachable=1    failed=0    skipped=0    rescued=0    ignored=0   
2026-10-06 22:51:58,382 p=2622156 u=administrator n=ansible INFO| PLAYBOOK RECAP ********************************************************************************************************************
2026-10-06 22:51:58,382 p=2622156 u=administrator n=ansible INFO| Playbook run took 0 days, 0 hours, 0 minutes, 0 seconds

2026-10-06 22:51:58,383 p=2622156 u=administrator n=ansible INFO| TASKS RECAP ***********************************************************************************************************************
2026-10-06 22:51:58,383 p=2622156 u=administrator n=ansible INFO| mardi 06 octobre 2026  22:51:58 +0200 (0:00:00.471)       0:00:00.557 ********* 
2026-10-06 22:51:58,383 p=2622156 u=administrator n=ansible INFO| =============================================================================== 
2026-10-06 22:51:58,383 p=2622156 u=administrator n=ansible INFO| Ajouter le repo Helm prometheus-community ---------------------------------------------------------------------------------- 0.47s
2026-10-06 22:52:16,128 p=2622718 u=administrator n=ansible WARNING| [WARNING]: Deprecation warnings can be disabled by setting `deprecation_warnings=False` in ansible.cfg.

2026-10-06 22:52:16,129 p=2622718 u=administrator n=ansible INFO| [DEPRECATION WARNING]: community.general.yaml has been deprecated. The plugin has been superseded by the the option `result_format=yaml` in callback plugin ansible.builtin.default from ansible-core 2.13 onwards. This feature will be removed from collection 'community.general' version 12.0.0.

2026-10-06 22:52:16,226 p=2622718 u=administrator n=ansible INFO| PLAY [Pushgateway - benchmark Wi-Fi kwaba] ****************************************************************************************
2026-10-06 22:52:16,258 p=2622718 u=administrator n=ansible INFO| TASK [Ajouter le repo Helm prometheus-community] **********************************************************************************
2026-10-06 22:52:16,258 p=2622718 u=administrator n=ansible INFO| mardi 06 octobre 2026  22:52:16 +0200 (0:00:00.082)       0:00:00.082 ********* 
2026-10-06 22:52:20,254 p=2622718 u=administrator n=ansible INFO| ok: [k3s-node-1]
2026-10-06 22:52:20,281 p=2622718 u=administrator n=ansible INFO| TASK [Mettre à jour les repos Helm] ***********************************************************************************************
2026-10-06 22:52:20,282 p=2622718 u=administrator n=ansible INFO| mardi 06 octobre 2026  22:52:20 +0200 (0:00:04.023)       0:00:04.106 ********* 
2026-10-06 22:52:22,928 p=2622718 u=administrator n=ansible INFO| ok: [k3s-node-1]
2026-10-06 22:52:22,960 p=2622718 u=administrator n=ansible INFO| TASK [Écrire le fichier de valeurs prometheus-pushgateway] ************************************************************************
2026-10-06 22:52:22,961 p=2622718 u=administrator n=ansible INFO| mardi 06 octobre 2026  22:52:22 +0200 (0:00:02.678)       0:00:06.785 ********* 
2026-10-06 22:52:24,771 p=2622718 u=administrator n=ansible INFO| changed: [k3s-node-1]
2026-10-06 22:52:24,799 p=2622718 u=administrator n=ansible INFO| TASK [Installer / Mettre à jour prometheus-pushgateway via Helm] ******************************************************************
2026-10-06 22:52:24,799 p=2622718 u=administrator n=ansible INFO| mardi 06 octobre 2026  22:52:24 +0200 (0:00:01.838)       0:00:08.623 ********* 
2026-10-06 22:53:06,843 p=2622718 u=administrator n=ansible INFO| changed: [k3s-node-1]
2026-10-06 22:53:06,862 p=2622718 u=administrator n=ansible INFO| TASK [Supprimer le fichier de valeurs temporaire (contient le mot de passe)] ******************************************************
2026-10-06 22:53:06,862 p=2622718 u=administrator n=ansible INFO| mardi 06 octobre 2026  22:53:06 +0200 (0:00:42.062)       0:00:50.686 ********* 
2026-10-06 22:53:07,751 p=2622718 u=administrator n=ansible INFO| changed: [k3s-node-1]
2026-10-06 22:53:07,768 p=2622718 u=administrator n=ansible INFO| TASK [Copier le dashboard kwaba-bench] ********************************************************************************************
2026-10-06 22:53:07,768 p=2622718 u=administrator n=ansible INFO| mardi 06 octobre 2026  22:53:07 +0200 (0:00:00.906)       0:00:51.592 ********* 
2026-10-06 22:53:09,011 p=2622718 u=administrator n=ansible INFO| changed: [k3s-node-1]
2026-10-06 22:53:09,042 p=2622718 u=administrator n=ansible INFO| TASK [Appliquer le ConfigMap du dashboard kwaba-bench] ****************************************************************************
2026-10-06 22:53:09,042 p=2622718 u=administrator n=ansible INFO| mardi 06 octobre 2026  22:53:09 +0200 (0:00:01.273)       0:00:52.866 ********* 
2026-10-06 22:53:09,987 p=2622718 u=administrator n=ansible INFO| changed: [k3s-node-1]
2026-10-06 22:53:10,013 p=2622718 u=administrator n=ansible INFO| TASK [Supprimer le dashboard temporaire] ******************************************************************************************
2026-10-06 22:53:10,013 p=2622718 u=administrator n=ansible INFO| mardi 06 octobre 2026  22:53:10 +0200 (0:00:00.970)       0:00:53.837 ********* 
2026-10-06 22:53:10,604 p=2622718 u=administrator n=ansible INFO| changed: [k3s-node-1]
2026-10-06 22:53:10,624 p=2622718 u=administrator n=ansible INFO| TASK [Vérifier le pod] ************************************************************************************************************
2026-10-06 22:53:10,624 p=2622718 u=administrator n=ansible INFO| mardi 06 octobre 2026  22:53:10 +0200 (0:00:00.611)       0:00:54.448 ********* 
2026-10-06 22:53:11,400 p=2622718 u=administrator n=ansible INFO| ok: [k3s-node-1]
2026-10-06 22:53:11,430 p=2622718 u=administrator n=ansible INFO| TASK [Vérifier le certificat TLS] *************************************************************************************************
2026-10-06 22:53:11,431 p=2622718 u=administrator n=ansible INFO| mardi 06 octobre 2026  22:53:11 +0200 (0:00:00.806)       0:00:55.255 ********* 
2026-10-06 22:53:12,213 p=2622718 u=administrator n=ansible INFO| ok: [k3s-node-1]
2026-10-06 22:53:12,234 p=2622718 u=administrator n=ansible INFO| TASK [Tester l'URL publique avec le login] ****************************************************************************************
2026-10-06 22:53:12,235 p=2622718 u=administrator n=ansible INFO| mardi 06 octobre 2026  22:53:12 +0200 (0:00:00.803)       0:00:56.059 ********* 
2026-10-06 22:53:13,601 p=2622718 u=administrator n=ansible INFO| ok: [k3s-node-1]
2026-10-06 22:53:13,635 p=2622718 u=administrator n=ansible INFO| TASK [Résumé Pushgateway] *********************************************************************************************************
2026-10-06 22:53:13,636 p=2622718 u=administrator n=ansible INFO| mardi 06 octobre 2026  22:53:13 +0200 (0:00:01.400)       0:00:57.459 ********* 
2026-10-06 22:53:13,778 p=2622718 u=administrator n=ansible INFO| ok: [k3s-node-1] => 
  msg:
  - ================================================
  - '  Pushgateway (chart 3.9.0)'
  - ================================================
  - 'URL publique : https://pushgateway.app.xixtu.eu (login kwaba)'
  - 'Test /-/ready : 200 (200 attendu ; 401 = mauvais login)'
  - 'Dashboard    : Grafana → « kwaba - benchmark Wi-Fi »'
  - - NAME                           READY   STATUS    RESTARTS   AGE   IP            NODE         NOMINATED NODE   READINESS GATES
    - pushgateway-5d8d5f9474-d64lv   1/1     Running   0          43s   10.42.0.213   k3s-node-1   <none>           <none>
  - - NAME              READY   SECRET            AGE
    - pushgateway-tls   True    pushgateway-tls   44s
2026-10-06 22:53:13,781 p=2622718 u=administrator n=ansible INFO| PLAY RECAP ************************************************************************************************************************
2026-10-06 22:53:13,781 p=2622718 u=administrator n=ansible INFO| k3s-node-1                 : ok=12   changed=6    unreachable=0    failed=0    skipped=0    rescued=0    ignored=0   
2026-10-06 22:53:13,782 p=2622718 u=administrator n=ansible INFO| PLAYBOOK RECAP ********************************************************************************************************************
2026-10-06 22:53:13,782 p=2622718 u=administrator n=ansible INFO| Playbook run took 0 days, 0 hours, 0 minutes, 57 seconds

2026-10-06 22:53:13,782 p=2622718 u=administrator n=ansible INFO| TASKS RECAP ***********************************************************************************************************************
2026-10-06 22:53:13,782 p=2622718 u=administrator n=ansible INFO| mardi 06 octobre 2026  22:53:13 +0200 (0:00:00.146)       0:00:57.606 ********* 
2026-10-06 22:53:13,783 p=2622718 u=administrator n=ansible INFO| =============================================================================== 
2026-10-06 22:53:13,783 p=2622718 u=administrator n=ansible INFO| Installer / Mettre à jour prometheus-pushgateway via Helm ----------------------------------------------------------------- 42.06s
2026-10-06 22:53:13,783 p=2622718 u=administrator n=ansible INFO| Ajouter le repo Helm prometheus-community ---------------------------------------------------------------------------------- 4.02s
2026-10-06 22:53:13,783 p=2622718 u=administrator n=ansible INFO| Mettre à jour les repos Helm ----------------------------------------------------------------------------------------------- 2.68s
2026-10-06 22:53:13,784 p=2622718 u=administrator n=ansible INFO| Écrire le fichier de valeurs prometheus-pushgateway ------------------------------------------------------------------------ 1.84s
2026-10-06 22:53:13,784 p=2622718 u=administrator n=ansible INFO| Tester l'URL publique avec le login ---------------------------------------------------------------------------------------- 1.40s
2026-10-06 22:53:13,784 p=2622718 u=administrator n=ansible INFO| Copier le dashboard kwaba-bench -------------------------------------------------------------------------------------------- 1.27s
2026-10-06 22:53:13,784 p=2622718 u=administrator n=ansible INFO| Appliquer le ConfigMap du dashboard kwaba-bench ---------------------------------------------------------------------------- 0.97s
2026-10-06 22:53:13,784 p=2622718 u=administrator n=ansible INFO| Supprimer le fichier de valeurs temporaire (contient le mot de passe) ------------------------------------------------------ 0.91s
2026-10-06 22:53:13,785 p=2622718 u=administrator n=ansible INFO| Vérifier le pod ------------------------------------------------------------------------------------------------------------ 0.81s
2026-10-06 22:53:13,785 p=2622718 u=administrator n=ansible INFO| Vérifier le certificat TLS ------------------------------------------------------------------------------------------------- 0.80s
2026-10-06 22:53:13,785 p=2622718 u=administrator n=ansible INFO| Supprimer le dashboard temporaire ------------------------------------------------------------------------------------------ 0.61s
2026-10-06 22:53:13,785 p=2622718 u=administrator n=ansible INFO| Résumé Pushgateway --------------------------------------------------------------------------------------------------------- 0.15s
2026-10-07 19:33:53,857 p=313292 u=administrator n=ansible WARNING| [WARNING]: Deprecation warnings can be disabled by setting `deprecation_warnings=False` in ansible.cfg.

2026-10-07 19:33:53,857 p=313292 u=administrator n=ansible INFO| [DEPRECATION WARNING]: community.general.yaml has been deprecated. The plugin has been superseded by the the option `result_format=yaml` in callback plugin ansible.builtin.default from ansible-core 2.13 onwards. This feature will be removed from collection 'community.general' version 12.0.0.

2026-10-07 19:33:53,953 p=313292 u=administrator n=ansible INFO| PLAY [collectd-exporter - métriques des bornes kwaba] ******************************************************************************************************************************************************************************************************************************************
2026-10-07 19:33:53,984 p=313292 u=administrator n=ansible INFO| TASK [Copier le chart collectd-exporter] *******************************************************************************************************************************************************************************************************************************************************
2026-10-07 19:33:53,984 p=313292 u=administrator n=ansible INFO| mercredi 07 octobre 2026  19:33:53 +0200 (0:00:00.078)       0:00:00.078 ****** 
2026-10-07 19:34:03,925 p=313292 u=administrator n=ansible INFO| changed: [k3s-node-1]
2026-10-07 19:34:03,955 p=313292 u=administrator n=ansible INFO| TASK [Installer / Mettre à jour collectd-exporter via Helm] ************************************************************************************************************************************************************************************************************************************
2026-10-07 19:34:03,955 p=313292 u=administrator n=ansible INFO| mercredi 07 octobre 2026  19:34:03 +0200 (0:00:09.971)       0:00:10.050 ****** 
2026-10-07 19:34:11,657 p=313292 u=administrator n=ansible INFO| changed: [k3s-node-1]
2026-10-07 19:34:11,676 p=313292 u=administrator n=ansible INFO| TASK [Supprimer le chart temporaire] ***********************************************************************************************************************************************************************************************************************************************************
2026-10-07 19:34:11,676 p=313292 u=administrator n=ansible INFO| mercredi 07 octobre 2026  19:34:11 +0200 (0:00:07.721)       0:00:17.771 ****** 
2026-10-07 19:34:12,247 p=313292 u=administrator n=ansible INFO| changed: [k3s-node-1]
2026-10-07 19:34:12,265 p=313292 u=administrator n=ansible INFO| TASK [Copier le dashboard kwaba-bornes] ********************************************************************************************************************************************************************************************************************************************************
2026-10-07 19:34:12,265 p=313292 u=administrator n=ansible INFO| mercredi 07 octobre 2026  19:34:12 +0200 (0:00:00.588)       0:00:18.360 ****** 
2026-10-07 19:34:13,591 p=313292 u=administrator n=ansible INFO| changed: [k3s-node-1]
2026-10-07 19:34:13,617 p=313292 u=administrator n=ansible INFO| TASK [Appliquer le ConfigMap du dashboard kwaba-bornes] ****************************************************************************************************************************************************************************************************************************************
2026-10-07 19:34:13,617 p=313292 u=administrator n=ansible INFO| mercredi 07 octobre 2026  19:34:13 +0200 (0:00:01.352)       0:00:19.712 ****** 
2026-10-07 19:34:14,649 p=313292 u=administrator n=ansible INFO| changed: [k3s-node-1]
2026-10-07 19:34:14,677 p=313292 u=administrator n=ansible INFO| TASK [Supprimer le dashboard temporaire] *******************************************************************************************************************************************************************************************************************************************************
2026-10-07 19:34:14,677 p=313292 u=administrator n=ansible INFO| mercredi 07 octobre 2026  19:34:14 +0200 (0:00:01.060)       0:00:20.772 ****** 
2026-10-07 19:34:15,269 p=313292 u=administrator n=ansible INFO| changed: [k3s-node-1]
2026-10-07 19:34:15,287 p=313292 u=administrator n=ansible INFO| TASK [Vérifier le pod] *************************************************************************************************************************************************************************************************************************************************************************
2026-10-07 19:34:15,287 p=313292 u=administrator n=ansible INFO| mercredi 07 octobre 2026  19:34:15 +0200 (0:00:00.609)       0:00:21.382 ****** 
2026-10-07 19:34:16,077 p=313292 u=administrator n=ansible INFO| ok: [k3s-node-1]
2026-10-07 19:34:16,103 p=313292 u=administrator n=ansible INFO| TASK [Vérifier le certificat TLS] **************************************************************************************************************************************************************************************************************************************************************
2026-10-07 19:34:16,103 p=313292 u=administrator n=ansible INFO| mercredi 07 octobre 2026  19:34:16 +0200 (0:00:00.816)       0:00:22.198 ****** 
2026-10-07 19:34:16,882 p=313292 u=administrator n=ansible INFO| ok: [k3s-node-1]
2026-10-07 19:34:16,917 p=313292 u=administrator n=ansible INFO| TASK [Tester l'envoi public avec le login (liste vide = OK)] ***********************************************************************************************************************************************************************************************************************************
2026-10-07 19:34:16,917 p=313292 u=administrator n=ansible INFO| mercredi 07 octobre 2026  19:34:16 +0200 (0:00:00.813)       0:00:23.012 ****** 
2026-10-07 19:34:18,221 p=313292 u=administrator n=ansible ERROR| [ERROR]: Status code was -1 and not [200]: Request failed: <urlopen error [SSL: CERTIFICATE_VERIFY_FAILED] certificate verify failed: self-signed certificate (_ssl.c:1033)>

2026-10-07 19:34:18,222 p=313292 u=administrator n=ansible INFO| ok: [k3s-node-1]
2026-10-07 19:34:18,239 p=313292 u=administrator n=ansible INFO| TASK [Bornes qui envoient (lu dans l'exporter)] ************************************************************************************************************************************************************************************************************************************************
2026-10-07 19:34:18,239 p=313292 u=administrator n=ansible INFO| mercredi 07 octobre 2026  19:34:18 +0200 (0:00:01.322)       0:00:24.334 ****** 
2026-10-07 19:34:19,159 p=313292 u=administrator n=ansible INFO| ok: [k3s-node-1]
2026-10-07 19:34:19,181 p=313292 u=administrator n=ansible INFO| TASK [Résumé collectd-exporter] ****************************************************************************************************************************************************************************************************************************************************************
2026-10-07 19:34:19,181 p=313292 u=administrator n=ansible INFO| mercredi 07 octobre 2026  19:34:19 +0200 (0:00:00.941)       0:00:25.275 ****** 
2026-10-07 19:34:19,261 p=313292 u=administrator n=ansible INFO| ok: [k3s-node-1] => 
  msg:
  - ================================================
  - '  collectd-exporter (métriques des bornes)'
  - ================================================
  - 'URL d''envoi  : https://collectd.app.xixtu.eu/collectd-post (login kwaba)'
  - 'Test POST    : -1 (200 attendu ; 401 = mauvais login)'
  - 'Bornes vues  : aucune pour l instant'
  - 'Dashboard    : Grafana → « kwaba - bornes »'
  - - NAME                                 READY   STATUS    RESTARTS   AGE   IP            NODE         NOMINATED NODE   READINESS GATES
    - collectd-exporter-66bfbf8b6d-dhf7f   1/1     Running   0          11s   10.42.0.217   k3s-node-1   <none>           <none>
  - - NAME           READY   SECRET         AGE
    - collectd-tls   False   collectd-tls   11s
2026-10-07 19:34:19,262 p=313292 u=administrator n=ansible INFO| PLAY RECAP *************************************************************************************************************************************************************************************************************************************************************************************
2026-10-07 19:34:19,263 p=313292 u=administrator n=ansible INFO| k3s-node-1                 : ok=11   changed=6    unreachable=0    failed=0    skipped=0    rescued=0    ignored=0   
2026-10-07 19:34:19,263 p=313292 u=administrator n=ansible INFO| PLAYBOOK RECAP *********************************************************************************************************************************************************************************************************************************************************************************
2026-10-07 19:34:19,263 p=313292 u=administrator n=ansible INFO| Playbook run took 0 days, 0 hours, 0 minutes, 25 seconds

2026-10-07 19:34:19,264 p=313292 u=administrator n=ansible INFO| TASKS RECAP ************************************************************************************************************************************************************************************************************************************************************************************
2026-10-07 19:34:19,264 p=313292 u=administrator n=ansible INFO| mercredi 07 octobre 2026  19:34:19 +0200 (0:00:00.083)       0:00:25.359 ****** 
2026-10-07 19:34:19,264 p=313292 u=administrator n=ansible INFO| =============================================================================== 
2026-10-07 19:34:19,265 p=313292 u=administrator n=ansible INFO| Copier le chart collectd-exporter ------------------------------------------------------------------------------------------------------------------------------------------------------------------------------------------------------------------------------------------------------- 9.97s
2026-10-07 19:34:19,265 p=313292 u=administrator n=ansible INFO| Installer / Mettre à jour collectd-exporter via Helm ------------------------------------------------------------------------------------------------------------------------------------------------------------------------------------------------------------------------------------ 7.72s
2026-10-07 19:34:19,265 p=313292 u=administrator n=ansible INFO| Copier le dashboard kwaba-bornes -------------------------------------------------------------------------------------------------------------------------------------------------------------------------------------------------------------------------------------------------------- 1.35s
2026-10-07 19:34:19,265 p=313292 u=administrator n=ansible INFO| Tester l'envoi public avec le login (liste vide = OK) ----------------------------------------------------------------------------------------------------------------------------------------------------------------------------------------------------------------------------------- 1.32s
2026-10-07 19:34:19,266 p=313292 u=administrator n=ansible INFO| Appliquer le ConfigMap du dashboard kwaba-bornes ---------------------------------------------------------------------------------------------------------------------------------------------------------------------------------------------------------------------------------------- 1.06s
2026-10-07 19:34:19,266 p=313292 u=administrator n=ansible INFO| Bornes qui envoient (lu dans l'exporter) ------------------------------------------------------------------------------------------------------------------------------------------------------------------------------------------------------------------------------------------------ 0.94s
2026-10-07 19:34:19,266 p=313292 u=administrator n=ansible INFO| Vérifier le pod ------------------------------------------------------------------------------------------------------------------------------------------------------------------------------------------------------------------------------------------------------------------------- 0.82s
2026-10-07 19:34:19,266 p=313292 u=administrator n=ansible INFO| Vérifier le certificat TLS -------------------------------------------------------------------------------------------------------------------------------------------------------------------------------------------------------------------------------------------------------------- 0.81s
2026-10-07 19:34:19,266 p=313292 u=administrator n=ansible INFO| Supprimer le dashboard temporaire ------------------------------------------------------------------------------------------------------------------------------------------------------------------------------------------------------------------------------------------------------- 0.61s
2026-10-07 19:34:19,267 p=313292 u=administrator n=ansible INFO| Supprimer le chart temporaire ----------------------------------------------------------------------------------------------------------------------------------------------------------------------------------------------------------------------------------------------------------- 0.59s
2026-10-07 19:34:19,267 p=313292 u=administrator n=ansible INFO| Résumé collectd-exporter ---------------------------------------------------------------------------------------------------------------------------------------------------------------------------------------------------------------------------------------------------------------- 0.08s
2026-10-07 19:34:47,886 p=318358 u=administrator n=ansible WARNING| [WARNING]: Deprecation warnings can be disabled by setting `deprecation_warnings=False` in ansible.cfg.

2026-10-07 19:34:47,886 p=318358 u=administrator n=ansible INFO| [DEPRECATION WARNING]: community.general.yaml has been deprecated. The plugin has been superseded by the the option `result_format=yaml` in callback plugin ansible.builtin.default from ansible-core 2.13 onwards. This feature will be removed from collection 'community.general' version 12.0.0.

2026-10-07 19:34:47,982 p=318358 u=administrator n=ansible INFO| PLAY [Pushgateway - benchmark Wi-Fi kwaba] ***************************************************************************************
2026-10-07 19:34:48,016 p=318358 u=administrator n=ansible INFO| TASK [Copier le dashboard kwaba-bench] *******************************************************************************************
2026-10-07 19:34:48,016 p=318358 u=administrator n=ansible INFO| mercredi 07 octobre 2026  19:34:48 +0200 (0:00:00.084)       0:00:00.084 ****** 
2026-10-07 19:34:49,824 p=318358 u=administrator n=ansible INFO| changed: [k3s-node-1]
2026-10-07 19:34:49,843 p=318358 u=administrator n=ansible INFO| TASK [Appliquer le ConfigMap du dashboard kwaba-bench] ***************************************************************************
2026-10-07 19:34:49,843 p=318358 u=administrator n=ansible INFO| mercredi 07 octobre 2026  19:34:49 +0200 (0:00:01.826)       0:00:01.911 ****** 
2026-10-07 19:34:51,286 p=318358 u=administrator n=ansible INFO| changed: [k3s-node-1]
2026-10-07 19:34:51,308 p=318358 u=administrator n=ansible INFO| TASK [Supprimer le dashboard temporaire] *****************************************************************************************
2026-10-07 19:34:51,309 p=318358 u=administrator n=ansible INFO| mercredi 07 octobre 2026  19:34:51 +0200 (0:00:01.465)       0:00:03.377 ****** 
2026-10-07 19:34:52,196 p=318358 u=administrator n=ansible INFO| changed: [k3s-node-1]
2026-10-07 19:34:52,197 p=318358 u=administrator n=ansible INFO| PLAY RECAP ***********************************************************************************************************************
2026-10-07 19:34:52,198 p=318358 u=administrator n=ansible INFO| k3s-node-1                 : ok=3    changed=3    unreachable=0    failed=0    skipped=0    rescued=0    ignored=0   
2026-10-07 19:34:52,198 p=318358 u=administrator n=ansible INFO| PLAYBOOK RECAP *******************************************************************************************************************
2026-10-07 19:34:52,198 p=318358 u=administrator n=ansible INFO| Playbook run took 0 days, 0 hours, 0 minutes, 4 seconds

2026-10-07 19:34:52,198 p=318358 u=administrator n=ansible INFO| TASKS RECAP **********************************************************************************************************************
2026-10-07 19:34:52,198 p=318358 u=administrator n=ansible INFO| mercredi 07 octobre 2026  19:34:52 +0200 (0:00:00.889)       0:00:04.267 ****** 
2026-10-07 19:34:52,198 p=318358 u=administrator n=ansible INFO| =============================================================================== 
2026-10-07 19:34:52,199 p=318358 u=administrator n=ansible INFO| Copier le dashboard kwaba-bench ------------------------------------------------------------------------------------------- 1.83s
2026-10-07 19:34:52,199 p=318358 u=administrator n=ansible INFO| Appliquer le ConfigMap du dashboard kwaba-bench --------------------------------------------------------------------------- 1.47s
2026-10-07 19:34:52,199 p=318358 u=administrator n=ansible INFO| Supprimer le dashboard temporaire ----------------------------------------------------------------------------------------- 0.89s
2026-10-07 19:43:10,600 p=334539 u=administrator n=ansible WARNING| [WARNING]: Deprecation warnings can be disabled by setting `deprecation_warnings=False` in ansible.cfg.

2026-10-07 19:43:10,601 p=334539 u=administrator n=ansible INFO| [DEPRECATION WARNING]: community.general.yaml has been deprecated. The plugin has been superseded by the the option `result_format=yaml` in callback plugin ansible.builtin.default from ansible-core 2.13 onwards. This feature will be removed from collection 'community.general' version 12.0.0.

2026-10-07 19:43:10,694 p=334539 u=administrator n=ansible INFO| PLAY [collectd-exporter - métriques des bornes kwaba] ******************************
2026-10-07 19:43:10,724 p=334539 u=administrator n=ansible INFO| TASK [Vérifier le pod] *************************************************************
2026-10-07 19:43:10,725 p=334539 u=administrator n=ansible INFO| mercredi 07 octobre 2026  19:43:10 +0200 (0:00:00.078)       0:00:00.078 ****** 
2026-10-07 19:43:13,012 p=334539 u=administrator n=ansible INFO| ok: [k3s-node-1]
2026-10-07 19:43:13,039 p=334539 u=administrator n=ansible INFO| TASK [Vérifier le certificat TLS] **************************************************
2026-10-07 19:43:13,039 p=334539 u=administrator n=ansible INFO| mercredi 07 octobre 2026  19:43:13 +0200 (0:00:02.314)       0:00:02.393 ****** 
2026-10-07 19:43:13,831 p=334539 u=administrator n=ansible INFO| ok: [k3s-node-1]
2026-10-07 19:43:13,862 p=334539 u=administrator n=ansible INFO| TASK [Tester l'envoi public avec le login (liste vide = OK)] ***********************
2026-10-07 19:43:13,862 p=334539 u=administrator n=ansible INFO| mercredi 07 octobre 2026  19:43:13 +0200 (0:00:00.822)       0:00:03.215 ****** 
2026-10-07 19:43:15,127 p=334539 u=administrator n=ansible INFO| ok: [k3s-node-1]
2026-10-07 19:43:15,157 p=334539 u=administrator n=ansible INFO| TASK [Bornes qui envoient (lu dans l'exporter)] ************************************
2026-10-07 19:43:15,157 p=334539 u=administrator n=ansible INFO| mercredi 07 octobre 2026  19:43:15 +0200 (0:00:01.294)       0:00:04.510 ****** 
2026-10-07 19:43:16,417 p=334539 u=administrator n=ansible INFO| ok: [k3s-node-1]
2026-10-07 19:43:16,443 p=334539 u=administrator n=ansible INFO| TASK [Résumé collectd-exporter] ****************************************************
2026-10-07 19:43:16,444 p=334539 u=administrator n=ansible INFO| mercredi 07 octobre 2026  19:43:16 +0200 (0:00:01.286)       0:00:05.797 ****** 
2026-10-07 19:43:16,518 p=334539 u=administrator n=ansible INFO| ok: [k3s-node-1] => 
  msg:
  - ================================================
  - '  collectd-exporter (métriques des bornes)'
  - ================================================
  - 'URL d''envoi  : https://collectd.app.xixtu.eu/collectd-post (login kwaba)'
  - 'Test POST    : 200 (200 attendu ; 401 = mauvais login)'
  - 'Bornes vues  : Satellite02 Satellite03 Satellite04 Satellite05 Satellite06 mr8300'
  - 'Dashboard    : Grafana → « kwaba - bornes »'
  - - NAME                                 READY   STATUS    RESTARTS   AGE    IP            NODE         NOMINATED NODE   READINESS GATES
    - collectd-exporter-66bfbf8b6d-dhf7f   1/1     Running   0          9m7s   10.42.0.217   k3s-node-1   <none>           <none>
  - - NAME           READY   SECRET         AGE
    - collectd-tls   True    collectd-tls   9m8s
2026-10-07 19:43:16,520 p=334539 u=administrator n=ansible INFO| PLAY RECAP *************************************************************************
2026-10-07 19:43:16,520 p=334539 u=administrator n=ansible INFO| k3s-node-1                 : ok=5    changed=0    unreachable=0    failed=0    skipped=0    rescued=0    ignored=0   
2026-10-07 19:43:16,521 p=334539 u=administrator n=ansible INFO| PLAYBOOK RECAP *********************************************************************
2026-10-07 19:43:16,521 p=334539 u=administrator n=ansible INFO| Playbook run took 0 days, 0 hours, 0 minutes, 5 seconds

2026-10-07 19:43:16,521 p=334539 u=administrator n=ansible INFO| TASKS RECAP ************************************************************************
2026-10-07 19:43:16,521 p=334539 u=administrator n=ansible INFO| mercredi 07 octobre 2026  19:43:16 +0200 (0:00:00.077)       0:00:05.875 ****** 
2026-10-07 19:43:16,521 p=334539 u=administrator n=ansible INFO| =============================================================================== 
2026-10-07 19:43:16,522 p=334539 u=administrator n=ansible INFO| Vérifier le pod ------------------------------------------------------------- 2.31s
2026-10-07 19:43:16,522 p=334539 u=administrator n=ansible INFO| Tester l'envoi public avec le login (liste vide = OK) ----------------------- 1.29s
2026-10-07 19:43:16,522 p=334539 u=administrator n=ansible INFO| Bornes qui envoient (lu dans l'exporter) ------------------------------------ 1.29s
2026-10-07 19:43:16,522 p=334539 u=administrator n=ansible INFO| Vérifier le certificat TLS -------------------------------------------------- 0.82s
2026-10-07 19:43:16,522 p=334539 u=administrator n=ansible INFO| Résumé collectd-exporter ---------------------------------------------------- 0.08s
2026-10-07 19:56:09,065 p=356232 u=administrator n=ansible WARNING| [WARNING]: Deprecation warnings can be disabled by setting `deprecation_warnings=False` in ansible.cfg.

2026-10-07 19:56:09,065 p=356232 u=administrator n=ansible INFO| [DEPRECATION WARNING]: community.general.yaml has been deprecated. The plugin has been superseded by the the option `result_format=yaml` in callback plugin ansible.builtin.default from ansible-core 2.13 onwards. This feature will be removed from collection 'community.general' version 12.0.0.

2026-10-07 19:56:09,158 p=356232 u=administrator n=ansible INFO| PLAY [collectd-exporter - métriques des bornes kwaba] **************************************************************************************
2026-10-07 19:56:09,189 p=356232 u=administrator n=ansible INFO| TASK [Copier le dashboard kwaba-bornes] ****************************************************************************************************
2026-10-07 19:56:09,189 p=356232 u=administrator n=ansible INFO| mercredi 07 octobre 2026  19:56:09 +0200 (0:00:00.077)       0:00:00.077 ****** 
2026-10-07 19:56:11,444 p=356232 u=administrator n=ansible INFO| changed: [k3s-node-1]
2026-10-07 19:56:11,464 p=356232 u=administrator n=ansible INFO| TASK [Appliquer le ConfigMap du dashboard kwaba-bornes] ************************************************************************************
2026-10-07 19:56:11,465 p=356232 u=administrator n=ansible INFO| mercredi 07 octobre 2026  19:56:11 +0200 (0:00:02.275)       0:00:02.353 ****** 
2026-10-07 19:56:12,994 p=356232 u=administrator n=ansible INFO| changed: [k3s-node-1]
2026-10-07 19:56:13,013 p=356232 u=administrator n=ansible INFO| TASK [Supprimer le dashboard temporaire] ***************************************************************************************************
2026-10-07 19:56:13,013 p=356232 u=administrator n=ansible INFO| mercredi 07 octobre 2026  19:56:13 +0200 (0:00:01.548)       0:00:03.902 ****** 
2026-10-07 19:56:13,923 p=356232 u=administrator n=ansible INFO| changed: [k3s-node-1]
2026-10-07 19:56:13,925 p=356232 u=administrator n=ansible INFO| PLAY RECAP *********************************************************************************************************************************
2026-10-07 19:56:13,925 p=356232 u=administrator n=ansible INFO| k3s-node-1                 : ok=3    changed=3    unreachable=0    failed=0    skipped=0    rescued=0    ignored=0   
2026-10-07 19:56:13,925 p=356232 u=administrator n=ansible INFO| PLAYBOOK RECAP *****************************************************************************************************************************
2026-10-07 19:56:13,926 p=356232 u=administrator n=ansible INFO| Playbook run took 0 days, 0 hours, 0 minutes, 4 seconds

2026-10-07 19:56:13,926 p=356232 u=administrator n=ansible INFO| TASKS RECAP ********************************************************************************************************************************
2026-10-07 19:56:13,926 p=356232 u=administrator n=ansible INFO| mercredi 07 octobre 2026  19:56:13 +0200 (0:00:00.912)       0:00:04.815 ****** 
2026-10-07 19:56:13,926 p=356232 u=administrator n=ansible INFO| =============================================================================== 
2026-10-07 19:56:13,926 p=356232 u=administrator n=ansible INFO| Copier le dashboard kwaba-bornes ---------------------------------------------------------------------------------------------------- 2.28s
2026-10-07 19:56:13,926 p=356232 u=administrator n=ansible INFO| Appliquer le ConfigMap du dashboard kwaba-bornes ------------------------------------------------------------------------------------ 1.55s
2026-10-07 19:56:13,926 p=356232 u=administrator n=ansible INFO| Supprimer le dashboard temporaire --------------------------------------------------------------------------------------------------- 0.91s
2026-10-07 20:18:36,050 p=389808 u=administrator n=ansible WARNING| [WARNING]: Deprecation warnings can be disabled by setting `deprecation_warnings=False` in ansible.cfg.

2026-10-07 20:18:36,051 p=389808 u=administrator n=ansible INFO| [DEPRECATION WARNING]: community.general.yaml has been deprecated. The plugin has been superseded by the the option `result_format=yaml` in callback plugin ansible.builtin.default from ansible-core 2.13 onwards. This feature will be removed from collection 'community.general' version 12.0.0.

2026-10-07 20:18:36,146 p=389808 u=administrator n=ansible INFO| PLAY [collectd-exporter - métriques des bornes kwaba] *************************************************************
2026-10-07 20:18:36,176 p=389808 u=administrator n=ansible INFO| TASK [Copier le dashboard kwaba-bornes] ***************************************************************************
2026-10-07 20:18:36,177 p=389808 u=administrator n=ansible INFO| mercredi 07 octobre 2026  20:18:36 +0200 (0:00:00.078)       0:00:00.078 ****** 
2026-10-07 20:18:40,973 p=389808 u=administrator n=ansible INFO| changed: [k3s-node-1]
2026-10-07 20:18:41,000 p=389808 u=administrator n=ansible INFO| TASK [Appliquer le ConfigMap du dashboard kwaba-bornes] ***********************************************************
2026-10-07 20:18:41,001 p=389808 u=administrator n=ansible INFO| mercredi 07 octobre 2026  20:18:41 +0200 (0:00:04.823)       0:00:04.902 ****** 
2026-10-07 20:18:42,482 p=389808 u=administrator n=ansible INFO| changed: [k3s-node-1]
2026-10-07 20:18:42,500 p=389808 u=administrator n=ansible INFO| TASK [Supprimer le dashboard temporaire] **************************************************************************
2026-10-07 20:18:42,501 p=389808 u=administrator n=ansible INFO| mercredi 07 octobre 2026  20:18:42 +0200 (0:00:01.499)       0:00:06.402 ****** 
2026-10-07 20:18:43,425 p=389808 u=administrator n=ansible INFO| changed: [k3s-node-1]
2026-10-07 20:18:43,427 p=389808 u=administrator n=ansible INFO| PLAY RECAP ********************************************************************************************************
2026-10-07 20:18:43,427 p=389808 u=administrator n=ansible INFO| k3s-node-1                 : ok=3    changed=3    unreachable=0    failed=0    skipped=0    rescued=0    ignored=0   
2026-10-07 20:18:43,428 p=389808 u=administrator n=ansible INFO| PLAYBOOK RECAP ****************************************************************************************************
2026-10-07 20:18:43,428 p=389808 u=administrator n=ansible INFO| Playbook run took 0 days, 0 hours, 0 minutes, 7 seconds

2026-10-07 20:18:43,428 p=389808 u=administrator n=ansible INFO| TASKS RECAP *******************************************************************************************************
2026-10-07 20:18:43,428 p=389808 u=administrator n=ansible INFO| mercredi 07 octobre 2026  20:18:43 +0200 (0:00:00.927)       0:00:07.330 ****** 
2026-10-07 20:18:43,428 p=389808 u=administrator n=ansible INFO| =============================================================================== 
2026-10-07 20:18:43,429 p=389808 u=administrator n=ansible INFO| Copier le dashboard kwaba-bornes --------------------------------------------------------------------------- 4.82s
2026-10-07 20:18:43,429 p=389808 u=administrator n=ansible INFO| Appliquer le ConfigMap du dashboard kwaba-bornes ----------------------------------------------------------- 1.50s
2026-10-07 20:18:43,429 p=389808 u=administrator n=ansible INFO| Supprimer le dashboard temporaire -------------------------------------------------------------------------- 0.93s
2026-10-07 20:50:31,029 p=439876 u=administrator n=ansible WARNING| [WARNING]: Deprecation warnings can be disabled by setting `deprecation_warnings=False` in ansible.cfg.

2026-10-07 20:50:31,029 p=439876 u=administrator n=ansible INFO| [DEPRECATION WARNING]: community.general.yaml has been deprecated. The plugin has been superseded by the the option `result_format=yaml` in callback plugin ansible.builtin.default from ansible-core 2.13 onwards. This feature will be removed from collection 'community.general' version 12.0.0.

2026-10-07 20:50:31,124 p=439876 u=administrator n=ansible INFO| PLAY [collectd-exporter - métriques des bornes kwaba] *************************************************************
2026-10-07 20:50:31,155 p=439876 u=administrator n=ansible INFO| TASK [Copier le dashboard kwaba-bornes] ***************************************************************************
2026-10-07 20:50:31,155 p=439876 u=administrator n=ansible INFO| mercredi 07 octobre 2026  20:50:31 +0200 (0:00:00.078)       0:00:00.078 ****** 
2026-10-07 20:50:34,145 p=439876 u=administrator n=ansible INFO| changed: [k3s-node-1]
2026-10-07 20:50:34,174 p=439876 u=administrator n=ansible INFO| TASK [Appliquer le ConfigMap du dashboard kwaba-bornes] ***********************************************************
2026-10-07 20:50:34,175 p=439876 u=administrator n=ansible INFO| mercredi 07 octobre 2026  20:50:34 +0200 (0:00:03.019)       0:00:03.097 ****** 
2026-10-07 20:50:35,716 p=439876 u=administrator n=ansible INFO| changed: [k3s-node-1]
2026-10-07 20:50:35,737 p=439876 u=administrator n=ansible INFO| TASK [Supprimer le dashboard temporaire] **************************************************************************
2026-10-07 20:50:35,738 p=439876 u=administrator n=ansible INFO| mercredi 07 octobre 2026  20:50:35 +0200 (0:00:01.562)       0:00:04.660 ****** 
2026-10-07 20:50:36,642 p=439876 u=administrator n=ansible INFO| changed: [k3s-node-1]
2026-10-07 20:50:36,644 p=439876 u=administrator n=ansible INFO| PLAY RECAP ********************************************************************************************************
2026-10-07 20:50:36,644 p=439876 u=administrator n=ansible INFO| k3s-node-1                 : ok=3    changed=3    unreachable=0    failed=0    skipped=0    rescued=0    ignored=0   
2026-10-07 20:50:36,644 p=439876 u=administrator n=ansible INFO| PLAYBOOK RECAP ****************************************************************************************************
2026-10-07 20:50:36,645 p=439876 u=administrator n=ansible INFO| Playbook run took 0 days, 0 hours, 0 minutes, 5 seconds

2026-10-07 20:50:36,645 p=439876 u=administrator n=ansible INFO| TASKS RECAP *******************************************************************************************************
2026-10-07 20:50:36,645 p=439876 u=administrator n=ansible INFO| mercredi 07 octobre 2026  20:50:36 +0200 (0:00:00.907)       0:00:05.568 ****** 
2026-10-07 20:50:36,645 p=439876 u=administrator n=ansible INFO| =============================================================================== 
2026-10-07 20:50:36,645 p=439876 u=administrator n=ansible INFO| Copier le dashboard kwaba-bornes --------------------------------------------------------------------------- 3.02s
2026-10-07 20:50:36,645 p=439876 u=administrator n=ansible INFO| Appliquer le ConfigMap du dashboard kwaba-bornes ----------------------------------------------------------- 1.56s
2026-10-07 20:50:36,646 p=439876 u=administrator n=ansible INFO| Supprimer le dashboard temporaire -------------------------------------------------------------------------- 0.91s
2026-10-07 21:16:48,060 p=479939 u=administrator n=ansible WARNING| [WARNING]: Deprecation warnings can be disabled by setting `deprecation_warnings=False` in ansible.cfg.

2026-10-07 21:16:48,061 p=479939 u=administrator n=ansible INFO| [DEPRECATION WARNING]: community.general.yaml has been deprecated. The plugin has been superseded by the the option `result_format=yaml` in callback plugin ansible.builtin.default from ansible-core 2.13 onwards. This feature will be removed from collection 'community.general' version 12.0.0.

2026-10-07 21:16:48,156 p=479939 u=administrator n=ansible INFO| PLAY [collectd-exporter - métriques des bornes kwaba] *************************************************************
2026-10-07 21:16:48,187 p=479939 u=administrator n=ansible INFO| TASK [Copier le dashboard kwaba-bornes] ***************************************************************************
2026-10-07 21:16:48,187 p=479939 u=administrator n=ansible INFO| mercredi 07 octobre 2026  21:16:48 +0200 (0:00:00.080)       0:00:00.080 ****** 
2026-10-07 21:16:51,174 p=479939 u=administrator n=ansible INFO| changed: [k3s-node-1]
2026-10-07 21:16:51,206 p=479939 u=administrator n=ansible INFO| TASK [Appliquer le ConfigMap du dashboard kwaba-bornes] ***********************************************************
2026-10-07 21:16:51,206 p=479939 u=administrator n=ansible INFO| mercredi 07 octobre 2026  21:16:51 +0200 (0:00:03.018)       0:00:03.099 ****** 
2026-10-07 21:16:52,747 p=479939 u=administrator n=ansible INFO| changed: [k3s-node-1]
2026-10-07 21:16:52,772 p=479939 u=administrator n=ansible INFO| TASK [Supprimer le dashboard temporaire] **************************************************************************
2026-10-07 21:16:52,772 p=479939 u=administrator n=ansible INFO| mercredi 07 octobre 2026  21:16:52 +0200 (0:00:01.565)       0:00:04.665 ****** 
2026-10-07 21:16:53,678 p=479939 u=administrator n=ansible INFO| changed: [k3s-node-1]
2026-10-07 21:16:53,680 p=479939 u=administrator n=ansible INFO| PLAY RECAP ********************************************************************************************************
2026-10-07 21:16:53,681 p=479939 u=administrator n=ansible INFO| k3s-node-1                 : ok=3    changed=3    unreachable=0    failed=0    skipped=0    rescued=0    ignored=0   
2026-10-07 21:16:53,681 p=479939 u=administrator n=ansible INFO| PLAYBOOK RECAP ****************************************************************************************************
2026-10-07 21:16:53,681 p=479939 u=administrator n=ansible INFO| Playbook run took 0 days, 0 hours, 0 minutes, 5 seconds

2026-10-07 21:16:53,681 p=479939 u=administrator n=ansible INFO| TASKS RECAP *******************************************************************************************************
2026-10-07 21:16:53,682 p=479939 u=administrator n=ansible INFO| mercredi 07 octobre 2026  21:16:53 +0200 (0:00:00.909)       0:00:05.574 ****** 
2026-10-07 21:16:53,682 p=479939 u=administrator n=ansible INFO| =============================================================================== 
2026-10-07 21:16:53,682 p=479939 u=administrator n=ansible INFO| Copier le dashboard kwaba-bornes --------------------------------------------------------------------------- 3.02s
2026-10-07 21:16:53,682 p=479939 u=administrator n=ansible INFO| Appliquer le ConfigMap du dashboard kwaba-bornes ----------------------------------------------------------- 1.57s
2026-10-07 21:16:53,683 p=479939 u=administrator n=ansible INFO| Supprimer le dashboard temporaire -------------------------------------------------------------------------- 0.91s
2026-10-09 08:21:13,784 p=4062174 u=administrator n=ansible WARNING| [WARNING]: Deprecation warnings can be disabled by setting `deprecation_warnings=False` in ansible.cfg.

2026-10-09 08:21:13,785 p=4062174 u=administrator n=ansible INFO| [DEPRECATION WARNING]: community.general.yaml has been deprecated. The plugin has been superseded by the the option `result_format=yaml` in callback plugin ansible.builtin.default from ansible-core 2.13 onwards. This feature will be removed from collection 'community.general' version 12.0.0.

2026-10-09 08:21:13,838 p=4062174 u=administrator n=ansible INFO| PLAY [Deploy Apache Guacamole] ********************************************************************************************************************************************
2026-10-09 08:21:13,857 p=4062174 u=administrator n=ansible INFO| TASK [Create guacamole namespace] *****************************************************************************************************************************************
2026-10-09 08:21:13,857 p=4062174 u=administrator n=ansible INFO| vendredi 09 octobre 2026  08:21:13 +0200 (0:00:00.026)       0:00:00.026 ****** 
2026-10-09 08:21:14,031 p=4062174 u=administrator n=ansible ERROR| [ERROR]: Task failed: Failed to connect to the host via ssh: administrator@192.168.0.11: Permission denied (publickey,password).
Origin: /home/administrator/git/k3s-kubevirt/playbooks/guacamole.yml:36:7

34     # Namespace
35     # ==========================================================
36     - name: Create guacamole namespace
         ^ column 7


2026-10-09 08:21:14,033 p=4062174 u=administrator n=ansible INFO| fatal: [k3s-node-1]: UNREACHABLE! => changed=false 
  msg: 'Task failed: Failed to connect to the host via ssh: administrator@192.168.0.11: Permission denied (publickey,password).'
  unreachable: true
2026-10-09 08:21:14,035 p=4062174 u=administrator n=ansible INFO| PLAY RECAP ****************************************************************************************************************************************************************
2026-10-09 08:21:14,035 p=4062174 u=administrator n=ansible INFO| k3s-node-1                 : ok=0    changed=0    unreachable=1    failed=0    skipped=0    rescued=0    ignored=0   
2026-10-09 08:21:14,035 p=4062174 u=administrator n=ansible INFO| PLAYBOOK RECAP ************************************************************************************************************************************************************
2026-10-09 08:21:14,036 p=4062174 u=administrator n=ansible INFO| Playbook run took 0 days, 0 hours, 0 minutes, 0 seconds

2026-10-09 08:21:14,036 p=4062174 u=administrator n=ansible INFO| TASKS RECAP ***************************************************************************************************************************************************************
2026-10-09 08:21:14,036 p=4062174 u=administrator n=ansible INFO| vendredi 09 octobre 2026  08:21:14 +0200 (0:00:00.178)       0:00:00.205 ****** 
2026-10-09 08:21:14,036 p=4062174 u=administrator n=ansible INFO| =============================================================================== 
2026-10-09 08:21:14,037 p=4062174 u=administrator n=ansible INFO| Create guacamole namespace ----------------------------------------------------------------------------------------------------------------------------------------- 0.18s
2026-10-09 08:21:25,324 p=4062549 u=administrator n=ansible WARNING| [WARNING]: Deprecation warnings can be disabled by setting `deprecation_warnings=False` in ansible.cfg.

2026-10-09 08:21:25,325 p=4062549 u=administrator n=ansible INFO| [DEPRECATION WARNING]: community.general.yaml has been deprecated. The plugin has been superseded by the the option `result_format=yaml` in callback plugin ansible.builtin.default from ansible-core 2.13 onwards. This feature will be removed from collection 'community.general' version 12.0.0.

2026-10-09 08:21:25,379 p=4062549 u=administrator n=ansible INFO| PLAY [Deploy Apache Guacamole] ********************************************************************************************************************************************
2026-10-09 08:21:25,398 p=4062549 u=administrator n=ansible INFO| TASK [Create guacamole namespace] *****************************************************************************************************************************************
2026-10-09 08:21:25,399 p=4062549 u=administrator n=ansible INFO| vendredi 09 octobre 2026  08:21:25 +0200 (0:00:00.027)       0:00:00.027 ****** 
2026-10-09 08:21:28,599 p=4062549 u=administrator n=ansible WARNING| [WARNING]: Collection cloud.common does not support Ansible version 2.19.0

2026-10-09 08:21:28,600 p=4062549 u=administrator n=ansible INFO| ok: [k3s-node-1]
2026-10-09 08:21:28,602 p=4062549 u=administrator n=ansible INFO| TASK [Apply secrets] ******************************************************************************************************************************************************
2026-10-09 08:21:28,603 p=4062549 u=administrator n=ansible INFO| vendredi 09 octobre 2026  08:21:28 +0200 (0:00:03.203)       0:00:03.231 ****** 
2026-10-09 08:21:30,237 p=4062549 u=administrator n=ansible INFO| ok: [k3s-node-1]
2026-10-09 08:21:30,241 p=4062549 u=administrator n=ansible INFO| TASK [Apply Guacamole config] *********************************************************************************************************************************************
2026-10-09 08:21:30,241 p=4062549 u=administrator n=ansible INFO| vendredi 09 octobre 2026  08:21:30 +0200 (0:00:01.638)       0:00:04.870 ****** 
2026-10-09 08:21:31,815 p=4062549 u=administrator n=ansible INFO| ok: [k3s-node-1]
2026-10-09 08:21:31,820 p=4062549 u=administrator n=ansible INFO| TASK [Create initdb ConfigMap from SQL seed] ******************************************************************************************************************************
2026-10-09 08:21:31,821 p=4062549 u=administrator n=ansible INFO| vendredi 09 octobre 2026  08:21:31 +0200 (0:00:01.579)       0:00:06.450 ****** 
2026-10-09 08:21:33,269 p=4062549 u=administrator n=ansible INFO| changed: [k3s-node-1]
2026-10-09 08:21:33,272 p=4062549 u=administrator n=ansible INFO| TASK [Deploy PostgreSQL StatefulSet] **************************************************************************************************************************************
2026-10-09 08:21:33,272 p=4062549 u=administrator n=ansible INFO| vendredi 09 octobre 2026  08:21:33 +0200 (0:00:01.450)       0:00:07.901 ****** 
2026-10-09 08:21:34,891 p=4062549 u=administrator n=ansible INFO| ok: [k3s-node-1]
2026-10-09 08:21:34,895 p=4062549 u=administrator n=ansible INFO| TASK [Deploy PostgreSQL Service] ******************************************************************************************************************************************
2026-10-09 08:21:34,895 p=4062549 u=administrator n=ansible INFO| vendredi 09 octobre 2026  08:21:34 +0200 (0:00:01.623)       0:00:09.524 ****** 
2026-10-09 08:21:36,525 p=4062549 u=administrator n=ansible INFO| ok: [k3s-node-1]
2026-10-09 08:21:36,527 p=4062549 u=administrator n=ansible INFO| TASK [Wait for PostgreSQL to be ready] ************************************************************************************************************************************
2026-10-09 08:21:36,528 p=4062549 u=administrator n=ansible INFO| vendredi 09 octobre 2026  08:21:36 +0200 (0:00:01.632)       0:00:11.156 ****** 
2026-10-09 08:21:37,312 p=4062549 u=administrator n=ansible INFO| changed: [k3s-node-1]
2026-10-09 08:21:37,315 p=4062549 u=administrator n=ansible INFO| TASK [Deploy guacd] *******************************************************************************************************************************************************
2026-10-09 08:21:37,315 p=4062549 u=administrator n=ansible INFO| vendredi 09 octobre 2026  08:21:37 +0200 (0:00:00.787)       0:00:11.944 ****** 
2026-10-09 08:21:38,909 p=4062549 u=administrator n=ansible INFO| ok: [k3s-node-1]
2026-10-09 08:21:38,913 p=4062549 u=administrator n=ansible INFO| TASK [Deploy guacd Service] ***********************************************************************************************************************************************
2026-10-09 08:21:38,913 p=4062549 u=administrator n=ansible INFO| vendredi 09 octobre 2026  08:21:38 +0200 (0:00:01.597)       0:00:13.542 ****** 
2026-10-09 08:21:40,478 p=4062549 u=administrator n=ansible INFO| ok: [k3s-node-1]
2026-10-09 08:21:40,481 p=4062549 u=administrator n=ansible INFO| TASK [Deploy Guacamole web] ***********************************************************************************************************************************************
2026-10-09 08:21:40,482 p=4062549 u=administrator n=ansible INFO| vendredi 09 octobre 2026  08:21:40 +0200 (0:00:01.568)       0:00:15.110 ****** 
2026-10-09 08:21:42,113 p=4062549 u=administrator n=ansible INFO| changed: [k3s-node-1]
2026-10-09 08:21:42,116 p=4062549 u=administrator n=ansible INFO| TASK [Deploy Guacamole web Service] ***************************************************************************************************************************************
2026-10-09 08:21:42,117 p=4062549 u=administrator n=ansible INFO| vendredi 09 octobre 2026  08:21:42 +0200 (0:00:01.634)       0:00:16.745 ****** 
2026-10-09 08:21:43,798 p=4062549 u=administrator n=ansible INFO| ok: [k3s-node-1]
2026-10-09 08:21:43,802 p=4062549 u=administrator n=ansible INFO| TASK [Deploy Guacamole Ingress] *******************************************************************************************************************************************
2026-10-09 08:21:43,803 p=4062549 u=administrator n=ansible INFO| vendredi 09 octobre 2026  08:21:43 +0200 (0:00:01.686)       0:00:18.431 ****** 
2026-10-09 08:21:45,399 p=4062549 u=administrator n=ansible INFO| ok: [k3s-node-1]
2026-10-09 08:21:45,402 p=4062549 u=administrator n=ansible INFO| TASK [Wait for Guacamole web to be ready] *********************************************************************************************************************************
2026-10-09 08:21:45,402 p=4062549 u=administrator n=ansible INFO| vendredi 09 octobre 2026  08:21:45 +0200 (0:00:01.599)       0:00:20.031 ****** 
2026-10-09 08:22:12,608 p=4062549 u=administrator n=ansible INFO| changed: [k3s-node-1]
2026-10-09 08:22:12,613 p=4062549 u=administrator n=ansible INFO| TASK [Show deployment status] *********************************************************************************************************************************************
2026-10-09 08:22:12,613 p=4062549 u=administrator n=ansible INFO| vendredi 09 octobre 2026  08:22:12 +0200 (0:00:27.211)       0:00:47.242 ****** 
2026-10-09 08:22:13,825 p=4062549 u=administrator n=ansible INFO| changed: [k3s-node-1]
2026-10-09 08:22:13,830 p=4062549 u=administrator n=ansible INFO| TASK [Display status] *****************************************************************************************************************************************************
2026-10-09 08:22:13,830 p=4062549 u=administrator n=ansible INFO| vendredi 09 octobre 2026  08:22:13 +0200 (0:00:01.217)       0:00:48.459 ****** 
2026-10-09 08:22:13,880 p=4062549 u=administrator n=ansible INFO| ok: [k3s-node-1] => 
  msg:
  - === Pods ===
  - NAME                            READY   STATUS        RESTARTS   AGE   IP            NODE         NOMINATED NODE   READINESS GATES
  - guacamole-postgresql-0          2/2     Running       0          11m   10.42.0.230   k3s-node-1   <none>           <none>
  - guacamole-web-599d66cf5-2z5wv   1/1     Running       0          32s   10.42.0.232   k3s-node-1   <none>           <none>
  - guacamole-web-d8f67cc75-s7459   0/1     Terminating   0          11m   <none>        k3s-node-1   <none>           <none>
  - guacd-58f8cfc5f7-d54tf          1/1     Running       0          11h   10.42.0.225   k3s-node-1   <none>           <none>
  - ''
  - === Services ===
  - NAME                    TYPE        CLUSTER-IP      EXTERNAL-IP   PORT(S)             AGE
  - guacamole-postgresql    ClusterIP   10.43.80.202    <none>        5432/TCP,9187/TCP   11h
  - guacamole-web           ClusterIP   10.43.82.20     <none>        80/TCP              11h
  - guacamole-web-metrics   ClusterIP   10.43.244.132   <none>        8080/TCP            11h
  - guacd                   ClusterIP   10.43.31.134    <none>        4822/TCP            11h
  - ''
  - === Ingress ===
  - NAME                CLASS     HOSTS                    ADDRESS        PORTS     AGE
  - guacamole-ingress   traefik   guacamole.app.xixtu.eu   192.168.0.20   80, 443   11h
2026-10-09 08:22:13,885 p=4062549 u=administrator n=ansible INFO| TASK [Display access info] ************************************************************************************************************************************************
2026-10-09 08:22:13,885 p=4062549 u=administrator n=ansible INFO| vendredi 09 octobre 2026  08:22:13 +0200 (0:00:00.054)       0:00:48.514 ****** 
2026-10-09 08:22:13,930 p=4062549 u=administrator n=ansible INFO| ok: [k3s-node-1] => 
  msg:
  - ============================================
  - Apache Guacamole deploye avec succes !
  - ============================================
  - 'URL : https://guacamole.app.xixtu.eu/guacamole/'
  - 'Auth : Active Directory (corp.lcl)'
  - ''
  - 'Connexions pre-configurees :'
  - '  - dc1 (RDP)        : 192.168.0.100'
  - '  - k3s-node-1 (SSH) : 192.168.0.11'
  - ''
  - 'Groupes AD requis :'
  - '  - GRP_Guac_Admins -> admin Guacamole'
  - '  - GRP_Guac_DC1    -> acces dc1'
  - '  - GRP_Guac_K3S1   -> acces k3s-node-1'
  - ''
  - 'Grafana : dashboard ''Apache Guacamole - Bastion'''
  - ============================================
2026-10-09 08:22:13,932 p=4062549 u=administrator n=ansible INFO| PLAY RECAP ****************************************************************************************************************************************************************
2026-10-09 08:22:13,933 p=4062549 u=administrator n=ansible INFO| k3s-node-1                 : ok=16   changed=5    unreachable=0    failed=0    skipped=0    rescued=0    ignored=0   
2026-10-09 08:22:13,933 p=4062549 u=administrator n=ansible INFO| PLAYBOOK RECAP ************************************************************************************************************************************************************
2026-10-09 08:22:13,933 p=4062549 u=administrator n=ansible INFO| Playbook run took 0 days, 0 hours, 0 minutes, 48 seconds

2026-10-09 08:22:13,933 p=4062549 u=administrator n=ansible INFO| TASKS RECAP ***************************************************************************************************************************************************************
2026-10-09 08:22:13,934 p=4062549 u=administrator n=ansible INFO| vendredi 09 octobre 2026  08:22:13 +0200 (0:00:00.048)       0:00:48.562 ****** 
2026-10-09 08:22:13,934 p=4062549 u=administrator n=ansible INFO| =============================================================================== 
2026-10-09 08:22:13,934 p=4062549 u=administrator n=ansible INFO| Wait for Guacamole web to be ready -------------------------------------------------------------------------------------------------------------------------------- 27.21s
2026-10-09 08:22:13,934 p=4062549 u=administrator n=ansible INFO| Create guacamole namespace ----------------------------------------------------------------------------------------------------------------------------------------- 3.20s
2026-10-09 08:22:13,934 p=4062549 u=administrator n=ansible INFO| Deploy Guacamole web Service --------------------------------------------------------------------------------------------------------------------------------------- 1.69s
2026-10-09 08:22:13,935 p=4062549 u=administrator n=ansible INFO| Apply secrets ------------------------------------------------------------------------------------------------------------------------------------------------------ 1.64s
2026-10-09 08:22:13,935 p=4062549 u=administrator n=ansible INFO| Deploy Guacamole web ----------------------------------------------------------------------------------------------------------------------------------------------- 1.63s
2026-10-09 08:22:13,935 p=4062549 u=administrator n=ansible INFO| Deploy PostgreSQL Service ------------------------------------------------------------------------------------------------------------------------------------------ 1.63s
2026-10-09 08:22:13,935 p=4062549 u=administrator n=ansible INFO| Deploy PostgreSQL StatefulSet -------------------------------------------------------------------------------------------------------------------------------------- 1.62s
2026-10-09 08:22:13,935 p=4062549 u=administrator n=ansible INFO| Deploy Guacamole Ingress ------------------------------------------------------------------------------------------------------------------------------------------- 1.60s
2026-10-09 08:22:13,935 p=4062549 u=administrator n=ansible INFO| Deploy guacd ------------------------------------------------------------------------------------------------------------------------------------------------------- 1.60s
2026-10-09 08:22:13,935 p=4062549 u=administrator n=ansible INFO| Apply Guacamole config --------------------------------------------------------------------------------------------------------------------------------------------- 1.58s
2026-10-09 08:22:13,936 p=4062549 u=administrator n=ansible INFO| Deploy guacd Service ----------------------------------------------------------------------------------------------------------------------------------------------- 1.57s
2026-10-09 08:22:13,936 p=4062549 u=administrator n=ansible INFO| Create initdb ConfigMap from SQL seed ------------------------------------------------------------------------------------------------------------------------------ 1.45s
2026-10-09 08:22:13,936 p=4062549 u=administrator n=ansible INFO| Show deployment status --------------------------------------------------------------------------------------------------------------------------------------------- 1.22s
2026-10-09 08:22:13,936 p=4062549 u=administrator n=ansible INFO| Wait for PostgreSQL to be ready ------------------------------------------------------------------------------------------------------------------------------------ 0.79s
2026-10-09 08:22:13,936 p=4062549 u=administrator n=ansible INFO| Display status ----------------------------------------------------------------------------------------------------------------------------------------------------- 0.05s
2026-10-09 08:22:13,937 p=4062549 u=administrator n=ansible INFO| Display access info ------------------------------------------------------------------------------------------------------------------------------------------------ 0.05s
2026-10-09 08:25:37,012 p=4072777 u=administrator n=ansible WARNING| [WARNING]: Deprecation warnings can be disabled by setting `deprecation_warnings=False` in ansible.cfg.

2026-10-09 08:25:37,013 p=4072777 u=administrator n=ansible INFO| [DEPRECATION WARNING]: community.general.yaml has been deprecated. The plugin has been superseded by the the option `result_format=yaml` in callback plugin ansible.builtin.default from ansible-core 2.13 onwards. This feature will be removed from collection 'community.general' version 12.0.0.

2026-10-09 08:25:37,067 p=4072777 u=administrator n=ansible INFO| PLAY [Deploy Apache Guacamole] ********************************************************************************************************************************************
2026-10-09 08:25:37,086 p=4072777 u=administrator n=ansible INFO| TASK [Create guacamole namespace] *****************************************************************************************************************************************
2026-10-09 08:25:37,087 p=4072777 u=administrator n=ansible INFO| vendredi 09 octobre 2026  08:25:37 +0200 (0:00:00.028)       0:00:00.028 ****** 
2026-10-09 08:25:40,197 p=4072777 u=administrator n=ansible WARNING| [WARNING]: Collection cloud.common does not support Ansible version 2.19.0

2026-10-09 08:25:40,197 p=4072777 u=administrator n=ansible INFO| ok: [k3s-node-1]
2026-10-09 08:25:40,201 p=4072777 u=administrator n=ansible INFO| TASK [Apply secrets] ******************************************************************************************************************************************************
2026-10-09 08:25:40,201 p=4072777 u=administrator n=ansible INFO| vendredi 09 octobre 2026  08:25:40 +0200 (0:00:03.114)       0:00:03.142 ****** 
2026-10-09 08:25:41,831 p=4072777 u=administrator n=ansible INFO| ok: [k3s-node-1]
2026-10-09 08:25:41,837 p=4072777 u=administrator n=ansible INFO| TASK [Apply Guacamole config] *********************************************************************************************************************************************
2026-10-09 08:25:41,837 p=4072777 u=administrator n=ansible INFO| vendredi 09 octobre 2026  08:25:41 +0200 (0:00:01.635)       0:00:04.778 ****** 
2026-10-09 08:25:43,618 p=4072777 u=administrator n=ansible INFO| changed: [k3s-node-1]
2026-10-09 08:25:43,623 p=4072777 u=administrator n=ansible INFO| TASK [Create initdb ConfigMap from SQL seed] ******************************************************************************************************************************
2026-10-09 08:25:43,623 p=4072777 u=administrator n=ansible INFO| vendredi 09 octobre 2026  08:25:43 +0200 (0:00:01.786)       0:00:06.564 ****** 
2026-10-09 08:25:45,040 p=4072777 u=administrator n=ansible INFO| changed: [k3s-node-1]
2026-10-09 08:25:45,043 p=4072777 u=administrator n=ansible INFO| TASK [Deploy PostgreSQL StatefulSet] **************************************************************************************************************************************
2026-10-09 08:25:45,044 p=4072777 u=administrator n=ansible INFO| vendredi 09 octobre 2026  08:25:45 +0200 (0:00:01.420)       0:00:07.985 ****** 
2026-10-09 08:25:46,657 p=4072777 u=administrator n=ansible INFO| ok: [k3s-node-1]
2026-10-09 08:25:46,661 p=4072777 u=administrator n=ansible INFO| TASK [Deploy PostgreSQL Service] ******************************************************************************************************************************************
2026-10-09 08:25:46,661 p=4072777 u=administrator n=ansible INFO| vendredi 09 octobre 2026  08:25:46 +0200 (0:00:01.617)       0:00:09.603 ****** 
2026-10-09 08:25:48,278 p=4072777 u=administrator n=ansible INFO| ok: [k3s-node-1]
2026-10-09 08:25:48,281 p=4072777 u=administrator n=ansible INFO| TASK [Wait for PostgreSQL to be ready] ************************************************************************************************************************************
2026-10-09 08:25:48,282 p=4072777 u=administrator n=ansible INFO| vendredi 09 octobre 2026  08:25:48 +0200 (0:00:01.620)       0:00:11.223 ****** 
2026-10-09 08:25:49,119 p=4072777 u=administrator n=ansible INFO| changed: [k3s-node-1]
2026-10-09 08:25:49,124 p=4072777 u=administrator n=ansible INFO| TASK [Deploy guacd] *******************************************************************************************************************************************************
2026-10-09 08:25:49,124 p=4072777 u=administrator n=ansible INFO| vendredi 09 octobre 2026  08:25:49 +0200 (0:00:00.842)       0:00:12.065 ****** 
2026-10-09 08:25:50,699 p=4072777 u=administrator n=ansible INFO| ok: [k3s-node-1]
2026-10-09 08:25:50,703 p=4072777 u=administrator n=ansible INFO| TASK [Deploy guacd Service] ***********************************************************************************************************************************************
2026-10-09 08:25:50,703 p=4072777 u=administrator n=ansible INFO| vendredi 09 octobre 2026  08:25:50 +0200 (0:00:01.578)       0:00:13.644 ****** 
2026-10-09 08:25:52,253 p=4072777 u=administrator n=ansible INFO| ok: [k3s-node-1]
2026-10-09 08:25:52,256 p=4072777 u=administrator n=ansible INFO| TASK [Deploy Guacamole web] ***********************************************************************************************************************************************
2026-10-09 08:25:52,257 p=4072777 u=administrator n=ansible INFO| vendredi 09 octobre 2026  08:25:52 +0200 (0:00:01.553)       0:00:15.198 ****** 
2026-10-09 08:25:53,843 p=4072777 u=administrator n=ansible INFO| ok: [k3s-node-1]
2026-10-09 08:25:53,848 p=4072777 u=administrator n=ansible INFO| TASK [Deploy Guacamole web Service] ***************************************************************************************************************************************
2026-10-09 08:25:53,848 p=4072777 u=administrator n=ansible INFO| vendredi 09 octobre 2026  08:25:53 +0200 (0:00:01.591)       0:00:16.789 ****** 
2026-10-09 08:25:55,415 p=4072777 u=administrator n=ansible INFO| ok: [k3s-node-1]
2026-10-09 08:25:55,418 p=4072777 u=administrator n=ansible INFO| TASK [Deploy Guacamole Ingress] *******************************************************************************************************************************************
2026-10-09 08:25:55,419 p=4072777 u=administrator n=ansible INFO| vendredi 09 octobre 2026  08:25:55 +0200 (0:00:01.570)       0:00:18.360 ****** 
2026-10-09 08:25:57,090 p=4072777 u=administrator n=ansible INFO| ok: [k3s-node-1]
2026-10-09 08:25:57,093 p=4072777 u=administrator n=ansible INFO| TASK [Wait for Guacamole web to be ready] *********************************************************************************************************************************
2026-10-09 08:25:57,093 p=4072777 u=administrator n=ansible INFO| vendredi 09 octobre 2026  08:25:57 +0200 (0:00:01.674)       0:00:20.034 ****** 
2026-10-09 08:25:57,942 p=4072777 u=administrator n=ansible INFO| changed: [k3s-node-1]
2026-10-09 08:25:57,947 p=4072777 u=administrator n=ansible INFO| TASK [Show deployment status] *********************************************************************************************************************************************
2026-10-09 08:25:57,947 p=4072777 u=administrator n=ansible INFO| vendredi 09 octobre 2026  08:25:57 +0200 (0:00:00.854)       0:00:20.888 ****** 
2026-10-09 08:25:59,196 p=4072777 u=administrator n=ansible INFO| changed: [k3s-node-1]
2026-10-09 08:25:59,203 p=4072777 u=administrator n=ansible INFO| TASK [Display status] *****************************************************************************************************************************************************
2026-10-09 08:25:59,203 p=4072777 u=administrator n=ansible INFO| vendredi 09 octobre 2026  08:25:59 +0200 (0:00:01.255)       0:00:22.144 ****** 
2026-10-09 08:25:59,251 p=4072777 u=administrator n=ansible INFO| ok: [k3s-node-1] => 
  msg:
  - === Pods ===
  - NAME                            READY   STATUS    RESTARTS   AGE     IP            NODE         NOMINATED NODE   READINESS GATES
  - guacamole-postgresql-0          2/2     Running   0          15m     10.42.0.230   k3s-node-1   <none>           <none>
  - guacamole-web-599d66cf5-2z5wv   1/1     Running   0          4m17s   10.42.0.232   k3s-node-1   <none>           <none>
  - guacd-58f8cfc5f7-d54tf          1/1     Running   0          11h     10.42.0.225   k3s-node-1   <none>           <none>
  - ''
  - === Services ===
  - NAME                    TYPE        CLUSTER-IP      EXTERNAL-IP   PORT(S)             AGE
  - guacamole-postgresql    ClusterIP   10.43.80.202    <none>        5432/TCP,9187/TCP   11h
  - guacamole-web           ClusterIP   10.43.82.20     <none>        80/TCP              11h
  - guacamole-web-metrics   ClusterIP   10.43.244.132   <none>        8080/TCP            11h
  - guacd                   ClusterIP   10.43.31.134    <none>        4822/TCP            11h
  - ''
  - === Ingress ===
  - NAME                CLASS     HOSTS                    ADDRESS        PORTS     AGE
  - guacamole-ingress   traefik   guacamole.app.xixtu.eu   192.168.0.20   80, 443   11h
2026-10-09 08:25:59,255 p=4072777 u=administrator n=ansible INFO| TASK [Display access info] ************************************************************************************************************************************************
2026-10-09 08:25:59,255 p=4072777 u=administrator n=ansible INFO| vendredi 09 octobre 2026  08:25:59 +0200 (0:00:00.052)       0:00:22.197 ****** 
2026-10-09 08:25:59,298 p=4072777 u=administrator n=ansible INFO| ok: [k3s-node-1] => 
  msg:
  - ============================================
  - Apache Guacamole deploye avec succes !
  - ============================================
  - 'URL : https://guacamole.app.xixtu.eu/guacamole/'
  - 'Auth : Active Directory (corp.lcl)'
  - ''
  - 'Connexions pre-configurees :'
  - '  - dc1 (RDP)        : 192.168.0.100'
  - '  - k3s-node-1 (SSH) : 192.168.0.11'
  - ''
  - 'Groupes AD requis :'
  - '  - GRP_Guac_Admins -> admin Guacamole'
  - '  - GRP_Guac_DC1    -> acces dc1'
  - '  - GRP_Guac_K3S1   -> acces k3s-node-1'
  - ''
  - 'Grafana : dashboard ''Apache Guacamole - Bastion'''
  - ============================================
2026-10-09 08:25:59,300 p=4072777 u=administrator n=ansible INFO| PLAY RECAP ****************************************************************************************************************************************************************
2026-10-09 08:25:59,301 p=4072777 u=administrator n=ansible INFO| k3s-node-1                 : ok=16   changed=5    unreachable=0    failed=0    skipped=0    rescued=0    ignored=0   
2026-10-09 08:25:59,301 p=4072777 u=administrator n=ansible INFO| PLAYBOOK RECAP ************************************************************************************************************************************************************
2026-10-09 08:25:59,301 p=4072777 u=administrator n=ansible INFO| Playbook run took 0 days, 0 hours, 0 minutes, 22 seconds

2026-10-09 08:25:59,301 p=4072777 u=administrator n=ansible INFO| TASKS RECAP ***************************************************************************************************************************************************************
2026-10-09 08:25:59,302 p=4072777 u=administrator n=ansible INFO| vendredi 09 octobre 2026  08:25:59 +0200 (0:00:00.046)       0:00:22.243 ****** 
2026-10-09 08:25:59,302 p=4072777 u=administrator n=ansible INFO| =============================================================================== 
2026-10-09 08:25:59,302 p=4072777 u=administrator n=ansible INFO| Create guacamole namespace ----------------------------------------------------------------------------------------------------------------------------------------- 3.11s
2026-10-09 08:25:59,302 p=4072777 u=administrator n=ansible INFO| Apply Guacamole config --------------------------------------------------------------------------------------------------------------------------------------------- 1.79s
2026-10-09 08:25:59,303 p=4072777 u=administrator n=ansible INFO| Deploy Guacamole Ingress ------------------------------------------------------------------------------------------------------------------------------------------- 1.67s
2026-10-09 08:25:59,303 p=4072777 u=administrator n=ansible INFO| Apply secrets ------------------------------------------------------------------------------------------------------------------------------------------------------ 1.64s
2026-10-09 08:25:59,303 p=4072777 u=administrator n=ansible INFO| Deploy PostgreSQL Service ------------------------------------------------------------------------------------------------------------------------------------------ 1.62s
2026-10-09 08:25:59,303 p=4072777 u=administrator n=ansible INFO| Deploy PostgreSQL StatefulSet -------------------------------------------------------------------------------------------------------------------------------------- 1.62s
2026-10-09 08:25:59,303 p=4072777 u=administrator n=ansible INFO| Deploy Guacamole web ----------------------------------------------------------------------------------------------------------------------------------------------- 1.59s
2026-10-09 08:25:59,303 p=4072777 u=administrator n=ansible INFO| Deploy guacd ------------------------------------------------------------------------------------------------------------------------------------------------------- 1.58s
2026-10-09 08:25:59,304 p=4072777 u=administrator n=ansible INFO| Deploy Guacamole web Service --------------------------------------------------------------------------------------------------------------------------------------- 1.57s
2026-10-09 08:25:59,304 p=4072777 u=administrator n=ansible INFO| Deploy guacd Service ----------------------------------------------------------------------------------------------------------------------------------------------- 1.55s
2026-10-09 08:25:59,304 p=4072777 u=administrator n=ansible INFO| Create initdb ConfigMap from SQL seed ------------------------------------------------------------------------------------------------------------------------------ 1.42s
2026-10-09 08:25:59,304 p=4072777 u=administrator n=ansible INFO| Show deployment status --------------------------------------------------------------------------------------------------------------------------------------------- 1.26s
2026-10-09 08:25:59,304 p=4072777 u=administrator n=ansible INFO| Wait for Guacamole web to be ready --------------------------------------------------------------------------------------------------------------------------------- 0.85s
2026-10-09 08:25:59,304 p=4072777 u=administrator n=ansible INFO| Wait for PostgreSQL to be ready ------------------------------------------------------------------------------------------------------------------------------------ 0.84s
2026-10-09 08:25:59,305 p=4072777 u=administrator n=ansible INFO| Display status ----------------------------------------------------------------------------------------------------------------------------------------------------- 0.05s
2026-10-09 08:25:59,305 p=4072777 u=administrator n=ansible INFO| Display access info ------------------------------------------------------------------------------------------------------------------------------------------------ 0.05s
2026-10-09 20:56:54,387 p=1386862 u=administrator n=ansible ERROR| [ERROR]: User interrupted execution

2026-10-09 21:03:30,045 p=1404741 u=administrator n=ansible WARNING| [WARNING]: Deprecation warnings can be disabled by setting `deprecation_warnings=False` in ansible.cfg.

2026-10-09 21:03:30,046 p=1404741 u=administrator n=ansible INFO| [DEPRECATION WARNING]: community.general.yaml has been deprecated. The plugin has been superseded by the the option `result_format=yaml` in callback plugin ansible.builtin.default from ansible-core 2.13 onwards. This feature will be removed from collection 'community.general' version 12.0.0.

2026-10-09 21:03:30,100 p=1404741 u=administrator n=ansible INFO| PLAY [Deploy Apache Guacamole] *************************************************
2026-10-09 21:03:30,118 p=1404741 u=administrator n=ansible INFO| TASK [Create guacamole namespace] **********************************************
2026-10-09 21:03:30,119 p=1404741 u=administrator n=ansible INFO| vendredi 09 octobre 2026  21:03:30 +0200 (0:00:00.026)       0:00:00.026 ****** 
2026-10-09 21:03:30,297 p=1404741 u=administrator n=ansible ERROR| [ERROR]: Task failed: Failed to connect to the host via ssh: administrator@192.168.0.11: Permission denied (publickey,password).
Origin: /home/administrator/git/k3s-kubevirt/playbooks/guacamole.yml:36:7

34     # Namespace
35     # ==========================================================
36     - name: Create guacamole namespace
         ^ column 7


2026-10-09 21:03:30,298 p=1404741 u=administrator n=ansible INFO| fatal: [k3s-node-1]: UNREACHABLE! => changed=false 
  msg: 'Task failed: Failed to connect to the host via ssh: administrator@192.168.0.11: Permission denied (publickey,password).'
  unreachable: true
2026-10-09 21:03:30,300 p=1404741 u=administrator n=ansible INFO| PLAY RECAP *********************************************************************
2026-10-09 21:03:30,300 p=1404741 u=administrator n=ansible INFO| k3s-node-1                 : ok=0    changed=0    unreachable=1    failed=0    skipped=0    rescued=0    ignored=0   
2026-10-09 21:03:30,301 p=1404741 u=administrator n=ansible INFO| PLAYBOOK RECAP *****************************************************************
2026-10-09 21:03:30,301 p=1404741 u=administrator n=ansible INFO| Playbook run took 0 days, 0 hours, 0 minutes, 0 seconds

2026-10-09 21:03:30,301 p=1404741 u=administrator n=ansible INFO| TASKS RECAP ********************************************************************
2026-10-09 21:03:30,302 p=1404741 u=administrator n=ansible INFO| vendredi 09 octobre 2026  21:03:30 +0200 (0:00:00.182)       0:00:00.209 ****** 
2026-10-09 21:03:30,302 p=1404741 u=administrator n=ansible INFO| =============================================================================== 
2026-10-09 21:03:30,302 p=1404741 u=administrator n=ansible INFO| Create guacamole namespace ---------------------------------------------- 0.18s
2026-10-09 21:08:07,491 p=1414927 u=administrator n=ansible WARNING| [WARNING]: Deprecation warnings can be disabled by setting `deprecation_warnings=False` in ansible.cfg.

2026-10-09 21:08:07,492 p=1414927 u=administrator n=ansible INFO| [DEPRECATION WARNING]: community.general.yaml has been deprecated. The plugin has been superseded by the the option `result_format=yaml` in callback plugin ansible.builtin.default from ansible-core 2.13 onwards. This feature will be removed from collection 'community.general' version 12.0.0.

2026-10-09 21:08:07,547 p=1414927 u=administrator n=ansible INFO| PLAY [Deploy Apache Guacamole] *************************************************
2026-10-09 21:08:07,569 p=1414927 u=administrator n=ansible INFO| TASK [Create guacamole namespace] **********************************************
2026-10-09 21:08:07,569 p=1414927 u=administrator n=ansible INFO| vendredi 09 octobre 2026  21:08:07 +0200 (0:00:00.029)       0:00:00.029 ****** 
2026-10-09 21:08:07,731 p=1414927 u=administrator n=ansible ERROR| [ERROR]: Task failed: Failed to connect to the host via ssh: administrator@192.168.0.11: Permission denied (publickey,password).
Origin: /home/administrator/git/k3s-kubevirt/playbooks/guacamole.yml:36:7

34     # Namespace
35     # ==========================================================
36     - name: Create guacamole namespace
         ^ column 7


2026-10-09 21:08:07,732 p=1414927 u=administrator n=ansible INFO| fatal: [k3s-node-1]: UNREACHABLE! => changed=false 
  msg: 'Task failed: Failed to connect to the host via ssh: administrator@192.168.0.11: Permission denied (publickey,password).'
  unreachable: true
2026-10-09 21:08:07,733 p=1414927 u=administrator n=ansible INFO| PLAY RECAP *********************************************************************
2026-10-09 21:08:07,733 p=1414927 u=administrator n=ansible INFO| k3s-node-1                 : ok=0    changed=0    unreachable=1    failed=0    skipped=0    rescued=0    ignored=0   
2026-10-09 21:08:07,733 p=1414927 u=administrator n=ansible INFO| PLAYBOOK RECAP *****************************************************************
2026-10-09 21:08:07,733 p=1414927 u=administrator n=ansible INFO| Playbook run took 0 days, 0 hours, 0 minutes, 0 seconds

2026-10-09 21:08:07,734 p=1414927 u=administrator n=ansible INFO| TASKS RECAP ********************************************************************
2026-10-09 21:08:07,734 p=1414927 u=administrator n=ansible INFO| vendredi 09 octobre 2026  21:08:07 +0200 (0:00:00.164)       0:00:00.194 ****** 
2026-10-09 21:08:07,734 p=1414927 u=administrator n=ansible INFO| =============================================================================== 
2026-10-09 21:08:07,734 p=1414927 u=administrator n=ansible INFO| Create guacamole namespace ---------------------------------------------- 0.17s
2026-10-09 23:07:11,108 p=1736267 u=administrator n=ansible WARNING| [WARNING]: Deprecation warnings can be disabled by setting `deprecation_warnings=False` in ansible.cfg.

2026-10-09 23:07:11,108 p=1736267 u=administrator n=ansible INFO| [DEPRECATION WARNING]: community.general.yaml has been deprecated. The plugin has been superseded by the the option `result_format=yaml` in callback plugin ansible.builtin.default from ansible-core 2.13 onwards. This feature will be removed from collection 'community.general' version 12.0.0.

2026-10-09 23:07:11,215 p=1736267 u=administrator n=ansible INFO| PLAY [PrestaShop - Boutique e-commerce café capsules Barista (Helm)] **********************************************************
2026-10-09 23:07:11,253 p=1736267 u=administrator n=ansible INFO| TASK [Vérifier que Helm est installé] *****************************************************************************************
2026-10-09 23:07:11,254 p=1736267 u=administrator n=ansible INFO| vendredi 09 octobre 2026  23:07:11 +0200 (0:00:00.096)       0:00:00.097 ****** 
2026-10-09 23:07:12,249 p=1736267 u=administrator n=ansible INFO| ok: [k3s-node-1]
2026-10-09 23:07:12,280 p=1736267 u=administrator n=ansible INFO| TASK [Afficher la version Helm] ***********************************************************************************************
2026-10-09 23:07:12,281 p=1736267 u=administrator n=ansible INFO| vendredi 09 octobre 2026  23:07:12 +0200 (0:00:01.027)       0:00:01.124 ****** 
2026-10-09 23:07:12,320 p=1736267 u=administrator n=ansible INFO| ok: [k3s-node-1] => 
  msg: 'Helm détecté : v3.20.0+gb2e4314'
2026-10-09 23:07:12,342 p=1736267 u=administrator n=ansible INFO| TASK [Créer le namespace prestashop (si absent)] ******************************************************************************
2026-10-09 23:07:12,342 p=1736267 u=administrator n=ansible INFO| vendredi 09 octobre 2026  23:07:12 +0200 (0:00:00.061)       0:00:01.185 ****** 
2026-10-09 23:07:13,169 p=1736267 u=administrator n=ansible ERROR| [ERROR]: non-zero return code

2026-10-09 23:07:13,170 p=1736267 u=administrator n=ansible INFO| ok: [k3s-node-1]
2026-10-09 23:07:13,190 p=1736267 u=administrator n=ansible INFO| TASK [Labelliser le namespace prestashop (PSA baseline - Apache www-data)] ****************************************************
2026-10-09 23:07:13,191 p=1736267 u=administrator n=ansible INFO| vendredi 09 octobre 2026  23:07:13 +0200 (0:00:00.848)       0:00:02.034 ****** 
2026-10-09 23:07:14,032 p=1736267 u=administrator n=ansible INFO| ok: [k3s-node-1]
2026-10-09 23:07:14,057 p=1736267 u=administrator n=ansible INFO| TASK [Créer le répertoire de travail pour le chart Helm] **********************************************************************
2026-10-09 23:07:14,057 p=1736267 u=administrator n=ansible INFO| vendredi 09 octobre 2026  23:07:14 +0200 (0:00:00.866)       0:00:02.900 ****** 
2026-10-09 23:07:15,002 p=1736267 u=administrator n=ansible INFO| changed: [k3s-node-1]
2026-10-09 23:07:15,038 p=1736267 u=administrator n=ansible INFO| TASK [Copier le chart Helm PrestaShop sur le nœud] ****************************************************************************
2026-10-09 23:07:15,038 p=1736267 u=administrator n=ansible INFO| vendredi 09 octobre 2026  23:07:15 +0200 (0:00:00.980)       0:00:03.881 ****** 
2026-10-09 23:07:25,719 p=1736267 u=administrator n=ansible INFO| changed: [k3s-node-1]
2026-10-09 23:07:25,756 p=1736267 u=administrator n=ansible INFO| TASK [Écrire le fichier values Helm (overrides depuis group_vars)] ************************************************************
2026-10-09 23:07:25,756 p=1736267 u=administrator n=ansible INFO| vendredi 09 octobre 2026  23:07:25 +0200 (0:00:10.717)       0:00:14.599 ****** 
2026-10-09 23:07:26,917 p=1736267 u=administrator n=ansible INFO| changed: [k3s-node-1]
2026-10-09 23:07:26,950 p=1736267 u=administrator n=ansible INFO| TASK [Helm | upgrade --install prestashop] ************************************************************************************
2026-10-09 23:07:26,951 p=1736267 u=administrator n=ansible INFO| vendredi 09 octobre 2026  23:07:26 +0200 (0:00:01.194)       0:00:15.794 ****** 
2026-10-09 23:07:29,474 p=1736267 u=administrator n=ansible INFO| changed: [k3s-node-1]
2026-10-09 23:07:29,504 p=1736267 u=administrator n=ansible INFO| TASK [Helm | résultat] ********************************************************************************************************
2026-10-09 23:07:29,504 p=1736267 u=administrator n=ansible INFO| vendredi 09 octobre 2026  23:07:29 +0200 (0:00:02.553)       0:00:18.347 ****** 
2026-10-09 23:07:29,542 p=1736267 u=administrator n=ansible INFO| ok: [k3s-node-1] => 
  msg:
  - Release "prestashop" has been upgraded. Happy Helming!
  - 'NAME: prestashop'
  - 'LAST DEPLOYED: Fri Oct  9 23:07:27 2026'
  - 'NAMESPACE: prestashop'
  - 'STATUS: deployed'
  - 'REVISION: 2'
  - 'TEST SUITE: None'
2026-10-09 23:07:29,703 p=1736267 u=administrator n=ansible INFO| TASK [Diag K8s | pods -n prestashop] ******************************************************************************************
2026-10-09 23:07:29,704 p=1736267 u=administrator n=ansible INFO| vendredi 09 octobre 2026  23:07:29 +0200 (0:00:00.199)       0:00:18.547 ****** 
2026-10-09 23:07:30,508 p=1736267 u=administrator n=ansible INFO| ok: [k3s-node-1]
2026-10-09 23:07:30,544 p=1736267 u=administrator n=ansible INFO| TASK [Diag K8s | afficher pods] ***********************************************************************************************
2026-10-09 23:07:30,545 p=1736267 u=administrator n=ansible INFO| vendredi 09 octobre 2026  23:07:30 +0200 (0:00:00.840)       0:00:19.387 ****** 
2026-10-09 23:07:30,615 p=1736267 u=administrator n=ansible INFO| ok: [k3s-node-1] => 
  msg:
  - NAME                                  READY   STATUS        RESTARTS   AGE   IP           NODE         NOMINATED NODE   READINESS GATES
  - prestashop-f89c969ff-sh68h            1/1     Terminating   0          14d   10.42.0.71   k3s-node-1   <none>           <none>
  - prestashop-mariadb-699579445f-nz69x   1/1     Running       0          14d   10.42.0.69   k3s-node-1   <none>           <none>
2026-10-09 23:07:30,635 p=1736267 u=administrator n=ansible INFO| TASK [Diag K8s | events (triés par date)] *************************************************************************************
2026-10-09 23:07:30,636 p=1736267 u=administrator n=ansible INFO| vendredi 09 octobre 2026  23:07:30 +0200 (0:00:00.091)       0:00:19.479 ****** 
2026-10-09 23:07:31,459 p=1736267 u=administrator n=ansible INFO| ok: [k3s-node-1]
2026-10-09 23:07:31,485 p=1736267 u=administrator n=ansible INFO| TASK [Diag K8s | afficher events] *********************************************************************************************
2026-10-09 23:07:31,485 p=1736267 u=administrator n=ansible INFO| vendredi 09 octobre 2026  23:07:31 +0200 (0:00:00.849)       0:00:20.328 ****** 
2026-10-09 23:07:31,555 p=1736267 u=administrator n=ansible INFO| ok: [k3s-node-1] => 
  msg:
  - LAST SEEN   TYPE      REASON              OBJECT                            MESSAGE
  - '6m27s       Warning   ProbeWarning        pod/prestashop-f89c969ff-sh68h    Liveness probe warning: Probe terminated redirects, Response body:'
  - '96s         Warning   ProbeWarning        pod/prestashop-f89c969ff-sh68h    Readiness probe warning: Probe terminated redirects, Response body:'
  - '2s          Normal    SuccessfulDelete    replicaset/prestashop-f89c969ff   Deleted pod: prestashop-f89c969ff-sh68h'
  - 2s          Normal    ScalingReplicaSet   deployment/prestashop             Scaled down replica set prestashop-f89c969ff to 0 from 1
2026-10-09 23:07:31,577 p=1736267 u=administrator n=ansible INFO| TASK [Diag K8s | logs PrestaShop (50 dernières lignes)] ***********************************************************************
2026-10-09 23:07:31,578 p=1736267 u=administrator n=ansible INFO| vendredi 09 octobre 2026  23:07:31 +0200 (0:00:00.092)       0:00:20.421 ****** 
2026-10-09 23:07:32,501 p=1736267 u=administrator n=ansible INFO| ok: [k3s-node-1]
2026-10-09 23:07:32,523 p=1736267 u=administrator n=ansible INFO| TASK [Diag K8s | afficher logs PrestaShop] ************************************************************************************
2026-10-09 23:07:32,523 p=1736267 u=administrator n=ansible INFO| vendredi 09 octobre 2026  23:07:32 +0200 (0:00:00.945)       0:00:21.366 ****** 
2026-10-09 23:07:32,595 p=1736267 u=administrator n=ansible INFO| ok: [k3s-node-1] => 
  msg:
  - '[pod/prestashop-f89c969ff-sh68h/cleanup-lock] === cleanup-lock : état de /var/www/html ==='
  - '[pod/prestashop-f89c969ff-sh68h/cleanup-lock] total 348'
  - '[pod/prestashop-f89c969ff-sh68h/cleanup-lock] drwxr-xr-x   28 xfs      xfs           4096 Sep 25 19:06 .'
  - '[pod/prestashop-f89c969ff-sh68h/cleanup-lock] drwxr-xr-x    3 root     root          4096 Sep 25 19:06 ..'
  - '[pod/prestashop-f89c969ff-sh68h/cleanup-lock] -rw-r--r--    1 xfs      xfs           3281 Mar 17  2026 .htaccess'
  - '[pod/prestashop-f89c969ff-sh68h/cleanup-lock] -rw-r--r--    1 xfs      xfs           1621 Feb  3  2026 .php-cs-fixer.dist.php'
  - '[pod/prestashop-f89c969ff-sh68h/cleanup-lock] -rw-r--r--    1 xfs      xfs           5054 Feb  3  2026 INSTALL.txt'
  - '[pod/prestashop-f89c969ff-sh68h/cleanup-lock] -rw-r--r--    1 xfs      xfs         183862 Feb  3  2026 LICENSES'
  - '[pod/prestashop-f89c969ff-sh68h/cleanup-lock] -rw-r--r--    1 xfs      xfs            863 Feb  3  2026 Makefile'
  - '[pod/prestashop-f89c969ff-sh68h/cleanup-lock] drwxr-xr-x    8 xfs      xfs           4096 Feb  3  2026 admin-barista'
  - '[pod/prestashop-f89c969ff-sh68h/cleanup-lock] drwxr-xr-x    5 xfs      xfs           4096 Feb  3  2026 app'
  - '[pod/prestashop-f89c969ff-sh68h/cleanup-lock] -rw-r--r--    1 xfs      xfs           1305 Feb  3  2026 autoload.php'
  - '[pod/prestashop-f89c969ff-sh68h/cleanup-lock] drwxr-xr-x    2 xfs      xfs           4096 Feb  3  2026 bin'
  - '[pod/prestashop-f89c969ff-sh68h/cleanup-lock] drwxr-xr-x    8 xfs      xfs           4096 Feb  3  2026 cache'
  - '[pod/prestashop-f89c969ff-sh68h/cleanup-lock] drwxr-xr-x   25 xfs      xfs           4096 Feb  3  2026 classes'
  - '[pod/prestashop-f89c969ff-sh68h/cleanup-lock] drwxr-xr-x    5 xfs      xfs           4096 Mar 17  2026 config'
  - '[pod/prestashop-f89c969ff-sh68h/cleanup-lock] drwxr-xr-x    4 xfs      xfs           4096 Feb  3  2026 controllers'
  - '[pod/prestashop-f89c969ff-sh68h/cleanup-lock] drwxr-xr-x    4 xfs      xfs           4096 Feb  3  2026 docs'
  - '[pod/prestashop-f89c969ff-sh68h/cleanup-lock] drwxr-xr-x    2 xfs      xfs           4096 Feb  3  2026 download'
  - '[pod/prestashop-f89c969ff-sh68h/cleanup-lock] -rw-r--r--    1 xfs      xfs           2506 Feb  3  2026 error500.html'
  - '[pod/prestashop-f89c969ff-sh68h/cleanup-lock] drwxr-xr-x   22 xfs      xfs           4096 Feb  3  2026 img'
  - '[pod/prestashop-f89c969ff-sh68h/cleanup-lock] -rw-r--r--    1 xfs      xfs           1169 Feb  3  2026 index.php'
  - '[pod/prestashop-f89c969ff-sh68h/cleanup-lock] -rw-r--r--    1 xfs      xfs           1256 Feb  3  2026 init.php'
  - '[pod/prestashop-f89c969ff-sh68h/cleanup-lock] drwxr-xr-x    7 xfs      xfs           4096 Feb  3  2026 js'
  - '[pod/prestashop-f89c969ff-sh68h/cleanup-lock] drwxr-xr-x    3 xfs      xfs           4096 Feb  3  2026 localization'
  - '[pod/prestashop-f89c969ff-sh68h/cleanup-lock] drwx------    2 root     root         16384 Mar 17  2026 lost+found'
  - '[pod/prestashop-f89c969ff-sh68h/cleanup-lock] drwxr-xr-x    5 xfs      xfs           4096 Mar 17  2026 mails'
  - '[pod/prestashop-f89c969ff-sh68h/cleanup-lock] drwxr-xr-x   71 xfs      xfs           4096 Mar 17  2026 modules'
  - '[pod/prestashop-f89c969ff-sh68h/cleanup-lock] drwxr-xr-x    2 xfs      xfs           4096 Feb  3  2026 override'
  - '[pod/prestashop-f89c969ff-sh68h/cleanup-lock] drwxr-xr-x    2 xfs      xfs           4096 Feb  3  2026 pdf'
  - '[pod/prestashop-f89c969ff-sh68h/cleanup-lock] -rw-r--r--    1 xfs      xfs           2895 Feb  3  2026 phpstan.neon.dist'
  - '[pod/prestashop-f89c969ff-sh68h/cleanup-lock] -rw-r--r--    1 xfs      xfs           2778 Mar 17  2026 robots.txt'
  - '[pod/prestashop-f89c969ff-sh68h/cleanup-lock] drwxr-xr-x    5 xfs      xfs           4096 Feb  3  2026 src'
  - '[pod/prestashop-f89c969ff-sh68h/cleanup-lock] drwxr-xr-x    3 xfs      xfs           4096 Feb  3  2026 templates'
  - '[pod/prestashop-f89c969ff-sh68h/cleanup-lock] drwxr-xr-x    4 xfs      xfs           4096 Aug 26 19:27 themes'
  - '[pod/prestashop-f89c969ff-sh68h/cleanup-lock] drwxr-xr-x    3 xfs      xfs           4096 Feb  3  2026 tools'
  - '[pod/prestashop-f89c969ff-sh68h/cleanup-lock] drwxr-xr-x    6 xfs      xfs           4096 Mar 17  2026 translations'
  - '[pod/prestashop-f89c969ff-sh68h/cleanup-lock] drwxr-xr-x    2 xfs      xfs           4096 Feb  3  2026 upload'
  - '[pod/prestashop-f89c969ff-sh68h/cleanup-lock] drwxr-xr-x    6 xfs      xfs           4096 Mar 17  2026 var'
  - '[pod/prestashop-f89c969ff-sh68h/cleanup-lock] drwxr-xr-x   56 xfs      xfs           4096 Feb  3  2026 vendor'
  - '[pod/prestashop-f89c969ff-sh68h/cleanup-lock] drwxr-xr-x    2 xfs      xfs           4096 Feb  3  2026 webservice'
  - '[pod/prestashop-f89c969ff-sh68h/cleanup-lock] === Nettoyage des locks ==='
  - '[pod/prestashop-f89c969ff-sh68h/cleanup-lock] === Suppression inconditionnelle de install-barista ==='
  - '[pod/prestashop-f89c969ff-sh68h/cleanup-lock] === Nettoyage terminé ==='
  - '[pod/prestashop-f89c969ff-sh68h/wait-for-mariadb] Attente MariaDB (connexion MySQL réelle)...'
  - '[pod/prestashop-f89c969ff-sh68h/wait-for-mariadb] MariaDB pas encore prête, nouvelle tentative dans 3s...'
  - '[pod/prestashop-f89c969ff-sh68h/wait-for-mariadb] MariaDB pas encore prête, nouvelle tentative dans 3s...'
  - '[pod/prestashop-f89c969ff-sh68h/wait-for-mariadb] MariaDB pas encore prête, nouvelle tentative dans 3s...'
  - '[pod/prestashop-f89c969ff-sh68h/wait-for-mariadb] MariaDB pas encore prête, nouvelle tentative dans 3s...'
  - '[pod/prestashop-f89c969ff-sh68h/wait-for-mariadb] MariaDB pas encore prête, nouvelle tentative dans 3s...'
  - '[pod/prestashop-f89c969ff-sh68h/wait-for-mariadb] MariaDB pas encore prête, nouvelle tentative dans 3s...'
  - '[pod/prestashop-f89c969ff-sh68h/wait-for-mariadb] MariaDB pas encore prête, nouvelle tentative dans 3s...'
  - '[pod/prestashop-f89c969ff-sh68h/wait-for-mariadb] MariaDB pas encore prête, nouvelle tentative dans 3s...'
  - '[pod/prestashop-f89c969ff-sh68h/wait-for-mariadb] MariaDB pas encore prête, nouvelle tentative dans 3s...'
  - '[pod/prestashop-f89c969ff-sh68h/wait-for-mariadb] MariaDB pas encore prête, nouvelle tentative dans 3s...'
  - '[pod/prestashop-f89c969ff-sh68h/wait-for-mariadb] MariaDB pas encore prête, nouvelle tentative dans 3s...'
  - '[pod/prestashop-f89c969ff-sh68h/wait-for-mariadb] MariaDB pas encore prête, nouvelle tentative dans 3s...'
  - '[pod/prestashop-f89c969ff-sh68h/wait-for-mariadb] MariaDB pas encore prête, nouvelle tentative dans 3s...'
  - '[pod/prestashop-f89c969ff-sh68h/wait-for-mariadb] mysqld is alive'
  - '[pod/prestashop-f89c969ff-sh68h/wait-for-mariadb] MariaDB prête - connexion MySQL OK.'
  - '[pod/prestashop-f89c969ff-sh68h/prestashop] 10.42.0.1 - - [09/Oct/2026:20:59:10 +0000] "GET / HTTP/1.1" 302 210 "-" "kube-probe/1.30"'
  - '[pod/prestashop-f89c969ff-sh68h/prestashop] 10.42.0.1 - - [09/Oct/2026:20:59:25 +0000] "GET / HTTP/1.1" 302 210 "-" "kube-probe/1.30"'
  - '[pod/prestashop-f89c969ff-sh68h/prestashop] 10.42.0.1 - - [09/Oct/2026:20:59:34 +0000] "GET / HTTP/1.1" 302 210 "-" "kube-probe/1.30"'
  - '[pod/prestashop-f89c969ff-sh68h/prestashop] 10.42.0.1 - - [09/Oct/2026:20:59:40 +0000] "GET / HTTP/1.1" 302 210 "-" "kube-probe/1.30"'
  - '[pod/prestashop-f89c969ff-sh68h/prestashop] 10.42.0.1 - - [09/Oct/2026:20:59:55 +0000] "GET / HTTP/1.1" 302 210 "-" "kube-probe/1.30"'
  - '[pod/prestashop-f89c969ff-sh68h/prestashop] 10.42.0.1 - - [09/Oct/2026:21:00:04 +0000] "GET / HTTP/1.1" 302 210 "-" "kube-probe/1.30"'
  - '[pod/prestashop-f89c969ff-sh68h/prestashop] 10.42.0.1 - - [09/Oct/2026:21:00:10 +0000] "GET / HTTP/1.1" 302 210 "-" "kube-probe/1.30"'
  - '[pod/prestashop-f89c969ff-sh68h/prestashop] 10.42.0.1 - - [09/Oct/2026:21:00:25 +0000] "GET / HTTP/1.1" 302 210 "-" "kube-probe/1.30"'
  - '[pod/prestashop-f89c969ff-sh68h/prestashop] 10.42.0.1 - - [09/Oct/2026:21:00:34 +0000] "GET / HTTP/1.1" 302 210 "-" "kube-probe/1.30"'
  - '[pod/prestashop-f89c969ff-sh68h/prestashop] 10.42.0.1 - - [09/Oct/2026:21:00:40 +0000] "GET / HTTP/1.1" 302 210 "-" "kube-probe/1.30"'
  - '[pod/prestashop-f89c969ff-sh68h/prestashop] 10.42.0.1 - - [09/Oct/2026:21:00:55 +0000] "GET / HTTP/1.1" 302 210 "-" "kube-probe/1.30"'
  - '[pod/prestashop-f89c969ff-sh68h/prestashop] 10.42.0.1 - - [09/Oct/2026:21:01:04 +0000] "GET / HTTP/1.1" 302 210 "-" "kube-probe/1.30"'
  - '[pod/prestashop-f89c969ff-sh68h/prestashop] 10.42.0.1 - - [09/Oct/2026:21:01:10 +0000] "GET / HTTP/1.1" 302 210 "-" "kube-probe/1.30"'
  - '[pod/prestashop-f89c969ff-sh68h/prestashop] 10.42.0.1 - - [09/Oct/2026:21:01:25 +0000] "GET / HTTP/1.1" 302 210 "-" "kube-probe/1.30"'
  - '[pod/prestashop-f89c969ff-sh68h/prestashop] 10.42.0.1 - - [09/Oct/2026:21:01:34 +0000] "GET / HTTP/1.1" 302 210 "-" "kube-probe/1.30"'
  - '[pod/prestashop-f89c969ff-sh68h/prestashop] 10.42.0.1 - - [09/Oct/2026:21:01:40 +0000] "GET / HTTP/1.1" 302 210 "-" "kube-probe/1.30"'
  - '[pod/prestashop-f89c969ff-sh68h/prestashop] 10.42.0.1 - - [09/Oct/2026:21:01:55 +0000] "GET / HTTP/1.1" 302 210 "-" "kube-probe/1.30"'
  - '[pod/prestashop-f89c969ff-sh68h/prestashop] 10.42.0.1 - - [09/Oct/2026:21:02:04 +0000] "GET / HTTP/1.1" 302 210 "-" "kube-probe/1.30"'
  - '[pod/prestashop-f89c969ff-sh68h/prestashop] 10.42.0.1 - - [09/Oct/2026:21:02:10 +0000] "GET / HTTP/1.1" 302 210 "-" "kube-probe/1.30"'
  - '[pod/prestashop-f89c969ff-sh68h/prestashop] 10.42.0.1 - - [09/Oct/2026:21:02:25 +0000] "GET / HTTP/1.1" 302 210 "-" "kube-probe/1.30"'
  - '[pod/prestashop-f89c969ff-sh68h/prestashop] 10.42.0.1 - - [09/Oct/2026:21:02:34 +0000] "GET / HTTP/1.1" 302 210 "-" "kube-probe/1.30"'
  - '[pod/prestashop-f89c969ff-sh68h/prestashop] 10.42.0.1 - - [09/Oct/2026:21:02:40 +0000] "GET / HTTP/1.1" 302 210 "-" "kube-probe/1.30"'
  - '[pod/prestashop-f89c969ff-sh68h/prestashop] 10.42.0.1 - - [09/Oct/2026:21:02:55 +0000] "GET / HTTP/1.1" 302 210 "-" "kube-probe/1.30"'
  - '[pod/prestashop-f89c969ff-sh68h/prestashop] 10.42.0.1 - - [09/Oct/2026:21:03:04 +0000] "GET / HTTP/1.1" 302 210 "-" "kube-probe/1.30"'
  - '[pod/prestashop-f89c969ff-sh68h/prestashop] 10.42.0.1 - - [09/Oct/2026:21:03:10 +0000] "GET / HTTP/1.1" 302 210 "-" "kube-probe/1.30"'
  - '[pod/prestashop-f89c969ff-sh68h/prestashop] 10.42.0.1 - - [09/Oct/2026:21:03:25 +0000] "GET / HTTP/1.1" 302 210 "-" "kube-probe/1.30"'
  - '[pod/prestashop-f89c969ff-sh68h/prestashop] 10.42.0.1 - - [09/Oct/2026:21:03:34 +0000] "GET / HTTP/1.1" 302 210 "-" "kube-probe/1.30"'
  - '[pod/prestashop-f89c969ff-sh68h/prestashop] 10.42.0.1 - - [09/Oct/2026:21:03:40 +0000] "GET / HTTP/1.1" 302 210 "-" "kube-probe/1.30"'
  - '[pod/prestashop-f89c969ff-sh68h/prestashop] 10.42.0.1 - - [09/Oct/2026:21:03:55 +0000] "GET / HTTP/1.1" 302 210 "-" "kube-probe/1.30"'
  - '[pod/prestashop-f89c969ff-sh68h/prestashop] 10.42.0.1 - - [09/Oct/2026:21:04:04 +0000] "GET / HTTP/1.1" 302 210 "-" "kube-probe/1.30"'
  - '[pod/prestashop-f89c969ff-sh68h/prestashop] 10.42.0.1 - - [09/Oct/2026:21:04:10 +0000] "GET / HTTP/1.1" 302 210 "-" "kube-probe/1.30"'
  - '[pod/prestashop-f89c969ff-sh68h/prestashop] 10.42.0.1 - - [09/Oct/2026:21:04:25 +0000] "GET / HTTP/1.1" 302 210 "-" "kube-probe/1.30"'
  - '[pod/prestashop-f89c969ff-sh68h/prestashop] 10.42.0.1 - - [09/Oct/2026:21:04:34 +0000] "GET / HTTP/1.1" 302 210 "-" "kube-probe/1.30"'
  - '[pod/prestashop-f89c969ff-sh68h/prestashop] 10.42.0.1 - - [09/Oct/2026:21:04:40 +0000] "GET / HTTP/1.1" 302 210 "-" "kube-probe/1.30"'
  - '[pod/prestashop-f89c969ff-sh68h/prestashop] 10.42.0.1 - - [09/Oct/2026:21:04:55 +0000] "GET / HTTP/1.1" 302 210 "-" "kube-probe/1.30"'
  - '[pod/prestashop-f89c969ff-sh68h/prestashop] 10.42.0.1 - - [09/Oct/2026:21:05:04 +0000] "GET / HTTP/1.1" 302 210 "-" "kube-probe/1.30"'
  - '[pod/prestashop-f89c969ff-sh68h/prestashop] 10.42.0.1 - - [09/Oct/2026:21:05:10 +0000] "GET / HTTP/1.1" 302 210 "-" "kube-probe/1.30"'
  - '[pod/prestashop-f89c969ff-sh68h/prestashop] 10.42.0.1 - - [09/Oct/2026:21:05:25 +0000] "GET / HTTP/1.1" 302 210 "-" "kube-probe/1.30"'
  - '[pod/prestashop-f89c969ff-sh68h/prestashop] 10.42.0.1 - - [09/Oct/2026:21:05:34 +0000] "GET / HTTP/1.1" 302 210 "-" "kube-probe/1.30"'
  - '[pod/prestashop-f89c969ff-sh68h/prestashop] 10.42.0.1 - - [09/Oct/2026:21:05:40 +0000] "GET / HTTP/1.1" 302 210 "-" "kube-probe/1.30"'
  - '[pod/prestashop-f89c969ff-sh68h/prestashop] 10.42.0.1 - - [09/Oct/2026:21:05:55 +0000] "GET / HTTP/1.1" 302 210 "-" "kube-probe/1.30"'
  - '[pod/prestashop-f89c969ff-sh68h/prestashop] 10.42.0.1 - - [09/Oct/2026:21:06:04 +0000] "GET / HTTP/1.1" 302 210 "-" "kube-probe/1.30"'
  - '[pod/prestashop-f89c969ff-sh68h/prestashop] 10.42.0.1 - - [09/Oct/2026:21:06:10 +0000] "GET / HTTP/1.1" 302 210 "-" "kube-probe/1.30"'
  - '[pod/prestashop-f89c969ff-sh68h/prestashop] 10.42.0.1 - - [09/Oct/2026:21:06:25 +0000] "GET / HTTP/1.1" 302 210 "-" "kube-probe/1.30"'
  - '[pod/prestashop-f89c969ff-sh68h/prestashop] 10.42.0.1 - - [09/Oct/2026:21:06:34 +0000] "GET / HTTP/1.1" 302 210 "-" "kube-probe/1.30"'
  - '[pod/prestashop-f89c969ff-sh68h/prestashop] 10.42.0.1 - - [09/Oct/2026:21:06:40 +0000] "GET / HTTP/1.1" 302 210 "-" "kube-probe/1.30"'
  - '[pod/prestashop-f89c969ff-sh68h/prestashop] 10.42.0.1 - - [09/Oct/2026:21:06:55 +0000] "GET / HTTP/1.1" 302 210 "-" "kube-probe/1.30"'
  - '[pod/prestashop-f89c969ff-sh68h/prestashop] 10.42.0.1 - - [09/Oct/2026:21:07:04 +0000] "GET / HTTP/1.1" 302 210 "-" "kube-probe/1.30"'
  - '[pod/prestashop-f89c969ff-sh68h/prestashop] 10.42.0.1 - - [09/Oct/2026:21:07:10 +0000] "GET / HTTP/1.1" 302 210 "-" "kube-probe/1.30"'
  - '[pod/prestashop-f89c969ff-sh68h/prestashop] 10.42.0.1 - - [09/Oct/2026:21:07:25 +0000] "GET / HTTP/1.1" 302 210 "-" "kube-probe/1.30"'
2026-10-09 23:07:32,616 p=1736267 u=administrator n=ansible INFO| TASK [Diag K8s | logs MariaDB (30 dernières lignes)] **************************************************************************
2026-10-09 23:07:32,616 p=1736267 u=administrator n=ansible INFO| vendredi 09 octobre 2026  23:07:32 +0200 (0:00:00.092)       0:00:21.459 ****** 
2026-10-09 23:07:33,465 p=1736267 u=administrator n=ansible INFO| ok: [k3s-node-1]
2026-10-09 23:07:33,493 p=1736267 u=administrator n=ansible INFO| TASK [Diag K8s | afficher logs MariaDB] ***************************************************************************************
2026-10-09 23:07:33,494 p=1736267 u=administrator n=ansible INFO| vendredi 09 octobre 2026  23:07:33 +0200 (0:00:00.877)       0:00:22.337 ****** 
2026-10-09 23:07:33,562 p=1736267 u=administrator n=ansible INFO| ok: [k3s-node-1] => 
  msg:
  - '[pod/prestashop-mariadb-699579445f-nz69x/mariadb] 2026-09-25 19:06:16+00:00 [Note] [Entrypoint]: Entrypoint script for MariaDB Server 1:10.11.19+maria~ubu2204 started.'
  - '[pod/prestashop-mariadb-699579445f-nz69x/mariadb] 2026-09-25 19:06:17+00:00 [Warn] [Entrypoint]: /sys/fs/cgroup///memory.pressure not writable, functionality unavailable to MariaDB'
  - '[pod/prestashop-mariadb-699579445f-nz69x/mariadb] 2026-09-25 19:06:17+00:00 [Note] [Entrypoint]: Switching to dedicated user ''mysql'''
  - '[pod/prestashop-mariadb-699579445f-nz69x/mariadb] 2026-09-25 19:06:17+00:00 [Note] [Entrypoint]: Entrypoint script for MariaDB Server 1:10.11.19+maria~ubu2204 started.'
  - '[pod/prestashop-mariadb-699579445f-nz69x/mariadb] 2026-09-25 19:06:17+00:00 [Note] [Entrypoint]: MariaDB upgrade not required'
  - '[pod/prestashop-mariadb-699579445f-nz69x/mariadb] 2026-09-25 19:06:18 0 [Note] Starting MariaDB 10.11.19-MariaDB-ubu2204 source revision 93e051860a9c7e87ee8cee6ed38b640d491f7170 server_uid WX8GG4ky0K5/8saR4Yi+coKuQGk= as process 1'
  - '[pod/prestashop-mariadb-699579445f-nz69x/mariadb] 2026-09-25 19:06:18 0 [Note] InnoDB: Compressed tables use zlib 1.2.11'
  - '[pod/prestashop-mariadb-699579445f-nz69x/mariadb] 2026-09-25 19:06:18 0 [Note] InnoDB: Number of transaction pools: 1'
  - '[pod/prestashop-mariadb-699579445f-nz69x/mariadb] 2026-09-25 19:06:18 0 [Note] InnoDB: Using crc32 + pclmulqdq instructions'
  - '[pod/prestashop-mariadb-699579445f-nz69x/mariadb] 2026-09-25 19:06:18 0 [Note] InnoDB: Using io_uring'
  - '[pod/prestashop-mariadb-699579445f-nz69x/mariadb] 2026-09-25 19:06:18 0 [Note] InnoDB: innodb_buffer_pool_size_max=8388608m, innodb_buffer_pool_size=128m'
  - '[pod/prestashop-mariadb-699579445f-nz69x/mariadb] 2026-09-25 19:06:18 0 [Note] InnoDB: Completed initialization of buffer pool'
  - '[pod/prestashop-mariadb-699579445f-nz69x/mariadb] 2026-09-25 19:06:18 0 [Note] InnoDB: File system buffers for log disabled (block size=512 bytes)'
  - '[pod/prestashop-mariadb-699579445f-nz69x/mariadb] 2026-09-25 19:06:18 0 [Note] InnoDB: End of log at LSN=6737284'
  - '[pod/prestashop-mariadb-699579445f-nz69x/mariadb] 2026-09-25 19:06:18 0 [Note] InnoDB: 128 rollback segments are active.'
  - '[pod/prestashop-mariadb-699579445f-nz69x/mariadb] 2026-09-25 19:06:18 0 [Note] InnoDB: Setting file ''./ibtmp1'' size to 12.000MiB. Physically writing the file full; Please wait ...'
  - '[pod/prestashop-mariadb-699579445f-nz69x/mariadb] 2026-09-25 19:06:18 0 [Note] InnoDB: File ''./ibtmp1'' size is now 12.000MiB.'
  - '[pod/prestashop-mariadb-699579445f-nz69x/mariadb] 2026-09-25 19:06:18 0 [Note] InnoDB: log sequence number 6737284; transaction id 10994'
  - '[pod/prestashop-mariadb-699579445f-nz69x/mariadb] 2026-09-25 19:06:18 0 [Note] InnoDB: Loading buffer pool(s) from /var/lib/mysql/ib_buffer_pool'
  - '[pod/prestashop-mariadb-699579445f-nz69x/mariadb] 2026-09-25 19:06:18 0 [Note] Plugin ''FEEDBACK'' is disabled.'
  - '[pod/prestashop-mariadb-699579445f-nz69x/mariadb] 2026-09-25 19:06:18 0 [Warning] You need to use --log-bin to make --expire-logs-days or --binlog-expire-logs-seconds work.'
  - '[pod/prestashop-mariadb-699579445f-nz69x/mariadb] 2026-09-25 19:06:18 0 [Note] Server socket created on IP: ''0.0.0.0'', port: ''3306''.'
  - '[pod/prestashop-mariadb-699579445f-nz69x/mariadb] 2026-09-25 19:06:18 0 [Note] Server socket created on IP: ''::'', port: ''3306''.'
  - '[pod/prestashop-mariadb-699579445f-nz69x/mariadb] 2026-09-25 19:06:18 0 [Note] mariadbd: ready for connections.'
  - '[pod/prestashop-mariadb-699579445f-nz69x/mariadb] Version: ''10.11.19-MariaDB-ubu2204''  socket: ''/run/mysqld/mysqld.sock''  port: 3306  mariadb.org binary distribution'
  - '[pod/prestashop-mariadb-699579445f-nz69x/mariadb] 2026-09-25 19:06:19 0 [Note] InnoDB: Buffer pool(s) load completed at 260925 19:06:19'
  - '[pod/prestashop-mariadb-699579445f-nz69x/mariadb] 2026-09-25 20:04:44 786 [Warning] Access denied for user ''root''@''localhost'' (using password: NO)'
  - '[pod/prestashop-mariadb-699579445f-nz69x/mariadb] 2026-09-25 20:12:46 906 [ERROR] Invalid (old?) table or database name ''lost+found'''
2026-10-09 23:07:33,595 p=1736267 u=administrator n=ansible INFO| TASK [Supprimer le chart et les values temporaires] ***************************************************************************
2026-10-09 23:07:33,596 p=1736267 u=administrator n=ansible INFO| vendredi 09 octobre 2026  23:07:33 +0200 (0:00:00.101)       0:00:22.439 ****** 
2026-10-09 23:07:34,219 p=1736267 u=administrator n=ansible INFO| changed: [k3s-node-1] => (item=/tmp/helm-prestashop)
2026-10-09 23:07:34,794 p=1736267 u=administrator n=ansible INFO| changed: [k3s-node-1] => (item=/tmp/helm-prestashop-values.yaml)
2026-10-09 23:07:34,836 p=1736267 u=administrator n=ansible INFO| TASK [Vérifier le type de clé du certificat actuel] ***************************************************************************
2026-10-09 23:07:34,837 p=1736267 u=administrator n=ansible INFO| vendredi 09 octobre 2026  23:07:34 +0200 (0:00:01.240)       0:00:23.679 ****** 
2026-10-09 23:07:35,668 p=1736267 u=administrator n=ansible INFO| ok: [k3s-node-1]
2026-10-09 23:07:35,688 p=1736267 u=administrator n=ansible INFO| TASK [Supprimer l'ancien certificat RSA pour forcer le renouvellement ECDSA] **************************************************
2026-10-09 23:07:35,689 p=1736267 u=administrator n=ansible INFO| vendredi 09 octobre 2026  23:07:35 +0200 (0:00:00.852)       0:00:24.532 ****** 
2026-10-09 23:07:35,731 p=1736267 u=administrator n=ansible INFO| skipping: [k3s-node-1]
2026-10-09 23:07:35,752 p=1736267 u=administrator n=ansible INFO| TASK [Supprimer l'ancien secret TLS RSA] **************************************************************************************
2026-10-09 23:07:35,752 p=1736267 u=administrator n=ansible INFO| vendredi 09 octobre 2026  23:07:35 +0200 (0:00:00.063)       0:00:24.595 ****** 
2026-10-09 23:07:35,794 p=1736267 u=administrator n=ansible INFO| skipping: [k3s-node-1]
2026-10-09 23:07:35,822 p=1736267 u=administrator n=ansible INFO| TASK [Attendre que MariaDB soit Ready] ****************************************************************************************
2026-10-09 23:07:35,822 p=1736267 u=administrator n=ansible INFO| vendredi 09 octobre 2026  23:07:35 +0200 (0:00:00.070)       0:00:24.665 ****** 
2026-10-09 23:07:36,732 p=1736267 u=administrator n=ansible INFO| ok: [k3s-node-1]
2026-10-09 23:07:36,763 p=1736267 u=administrator n=ansible INFO| TASK [Attendre que PrestaShop soit Ready (installation DB au 1er boot = ~15min)] **********************************************
2026-10-09 23:07:36,763 p=1736267 u=administrator n=ansible INFO| vendredi 09 octobre 2026  23:07:36 +0200 (0:00:00.940)       0:00:25.606 ****** 
2026-10-09 23:07:37,670 p=1736267 u=administrator n=ansible INFO| ok: [k3s-node-1]
2026-10-09 23:07:37,704 p=1736267 u=administrator n=ansible INFO| TASK [Avertissement si PrestaShop pas encore Ready] ***************************************************************************
2026-10-09 23:07:37,705 p=1736267 u=administrator n=ansible INFO| vendredi 09 octobre 2026  23:07:37 +0200 (0:00:00.941)       0:00:26.548 ****** 
2026-10-09 23:07:37,744 p=1736267 u=administrator n=ansible INFO| skipping: [k3s-node-1]
2026-10-09 23:07:37,765 p=1736267 u=administrator n=ansible INFO| TASK [Vérifier les pods PrestaShop] *******************************************************************************************
2026-10-09 23:07:37,765 p=1736267 u=administrator n=ansible INFO| vendredi 09 octobre 2026  23:07:37 +0200 (0:00:00.060)       0:00:26.608 ****** 
2026-10-09 23:07:38,575 p=1736267 u=administrator n=ansible INFO| ok: [k3s-node-1]
2026-10-09 23:07:38,603 p=1736267 u=administrator n=ansible INFO| TASK [Vérifier les services PrestaShop] ***************************************************************************************
2026-10-09 23:07:38,603 p=1736267 u=administrator n=ansible INFO| vendredi 09 octobre 2026  23:07:38 +0200 (0:00:00.837)       0:00:27.446 ****** 
2026-10-09 23:07:39,409 p=1736267 u=administrator n=ansible INFO| ok: [k3s-node-1]
2026-10-09 23:07:39,445 p=1736267 u=administrator n=ansible INFO| TASK [Vérifier l'Ingress PrestaShop] ******************************************************************************************
2026-10-09 23:07:39,446 p=1736267 u=administrator n=ansible INFO| vendredi 09 octobre 2026  23:07:39 +0200 (0:00:00.842)       0:00:28.289 ****** 
2026-10-09 23:07:40,230 p=1736267 u=administrator n=ansible INFO| ok: [k3s-node-1]
2026-10-09 23:07:40,251 p=1736267 u=administrator n=ansible INFO| TASK [Vérifier l'IngressRoute HTTPS] ******************************************************************************************
2026-10-09 23:07:40,252 p=1736267 u=administrator n=ansible INFO| vendredi 09 octobre 2026  23:07:40 +0200 (0:00:00.805)       0:00:29.095 ****** 
2026-10-09 23:07:41,049 p=1736267 u=administrator n=ansible INFO| ok: [k3s-node-1]
2026-10-09 23:07:41,084 p=1736267 u=administrator n=ansible INFO| TASK [Vérifier le certificat TLS] *********************************************************************************************
2026-10-09 23:07:41,085 p=1736267 u=administrator n=ansible INFO| vendredi 09 octobre 2026  23:07:41 +0200 (0:00:00.833)       0:00:29.928 ****** 
2026-10-09 23:07:41,902 p=1736267 u=administrator n=ansible INFO| ok: [k3s-node-1]
2026-10-09 23:07:41,928 p=1736267 u=administrator n=ansible INFO| TASK [Vérifier les PersistentVolumeClaims] ************************************************************************************
2026-10-09 23:07:41,928 p=1736267 u=administrator n=ansible INFO| vendredi 09 octobre 2026  23:07:41 +0200 (0:00:00.843)       0:00:30.771 ****** 
2026-10-09 23:07:42,757 p=1736267 u=administrator n=ansible INFO| ok: [k3s-node-1]
2026-10-09 23:07:42,788 p=1736267 u=administrator n=ansible INFO| TASK [Vérifier la release Helm] ***********************************************************************************************
2026-10-09 23:07:42,789 p=1736267 u=administrator n=ansible INFO| vendredi 09 octobre 2026  23:07:42 +0200 (0:00:00.860)       0:00:31.632 ****** 
2026-10-09 23:07:43,511 p=1736267 u=administrator n=ansible INFO| ok: [k3s-node-1]
2026-10-09 23:07:43,533 p=1736267 u=administrator n=ansible INFO| TASK [Résumé PrestaShop] ******************************************************************************************************
2026-10-09 23:07:43,533 p=1736267 u=administrator n=ansible INFO| vendredi 09 octobre 2026  23:07:43 +0200 (0:00:00.744)       0:00:32.376 ****** 
2026-10-09 23:07:43,596 p=1736267 u=administrator n=ansible INFO| ok: [k3s-node-1] => 
  msg:
  - ============================================================
  - '  PrestaShop 8 - Boutique Barista'
  - '  Déploiement Helm réussi ✓'
  - ============================================================
  - 'URL boutique  : https://barista.app.xixtu.eu'
  - 'Admin panel   : https://barista.app.xixtu.eu/admin-barista'
  - 'Admin user    : admin@xixtu.eu'
  - 'Langue        : Français (fr) | Pays : France'
  - '------------------------------------------------------------'
  - 'Images Docker  : prestashop/prestashop:8'
  - '               : mariadb:10.11'
  - '               : alpine:3.19 (init cleanup-lock)'
  - 'Helm release   : prestashop (namespace prestashop)'
  - 'Chart          : charts/prestashop v1.0.0'
  - '------------------------------------------------------------'
  - 'Ingress        : traefik (web → redirect HTTPS, websecure TLS)'
  - 'TLS            : cert-manager / letsencrypt-production'
  - 'Certificat     : ECDSA P-384 (rotation automatique)'
  - 'Headers        : security-headers (HSTS 2 ans, X-Frame, XSS)'
  - 'PSA namespace  : baseline (Apache www-data)'
  - '------------------------------------------------------------'
  - 'Storage        : longhorn-fast (répliques: 2)'
  - 'Données app    : 20Gi (/var/www/html)'
  - 'Base de données: MariaDB 10Gi'
  - '------------------------------------------------------------'
  - 'Helm releases  : [''NAME      \tNAMESPACE \tREVISION\tUPDATED                                 \tSTATUS  \tCHART           \tAPP VERSION'', ''prestashop\tprestashop\t2       \t2026-10-09 23:07:27.627105244 +0200 CEST\tdeployed\tprestashop-1.0.0\t8          '']'
  - 'Pods    : [''NAME                                  READY   STATUS        RESTARTS   AGE   IP           NODE         NOMINATED NODE   READINESS GATES'', ''prestashop-f89c969ff-sh68h            1/1     Terminating   0          14d   10.42.0.71   k3s-node-1   <none>           <none>'', ''prestashop-mariadb-699579445f-nz69x   1/1     Running       0          14d   10.42.0.69   k3s-node-1   <none>           <none>'']'
  - 'Services: [''NAME                 TYPE        CLUSTER-IP      EXTERNAL-IP   PORT(S)    AGE'', ''prestashop           ClusterIP   10.43.253.179   <none>        80/TCP     206d'', ''prestashop-mariadb   ClusterIP   10.43.173.76    <none>        3306/TCP   206d'']'
  - 'Ingress : [''NAME         CLASS     HOSTS                  ADDRESS        PORTS     AGE'', ''prestashop   traefik   barista.app.xixtu.eu   192.168.0.20   80, 443   206d'']'
  - 'IR HTTPS: []'
  - 'Certs   : [''NAME             READY   SECRET           AGE'', ''prestashop-tls   True    prestashop-tls   206d'']'
  - 'PVCs    : [''NAME                  STATUS   VOLUME                                     CAPACITY   ACCESS MODES   STORAGECLASS    VOLUMEATTRIBUTESCLASS   AGE'', ''prestashop-data-pvc   Bound    pvc-989ffc50-2b99-4d58-b40d-1b5a345fd6e7   20Gi       RWO            longhorn-fast   <unset>                 206d'', ''prestashop-db-pvc     Bound    pvc-6ee668a0-d2e6-4ac4-baa6-69f4f6765ac5   10Gi       RWO            longhorn-fast   <unset>                 206d'']'
  - ============================================================
  - 'COMMANDES UTILES :'
  - '  helm list -n prestashop'
  - '  helm history prestashop -n prestashop'
  - '  helm rollback prestashop -n prestashop'
  - '  kubectl logs -n prestashop -l app.kubernetes.io/component=app -f'
  - '  kubectl logs -n prestashop -l app.kubernetes.io/component=mariadb -f'
  - ============================================================
  - 'MODULES PAIEMENT À INSTALLER (Marketplace PrestaShop) :'
  - '  ✓ Virement bancaire   → natif'
  - '  ✓ Chèque              → natif (ps_checkpayment)'
  - '  ✓ Cash à la livraison → natif (ps_cashondelivery)'
  - '  ★ Wero / Stripe       → modules Marketplace'
  - ============================================================
2026-10-09 23:07:43,598 p=1736267 u=administrator n=ansible INFO| PLAY RECAP ********************************************************************************************************************
2026-10-09 23:07:43,599 p=1736267 u=administrator n=ansible INFO| k3s-node-1                 : ok=29   changed=5    unreachable=0    failed=0    skipped=3    rescued=0    ignored=0   
2026-10-09 23:07:43,599 p=1736267 u=administrator n=ansible INFO| PLAYBOOK RECAP ****************************************************************************************************************
2026-10-09 23:07:43,599 p=1736267 u=administrator n=ansible INFO| Playbook run took 0 days, 0 hours, 0 minutes, 32 seconds

2026-10-09 23:07:43,599 p=1736267 u=administrator n=ansible INFO| TASKS RECAP *******************************************************************************************************************
2026-10-09 23:07:43,600 p=1736267 u=administrator n=ansible INFO| vendredi 09 octobre 2026  23:07:43 +0200 (0:00:00.066)       0:00:32.443 ****** 
2026-10-09 23:07:43,600 p=1736267 u=administrator n=ansible INFO| =============================================================================== 
2026-10-09 23:07:43,600 p=1736267 u=administrator n=ansible INFO| Copier le chart Helm PrestaShop sur le nœud --------------------------------------------------------------------------- 10.72s
2026-10-09 23:07:43,601 p=1736267 u=administrator n=ansible INFO| Helm | upgrade --install prestashop ------------------------------------------------------------------------------------ 2.55s
2026-10-09 23:07:43,601 p=1736267 u=administrator n=ansible INFO| Supprimer le chart et les values temporaires --------------------------------------------------------------------------- 1.24s
2026-10-09 23:07:43,601 p=1736267 u=administrator n=ansible INFO| Écrire le fichier values Helm (overrides depuis group_vars) ------------------------------------------------------------ 1.19s
2026-10-09 23:07:43,601 p=1736267 u=administrator n=ansible INFO| Vérifier que Helm est installé ----------------------------------------------------------------------------------------- 1.03s
2026-10-09 23:07:43,601 p=1736267 u=administrator n=ansible INFO| Créer le répertoire de travail pour le chart Helm ---------------------------------------------------------------------- 0.98s
2026-10-09 23:07:43,601 p=1736267 u=administrator n=ansible INFO| Diag K8s | logs PrestaShop (50 dernières lignes) ----------------------------------------------------------------------- 0.95s
2026-10-09 23:07:43,602 p=1736267 u=administrator n=ansible INFO| Attendre que PrestaShop soit Ready (installation DB au 1er boot = ~15min) ---------------------------------------------- 0.94s
2026-10-09 23:07:43,602 p=1736267 u=administrator n=ansible INFO| Attendre que MariaDB soit Ready ---------------------------------------------------------------------------------------- 0.94s
2026-10-09 23:07:43,602 p=1736267 u=administrator n=ansible INFO| Diag K8s | logs MariaDB (30 dernières lignes) -------------------------------------------------------------------------- 0.88s
2026-10-09 23:07:43,602 p=1736267 u=administrator n=ansible INFO| Labelliser le namespace prestashop (PSA baseline - Apache www-data) ---------------------------------------------------- 0.87s
2026-10-09 23:07:43,602 p=1736267 u=administrator n=ansible INFO| Vérifier les PersistentVolumeClaims ------------------------------------------------------------------------------------ 0.86s
2026-10-09 23:07:43,603 p=1736267 u=administrator n=ansible INFO| Vérifier le type de clé du certificat actuel --------------------------------------------------------------------------- 0.85s
2026-10-09 23:07:43,603 p=1736267 u=administrator n=ansible INFO| Diag K8s | events (triés par date) ------------------------------------------------------------------------------------- 0.85s
2026-10-09 23:07:43,603 p=1736267 u=administrator n=ansible INFO| Créer le namespace prestashop (si absent) ------------------------------------------------------------------------------ 0.85s
2026-10-09 23:07:43,603 p=1736267 u=administrator n=ansible INFO| Vérifier le certificat TLS --------------------------------------------------------------------------------------------- 0.84s
2026-10-09 23:07:43,603 p=1736267 u=administrator n=ansible INFO| Vérifier les services PrestaShop --------------------------------------------------------------------------------------- 0.84s
2026-10-09 23:07:43,604 p=1736267 u=administrator n=ansible INFO| Diag K8s | pods -n prestashop ------------------------------------------------------------------------------------------ 0.84s
2026-10-09 23:07:43,604 p=1736267 u=administrator n=ansible INFO| Vérifier les pods PrestaShop ------------------------------------------------------------------------------------------- 0.84s
2026-10-09 23:07:43,604 p=1736267 u=administrator n=ansible INFO| Vérifier l'IngressRoute HTTPS ------------------------------------------------------------------------------------------ 0.83s
2026-10-10 19:48:49,274 p=512282 u=administrator n=ansible WARNING| [WARNING]: Deprecation warnings can be disabled by setting `deprecation_warnings=False` in ansible.cfg.

2026-10-10 19:48:49,275 p=512282 u=administrator n=ansible INFO| [DEPRECATION WARNING]: community.general.yaml has been deprecated. The plugin has been superseded by the the option `result_format=yaml` in callback plugin ansible.builtin.default from ansible-core 2.13 onwards. This feature will be removed from collection 'community.general' version 12.0.0.

2026-10-10 19:48:49,326 p=512282 u=administrator n=ansible WARNING| [WARNING]: Found variable using reserved name 'namespace'.
Origin: /home/administrator/git/k3s-kubevirt/deploy-homepage.yml:7:5

5   gather_facts: false
6   vars:
7     namespace: homepage
      ^ column 5


2026-10-10 19:48:49,329 p=512282 u=administrator n=ansible INFO| PLAY [Deploy K3s Homepage Dashboard] *******************************************************************************************************************
2026-10-10 19:48:49,344 p=512282 u=administrator n=ansible INFO| TASK [Charger le fichier JSON des ressources] **********************************************************************************************************
2026-10-10 19:48:49,344 p=512282 u=administrator n=ansible INFO| samedi 10 octobre 2026  19:48:49 +0200 (0:00:00.024)       0:00:00.024 ******** 
2026-10-10 19:48:50,179 p=512282 u=administrator n=ansible ERROR| [ERROR]: Task failed: Module failed: File not found: cluster-export.json: [Errno 2] No such file or directory: 'cluster-export.json'
Origin: /home/administrator/git/k3s-kubevirt/deploy-homepage.yml:11:7

 9
10   tasks:
11     - name: Charger le fichier JSON des ressources
         ^ column 7


2026-10-10 19:48:50,180 p=512282 u=administrator n=ansible INFO| fatal: [localhost]: FAILED! => changed=false 
  msg: 'File not found: cluster-export.json'
2026-10-10 19:48:50,181 p=512282 u=administrator n=ansible INFO| PLAY RECAP *********************************************************************************************************************************************
2026-10-10 19:48:50,181 p=512282 u=administrator n=ansible INFO| localhost                  : ok=0    changed=0    unreachable=0    failed=1    skipped=0    rescued=0    ignored=0   
2026-10-10 19:48:50,182 p=512282 u=administrator n=ansible INFO| PLAYBOOK RECAP *****************************************************************************************************************************************
2026-10-10 19:48:50,182 p=512282 u=administrator n=ansible INFO| Playbook run took 0 days, 0 hours, 0 minutes, 0 seconds

2026-10-10 19:48:50,182 p=512282 u=administrator n=ansible INFO| TASKS RECAP ********************************************************************************************************************************************
2026-10-10 19:48:50,182 p=512282 u=administrator n=ansible INFO| samedi 10 octobre 2026  19:48:50 +0200 (0:00:00.837)       0:00:00.861 ******** 
2026-10-10 19:48:50,182 p=512282 u=administrator n=ansible INFO| =============================================================================== 
2026-10-10 19:48:50,182 p=512282 u=administrator n=ansible INFO| Charger le fichier JSON des ressources ---------------------------------------------------------------------------------------------------------- 0.84s
2026-10-10 19:50:11,642 p=516141 u=administrator n=ansible WARNING| [WARNING]: Deprecation warnings can be disabled by setting `deprecation_warnings=False` in ansible.cfg.

2026-10-10 19:50:11,642 p=516141 u=administrator n=ansible INFO| [DEPRECATION WARNING]: community.general.yaml has been deprecated. The plugin has been superseded by the the option `result_format=yaml` in callback plugin ansible.builtin.default from ansible-core 2.13 onwards. This feature will be removed from collection 'community.general' version 12.0.0.

2026-10-10 19:50:11,696 p=516141 u=administrator n=ansible WARNING| [WARNING]: Found variable using reserved name 'namespace'.
Origin: /home/administrator/git/k3s-kubevirt/deploy-homepage.yml:7:5

5   gather_facts: false
6   vars:
7     namespace: homepage
      ^ column 5


2026-10-10 19:50:11,699 p=516141 u=administrator n=ansible INFO| PLAY [Deploy K3s Homepage Dashboard] *******************************************************************************************************************
2026-10-10 19:50:11,715 p=516141 u=administrator n=ansible INFO| TASK [Charger le fichier JSON des ressources] **********************************************************************************************************
2026-10-10 19:50:11,715 p=516141 u=administrator n=ansible INFO| samedi 10 octobre 2026  19:50:11 +0200 (0:00:00.025)       0:00:00.025 ******** 
2026-10-10 19:50:12,603 p=516141 u=administrator n=ansible ERROR| [ERROR]: Task failed: Module failed: File not found: cluster-export.json: [Errno 2] No such file or directory: 'cluster-export.json'
Origin: /home/administrator/git/k3s-kubevirt/deploy-homepage.yml:11:7

 9
10   tasks:
11     - name: Charger le fichier JSON des ressources
         ^ column 7


2026-10-10 19:50:12,603 p=516141 u=administrator n=ansible INFO| fatal: [localhost]: FAILED! => changed=false 
  msg: 'File not found: cluster-export.json'
2026-10-10 19:50:12,605 p=516141 u=administrator n=ansible INFO| PLAY RECAP *********************************************************************************************************************************************
2026-10-10 19:50:12,605 p=516141 u=administrator n=ansible INFO| localhost                  : ok=0    changed=0    unreachable=0    failed=1    skipped=0    rescued=0    ignored=0   
2026-10-10 19:50:12,605 p=516141 u=administrator n=ansible INFO| PLAYBOOK RECAP *****************************************************************************************************************************************
2026-10-10 19:50:12,606 p=516141 u=administrator n=ansible INFO| Playbook run took 0 days, 0 hours, 0 minutes, 0 seconds

2026-10-10 19:50:12,606 p=516141 u=administrator n=ansible INFO| TASKS RECAP ********************************************************************************************************************************************
2026-10-10 19:50:12,606 p=516141 u=administrator n=ansible INFO| samedi 10 octobre 2026  19:50:12 +0200 (0:00:00.890)       0:00:00.916 ******** 
2026-10-10 19:50:12,606 p=516141 u=administrator n=ansible INFO| =============================================================================== 
2026-10-10 19:50:12,606 p=516141 u=administrator n=ansible INFO| Charger le fichier JSON des ressources ---------------------------------------------------------------------------------------------------------- 0.89s
2026-10-10 19:50:19,597 p=516595 u=administrator n=ansible WARNING| [WARNING]: Deprecation warnings can be disabled by setting `deprecation_warnings=False` in ansible.cfg.

2026-10-10 19:50:19,597 p=516595 u=administrator n=ansible INFO| [DEPRECATION WARNING]: community.general.yaml has been deprecated. The plugin has been superseded by the the option `result_format=yaml` in callback plugin ansible.builtin.default from ansible-core 2.13 onwards. This feature will be removed from collection 'community.general' version 12.0.0.

2026-10-10 19:50:19,647 p=516595 u=administrator n=ansible WARNING| [WARNING]: Found variable using reserved name 'namespace'.
Origin: /home/administrator/git/k3s-kubevirt/deploy-homepage.yml:7:5

5   gather_facts: false
6   vars:
7     namespace: homepage
      ^ column 5


2026-10-10 19:50:19,651 p=516595 u=administrator n=ansible INFO| PLAY [Deploy K3s Homepage Dashboard] *******************************************************************************************************************
2026-10-10 19:50:19,665 p=516595 u=administrator n=ansible INFO| TASK [Charger le fichier JSON des ressources] **********************************************************************************************************
2026-10-10 19:50:19,665 p=516595 u=administrator n=ansible INFO| samedi 10 octobre 2026  19:50:19 +0200 (0:00:00.023)       0:00:00.023 ******** 
2026-10-10 19:50:20,506 p=516595 u=administrator n=ansible ERROR| [ERROR]: Task failed: Module failed: File not found: cluster-export.json: [Errno 2] No such file or directory: 'cluster-export.json'
Origin: /home/administrator/git/k3s-kubevirt/deploy-homepage.yml:11:7

 9
10   tasks:
11     - name: Charger le fichier JSON des ressources
         ^ column 7


2026-10-10 19:50:20,507 p=516595 u=administrator n=ansible INFO| fatal: [localhost]: FAILED! => changed=false 
  msg: 'File not found: cluster-export.json'
2026-10-10 19:50:20,509 p=516595 u=administrator n=ansible INFO| PLAY RECAP *********************************************************************************************************************************************
2026-10-10 19:50:20,509 p=516595 u=administrator n=ansible INFO| localhost                  : ok=0    changed=0    unreachable=0    failed=1    skipped=0    rescued=0    ignored=0   
2026-10-10 19:50:20,510 p=516595 u=administrator n=ansible INFO| PLAYBOOK RECAP *****************************************************************************************************************************************
2026-10-10 19:50:20,510 p=516595 u=administrator n=ansible INFO| Playbook run took 0 days, 0 hours, 0 minutes, 0 seconds

2026-10-10 19:50:20,510 p=516595 u=administrator n=ansible INFO| TASKS RECAP ********************************************************************************************************************************************
2026-10-10 19:50:20,510 p=516595 u=administrator n=ansible INFO| samedi 10 octobre 2026  19:50:20 +0200 (0:00:00.844)       0:00:00.868 ******** 
2026-10-10 19:50:20,511 p=516595 u=administrator n=ansible INFO| =============================================================================== 
2026-10-10 19:50:20,511 p=516595 u=administrator n=ansible INFO| Charger le fichier JSON des ressources ---------------------------------------------------------------------------------------------------------- 0.85s
