2026-02-19 10:48:14,937 p=40579 u=administrator n=ansible WARNING| [WARNING]: Deprecation warnings can be disabled by setting `deprecation_warnings=False` in ansible.cfg.

2026-02-19 10:48:14,938 p=40579 u=administrator n=ansible INFO| [DEPRECATION WARNING]: community.general.yaml has been deprecated. The plugin has been superseded by the the option `result_format=yaml` in callback plugin ansible.builtin.default from ansible-core 2.13 onwards. This feature will be removed from collection 'community.general' version 12.0.0.

2026-02-19 10:48:14,980 p=40579 u=administrator n=ansible INFO| PLAY [DIAGNOSTIC COMPLET - Réseau, système et K3s] *************************************************************************************************************************************************************************************************************************
2026-02-19 10:48:14,999 p=40579 u=administrator n=ansible INFO| TASK [Gathering Facts] *****************************************************************************************************************************************************************************************************************************************************
2026-02-19 10:48:14,999 p=40579 u=administrator n=ansible INFO| jeudi 19 février 2026  10:48:14 +0100 (0:00:00.025)       0:00:00.025 ********* 
2026-02-19 10:48:18,030 p=40579 u=administrator n=ansible INFO| ok: [k3s-node-3]
2026-02-19 10:48:18,048 p=40579 u=administrator n=ansible INFO| ok: [k3s-node-2]
2026-02-19 10:48:18,533 p=40579 u=administrator n=ansible INFO| ok: [k3s-node-1]
2026-02-19 10:48:18,545 p=40579 u=administrator n=ansible INFO| TASK [Nettoyer et créer le répertoire de diagnostic sur le noeud] **********************************************************************************************************************************************************************************************************
2026-02-19 10:48:18,546 p=40579 u=administrator n=ansible INFO| jeudi 19 février 2026  10:48:18 +0100 (0:00:03.546)       0:00:03.572 ********* 
2026-02-19 10:48:19,343 p=40579 u=administrator n=ansible INFO| changed: [k3s-node-3]
2026-02-19 10:48:19,382 p=40579 u=administrator n=ansible INFO| changed: [k3s-node-2]
2026-02-19 10:48:19,395 p=40579 u=administrator n=ansible INFO| changed: [k3s-node-1]
2026-02-19 10:48:19,402 p=40579 u=administrator n=ansible INFO| TASK [Infos système générales] *********************************************************************************************************************************************************************************************************************************************
2026-02-19 10:48:19,403 p=40579 u=administrator n=ansible INFO| jeudi 19 février 2026  10:48:19 +0100 (0:00:00.856)       0:00:04.428 ********* 
2026-02-19 10:48:19,915 p=40579 u=administrator n=ansible INFO| changed: [k3s-node-2]
2026-02-19 10:48:19,946 p=40579 u=administrator n=ansible INFO| changed: [k3s-node-3]
2026-02-19 10:48:20,004 p=40579 u=administrator n=ansible INFO| changed: [k3s-node-1]
2026-02-19 10:48:20,013 p=40579 u=administrator n=ansible INFO| TASK [État des interfaces réseau] ******************************************************************************************************************************************************************************************************************************************
2026-02-19 10:48:20,013 p=40579 u=administrator n=ansible INFO| jeudi 19 février 2026  10:48:20 +0100 (0:00:00.609)       0:00:05.038 ********* 
2026-02-19 10:48:20,591 p=40579 u=administrator n=ansible INFO| changed: [k3s-node-2]
2026-02-19 10:48:20,625 p=40579 u=administrator n=ansible INFO| changed: [k3s-node-3]
2026-02-19 10:48:20,675 p=40579 u=administrator n=ansible INFO| changed: [k3s-node-1]
2026-02-19 10:48:20,684 p=40579 u=administrator n=ansible INFO| TASK [Statistiques et erreurs réseau] **************************************************************************************************************************************************************************************************************************************
2026-02-19 10:48:20,684 p=40579 u=administrator n=ansible INFO| jeudi 19 février 2026  10:48:20 +0100 (0:00:00.671)       0:00:05.710 ********* 
2026-02-19 10:48:21,255 p=40579 u=administrator n=ansible INFO| changed: [k3s-node-2]
2026-02-19 10:48:21,270 p=40579 u=administrator n=ansible INFO| changed: [k3s-node-1]
2026-02-19 10:48:21,277 p=40579 u=administrator n=ansible INFO| changed: [k3s-node-3]
2026-02-19 10:48:21,287 p=40579 u=administrator n=ansible INFO| TASK [Tests de latence entre noeuds] ***************************************************************************************************************************************************************************************************************************************
2026-02-19 10:48:21,287 p=40579 u=administrator n=ansible INFO| jeudi 19 février 2026  10:48:21 +0100 (0:00:00.603)       0:00:06.313 ********* 
2026-02-19 10:48:47,547 p=40579 u=administrator n=ansible INFO| changed: [k3s-node-2]
2026-02-19 10:48:47,574 p=40579 u=administrator n=ansible INFO| changed: [k3s-node-3]
2026-02-19 10:48:47,595 p=40579 u=administrator n=ansible INFO| changed: [k3s-node-1]
2026-02-19 10:48:47,611 p=40579 u=administrator n=ansible INFO| TASK [Informations switch (LLDP/ARP/routes)] *******************************************************************************************************************************************************************************************************************************
2026-02-19 10:48:47,611 p=40579 u=administrator n=ansible INFO| jeudi 19 février 2026  10:48:47 +0100 (0:00:26.323)       0:00:32.637 ********* 
2026-02-19 10:48:48,191 p=40579 u=administrator n=ansible INFO| changed: [k3s-node-2]
2026-02-19 10:48:48,200 p=40579 u=administrator n=ansible INFO| changed: [k3s-node-1]
2026-02-19 10:48:48,205 p=40579 u=administrator n=ansible INFO| changed: [k3s-node-3]
2026-02-19 10:48:48,216 p=40579 u=administrator n=ansible INFO| TASK [Paramètres sysctl réseau] ********************************************************************************************************************************************************************************************************************************************
2026-02-19 10:48:48,216 p=40579 u=administrator n=ansible INFO| jeudi 19 février 2026  10:48:48 +0100 (0:00:00.605)       0:00:33.242 ********* 
2026-02-19 10:48:48,858 p=40579 u=administrator n=ansible INFO| changed: [k3s-node-2]
2026-02-19 10:48:48,885 p=40579 u=administrator n=ansible INFO| changed: [k3s-node-3]
2026-02-19 10:48:48,935 p=40579 u=administrator n=ansible INFO| changed: [k3s-node-1]
2026-02-19 10:48:48,947 p=40579 u=administrator n=ansible INFO| TASK [CPU, IRQ et performance] *********************************************************************************************************************************************************************************************************************************************
2026-02-19 10:48:48,947 p=40579 u=administrator n=ansible INFO| jeudi 19 février 2026  10:48:48 +0100 (0:00:00.730)       0:00:33.973 ********* 
2026-02-19 10:48:49,727 p=40579 u=administrator n=ansible INFO| changed: [k3s-node-2]
2026-02-19 10:48:49,751 p=40579 u=administrator n=ansible INFO| changed: [k3s-node-3]
2026-02-19 10:48:49,757 p=40579 u=administrator n=ansible INFO| changed: [k3s-node-1]
2026-02-19 10:48:49,769 p=40579 u=administrator n=ansible INFO| TASK [Diagnostics disques et I/O] ******************************************************************************************************************************************************************************************************************************************
2026-02-19 10:48:49,769 p=40579 u=administrator n=ansible INFO| jeudi 19 février 2026  10:48:49 +0100 (0:00:00.821)       0:00:34.795 ********* 
2026-02-19 10:48:52,820 p=40579 u=administrator n=ansible INFO| changed: [k3s-node-3]
2026-02-19 10:48:52,843 p=40579 u=administrator n=ansible INFO| changed: [k3s-node-2]
2026-02-19 10:48:53,063 p=40579 u=administrator n=ansible INFO| changed: [k3s-node-1]
2026-02-19 10:48:53,075 p=40579 u=administrator n=ansible INFO| TASK [Journaux système (erreurs réseau)] ***********************************************************************************************************************************************************************************************************************************
2026-02-19 10:48:53,075 p=40579 u=administrator n=ansible INFO| jeudi 19 février 2026  10:48:53 +0100 (0:00:03.305)       0:00:38.101 ********* 
2026-02-19 10:48:53,672 p=40579 u=administrator n=ansible INFO| changed: [k3s-node-2]
2026-02-19 10:48:53,676 p=40579 u=administrator n=ansible INFO| changed: [k3s-node-1]
2026-02-19 10:48:53,686 p=40579 u=administrator n=ansible INFO| changed: [k3s-node-3]
2026-02-19 10:48:53,697 p=40579 u=administrator n=ansible INFO| TASK [Firmware et driver cartes réseau] ************************************************************************************************************************************************************************************************************************************
2026-02-19 10:48:53,697 p=40579 u=administrator n=ansible INFO| jeudi 19 février 2026  10:48:53 +0100 (0:00:00.622)       0:00:38.723 ********* 
2026-02-19 10:48:54,259 p=40579 u=administrator n=ansible INFO| changed: [k3s-node-2]
2026-02-19 10:48:54,272 p=40579 u=administrator n=ansible INFO| changed: [k3s-node-3]
2026-02-19 10:48:54,315 p=40579 u=administrator n=ansible INFO| changed: [k3s-node-1]
2026-02-19 10:48:54,326 p=40579 u=administrator n=ansible INFO| TASK [Générer le rapport de synthèse] **************************************************************************************************************************************************************************************************************************************
2026-02-19 10:48:54,326 p=40579 u=administrator n=ansible INFO| jeudi 19 février 2026  10:48:54 +0100 (0:00:00.628)       0:00:39.352 ********* 
2026-02-19 10:48:55,032 p=40579 u=administrator n=ansible INFO| changed: [k3s-node-3]
2026-02-19 10:48:55,066 p=40579 u=administrator n=ansible INFO| changed: [k3s-node-2]
2026-02-19 10:48:55,077 p=40579 u=administrator n=ansible INFO| changed: [k3s-node-1]
2026-02-19 10:48:55,090 p=40579 u=administrator n=ansible INFO| TASK [Créer l'archive tar.gz sur le noeud] *********************************************************************************************************************************************************************************************************************************
2026-02-19 10:48:55,090 p=40579 u=administrator n=ansible INFO| jeudi 19 février 2026  10:48:55 +0100 (0:00:00.763)       0:00:40.116 ********* 
2026-02-19 10:48:55,682 p=40579 u=administrator n=ansible INFO| changed: [k3s-node-1]
2026-02-19 10:48:55,683 p=40579 u=administrator n=ansible INFO| changed: [k3s-node-2]
2026-02-19 10:48:55,702 p=40579 u=administrator n=ansible INFO| changed: [k3s-node-3]
2026-02-19 10:48:55,714 p=40579 u=administrator n=ansible INFO| TASK [Rapatrier l'archive via scp] *****************************************************************************************************************************************************************************************************************************************
2026-02-19 10:48:55,715 p=40579 u=administrator n=ansible INFO| jeudi 19 février 2026  10:48:55 +0100 (0:00:00.624)       0:00:40.741 ********* 
2026-02-19 10:48:56,457 p=40579 u=administrator n=ansible INFO| changed: [k3s-node-1 -> localhost]
2026-02-19 10:48:56,459 p=40579 u=administrator n=ansible INFO| changed: [k3s-node-2 -> localhost]
2026-02-19 10:48:56,494 p=40579 u=administrator n=ansible INFO| changed: [k3s-node-3 -> localhost]
2026-02-19 10:48:56,503 p=40579 u=administrator n=ansible INFO| TASK [Nettoyage sur le noeud] **********************************************************************************************************************************************************************************************************************************************
2026-02-19 10:48:56,503 p=40579 u=administrator n=ansible INFO| jeudi 19 février 2026  10:48:56 +0100 (0:00:00.788)       0:00:41.529 ********* 
2026-02-19 10:48:57,057 p=40579 u=administrator n=ansible INFO| changed: [k3s-node-2]
2026-02-19 10:48:57,061 p=40579 u=administrator n=ansible INFO| changed: [k3s-node-1]
2026-02-19 10:48:57,062 p=40579 u=administrator n=ansible INFO| changed: [k3s-node-3]
2026-02-19 10:48:57,068 p=40579 u=administrator n=ansible INFO| PLAY [Rapport final] *******************************************************************************************************************************************************************************************************************************************************
2026-02-19 10:48:57,073 p=40579 u=administrator n=ansible INFO| TASK [Synthèse globale des 3 noeuds] ***************************************************************************************************************************************************************************************************************************************
2026-02-19 10:48:57,074 p=40579 u=administrator n=ansible INFO| jeudi 19 février 2026  10:48:57 +0100 (0:00:00.570)       0:00:42.099 ********* 
2026-02-19 10:48:57,705 p=40579 u=administrator n=ansible INFO| changed: [localhost]
2026-02-19 10:48:57,710 p=40579 u=administrator n=ansible INFO| TASK [Afficher le rapport] *************************************************************************************************************************************************************************************************************************************************
2026-02-19 10:48:57,711 p=40579 u=administrator n=ansible INFO| jeudi 19 février 2026  10:48:57 +0100 (0:00:00.636)       0:00:42.736 ********* 
2026-02-19 10:48:57,747 p=40579 u=administrator n=ansible INFO| ok: [localhost] => 
  msg:
  - ============================================================
  - DIAGNOSTIC GLOBAL K3s CLUSTER
  - 'Date: Thu Feb 19 10:48:57 CET 2026'
  - ============================================================
  - ''
  - '====== NOEUD: k3s-node-1 ======'
  - ''
  - '====== NOEUD: k3s-node-2 ======'
  - ''
  - '====== NOEUD: k3s-node-3 ======'
  - ''
  - ============================================================
  - 'Fichiers dans: /tmp/diag_ansible/'
  - ============================================================
2026-02-19 10:48:57,752 p=40579 u=administrator n=ansible INFO| TASK [Sauvegarder le rapport global] ***************************************************************************************************************************************************************************************************************************************
2026-02-19 10:48:57,752 p=40579 u=administrator n=ansible INFO| jeudi 19 février 2026  10:48:57 +0100 (0:00:00.041)       0:00:42.778 ********* 
2026-02-19 10:48:59,236 p=40579 u=administrator n=ansible INFO| changed: [localhost]
2026-02-19 10:48:59,240 p=40579 u=administrator n=ansible INFO| TASK [Résumé] **************************************************************************************************************************************************************************************************************************************************************
2026-02-19 10:48:59,240 p=40579 u=administrator n=ansible INFO| jeudi 19 février 2026  10:48:59 +0100 (0:00:01.487)       0:00:44.266 ********* 
2026-02-19 10:48:59,278 p=40579 u=administrator n=ansible INFO| ok: [localhost] => 
  msg:
  - Diagnostic terminé !
  - 'Rapport global : /tmp/diag_ansible/RAPPORT_GLOBAL.txt'
  - 'Détails par noeud : /tmp/diag_ansible/k3s-node-[1,2,3]/'
2026-02-19 10:48:59,280 p=40579 u=administrator n=ansible INFO| PLAY RECAP *****************************************************************************************************************************************************************************************************************************************************************
2026-02-19 10:48:59,281 p=40579 u=administrator n=ansible INFO| k3s-node-1                 : ok=16   changed=15   unreachable=0    failed=0    skipped=0    rescued=0    ignored=0   
2026-02-19 10:48:59,281 p=40579 u=administrator n=ansible INFO| k3s-node-2                 : ok=16   changed=15   unreachable=0    failed=0    skipped=0    rescued=0    ignored=0   
2026-02-19 10:48:59,281 p=40579 u=administrator n=ansible INFO| k3s-node-3                 : ok=16   changed=15   unreachable=0    failed=0    skipped=0    rescued=0    ignored=0   
2026-02-19 10:48:59,281 p=40579 u=administrator n=ansible INFO| localhost                  : ok=4    changed=2    unreachable=0    failed=0    skipped=0    rescued=0    ignored=0   
2026-02-19 10:48:59,281 p=40579 u=administrator n=ansible INFO| PLAYBOOK RECAP *************************************************************************************************************************************************************************************************************************************************************
2026-02-19 10:48:59,282 p=40579 u=administrator n=ansible INFO| Playbook run took 0 days, 0 hours, 0 minutes, 44 seconds

2026-02-19 10:48:59,282 p=40579 u=administrator n=ansible INFO| TASKS RECAP ****************************************************************************************************************************************************************************************************************************************************************
2026-02-19 10:48:59,282 p=40579 u=administrator n=ansible INFO| jeudi 19 février 2026  10:48:59 +0100 (0:00:00.042)       0:00:44.308 ********* 
2026-02-19 10:48:59,282 p=40579 u=administrator n=ansible INFO| =============================================================================== 
2026-02-19 10:48:59,282 p=40579 u=administrator n=ansible INFO| Tests de latence entre noeuds -------------------------------------------------------------------------------------------------------------------------------------------------------------------------------------------------------------------------------------- 26.32s
2026-02-19 10:48:59,282 p=40579 u=administrator n=ansible INFO| Gathering Facts ----------------------------------------------------------------------------------------------------------------------------------------------------------------------------------------------------------------------------------------------------- 3.55s
2026-02-19 10:48:59,283 p=40579 u=administrator n=ansible INFO| Diagnostics disques et I/O ------------------------------------------------------------------------------------------------------------------------------------------------------------------------------------------------------------------------------------------ 3.31s
2026-02-19 10:48:59,283 p=40579 u=administrator n=ansible INFO| Sauvegarder le rapport global --------------------------------------------------------------------------------------------------------------------------------------------------------------------------------------------------------------------------------------- 1.49s
2026-02-19 10:48:59,283 p=40579 u=administrator n=ansible INFO| Nettoyer et créer le répertoire de diagnostic sur le noeud ---------------------------------------------------------------------------------------------------------------------------------------------------------------------------------------------------------- 0.86s
2026-02-19 10:48:59,283 p=40579 u=administrator n=ansible INFO| CPU, IRQ et performance --------------------------------------------------------------------------------------------------------------------------------------------------------------------------------------------------------------------------------------------- 0.82s
2026-02-19 10:48:59,283 p=40579 u=administrator n=ansible INFO| Rapatrier l'archive via scp ----------------------------------------------------------------------------------------------------------------------------------------------------------------------------------------------------------------------------------------- 0.79s
2026-02-19 10:48:59,283 p=40579 u=administrator n=ansible INFO| Générer le rapport de synthèse -------------------------------------------------------------------------------------------------------------------------------------------------------------------------------------------------------------------------------------- 0.76s
2026-02-19 10:48:59,284 p=40579 u=administrator n=ansible INFO| Paramètres sysctl réseau -------------------------------------------------------------------------------------------------------------------------------------------------------------------------------------------------------------------------------------------- 0.73s
2026-02-19 10:48:59,284 p=40579 u=administrator n=ansible INFO| État des interfaces réseau ------------------------------------------------------------------------------------------------------------------------------------------------------------------------------------------------------------------------------------------ 0.67s
2026-02-19 10:48:59,284 p=40579 u=administrator n=ansible INFO| Synthèse globale des 3 noeuds --------------------------------------------------------------------------------------------------------------------------------------------------------------------------------------------------------------------------------------- 0.64s
2026-02-19 10:48:59,284 p=40579 u=administrator n=ansible INFO| Firmware et driver cartes réseau ------------------------------------------------------------------------------------------------------------------------------------------------------------------------------------------------------------------------------------ 0.63s
2026-02-19 10:48:59,284 p=40579 u=administrator n=ansible INFO| Créer l'archive tar.gz sur le noeud --------------------------------------------------------------------------------------------------------------------------------------------------------------------------------------------------------------------------------- 0.62s
2026-02-19 10:48:59,284 p=40579 u=administrator n=ansible INFO| Journaux système (erreurs réseau) ----------------------------------------------------------------------------------------------------------------------------------------------------------------------------------------------------------------------------------- 0.62s
2026-02-19 10:48:59,285 p=40579 u=administrator n=ansible INFO| Infos système générales --------------------------------------------------------------------------------------------------------------------------------------------------------------------------------------------------------------------------------------------- 0.61s
2026-02-19 10:48:59,285 p=40579 u=administrator n=ansible INFO| Informations switch (LLDP/ARP/routes) ------------------------------------------------------------------------------------------------------------------------------------------------------------------------------------------------------------------------------- 0.61s
2026-02-19 10:48:59,285 p=40579 u=administrator n=ansible INFO| Statistiques et erreurs réseau -------------------------------------------------------------------------------------------------------------------------------------------------------------------------------------------------------------------------------------- 0.60s
2026-02-19 10:48:59,285 p=40579 u=administrator n=ansible INFO| Nettoyage sur le noeud ---------------------------------------------------------------------------------------------------------------------------------------------------------------------------------------------------------------------------------------------- 0.57s
2026-02-19 10:48:59,285 p=40579 u=administrator n=ansible INFO| Résumé -------------------------------------------------------------------------------------------------------------------------------------------------------------------------------------------------------------------------------------------------------------- 0.04s
2026-02-19 10:48:59,285 p=40579 u=administrator n=ansible INFO| Afficher le rapport ------------------------------------------------------------------------------------------------------------------------------------------------------------------------------------------------------------------------------------------------- 0.04s
2026-02-19 10:52:22,638 p=41820 u=administrator n=ansible ERROR| [ERROR]: Error loading tasks: failed at splitting arguments, either an unbalanced jinja2 block or quotes: set +e
# Nettoyage préalable du répertoire de destination
rm -rf /tmp/diag_ansible/{{ inventory_hostname }}
mkdir -p /tmp/diag_ansible/{{ inventory_hostname }}

# Récupérer l'archive
scp -o StrictHostKeyChecking=no \
    -o BatchMode=yes \
    {{ ansible_user }}@{{ ansible_host }}:/tmp/diag_{{ inventory_hostname }}.tar.gz \
    /tmp/diag_ansible/{{ inventory_hostname }}.tar.gz

# Extraire directement dans le répertoire du noeud
# --strip-components=1 enlève le préfixe "diag_node/" du tar
tar xzf /tmp/diag_ansible/{{ inventory_hostname }}.tar.gz \
    -C /tmp/diag_ansible/{{ inventory_hostname }}/ \
    --strip-components=1

rm -f /tmp/diag_ansible/{{ inventory_hostname }}.tar.gz

echo "=== Fichiers rapatriés dans /tmp/diag_ansible/{{ inventory_hostname }}/ ==="
ls -la /tmp/diag_ansible/{{ inventory_hostname }}/
exit 0
Origin: /home/administrator/ansible/diagnostic_network.yml:480:7

478     # COLLECTE - scp depuis le noeud Ansible
479     # =========================================================
480     - name: "Rapatrier l'archive via scp"
          ^ column 7


2026-02-19 10:52:58,002 p=41870 u=administrator n=ansible ERROR| [ERROR]: Error loading tasks: failed at splitting arguments, either an unbalanced jinja2 block or quotes: set +e
# Nettoyage préalable du répertoire de destination
rm -rf /tmp/diag_ansible/{{ inventory_hostname }}
mkdir -p /tmp/diag_ansible/{{ inventory_hostname }}

# Récupérer l'archive
scp -o StrictHostKeyChecking=no \
    -o BatchMode=yes \
    {{ ansible_user }}@{{ ansible_host }}:/tmp/diag_{{ inventory_hostname }}.tar.gz \
    /tmp/diag_ansible/{{ inventory_hostname }}.tar.gz

# Extraire directement dans le répertoire du noeud
# --strip-components=1 enlève le préfixe "diag_node/" du tar
tar xzf /tmp/diag_ansible/{{ inventory_hostname }}.tar.gz \
    -C /tmp/diag_ansible/{{ inventory_hostname }}/ \
    --strip-components=1

rm -f /tmp/diag_ansible/{{ inventory_hostname }}.tar.gz

echo "=== Fichiers rapatriés dans /tmp/diag_ansible/{{ inventory_hostname }}/ ==="
ls -la /tmp/diag_ansible/{{ inventory_hostname }}/
exit 0
Origin: /home/administrator/ansible/diagnostic_network.yml:480:7

478     # COLLECTE - scp depuis le noeud Ansible
479     # =========================================================
480     - name: "Rapatrier l'archive via scp"
          ^ column 7


2026-02-19 10:54:55,295 p=41929 u=administrator n=ansible ERROR| [ERROR]: Error loading tasks: failed at splitting arguments, either an unbalanced jinja2 block or quotes: set +e
# Nettoyage préalable du répertoire de destination
rm -rf /tmp/diag_ansible/{{ inventory_hostname }}
mkdir -p /tmp/diag_ansible/{{ inventory_hostname }}

# Récupérer l'archive
scp -o StrictHostKeyChecking=no \
    -o BatchMode=yes \
    {{ ansible_user }}@{{ ansible_host }}:/tmp/diag_{{ inventory_hostname }}.tar.gz \
    /tmp/diag_ansible/{{ inventory_hostname }}.tar.gz

# Extraire directement dans le répertoire du noeud
# --strip-components=1 enlève le préfixe "diag_node/" du tar
tar xzf /tmp/diag_ansible/{{ inventory_hostname }}.tar.gz \
    -C /tmp/diag_ansible/{{ inventory_hostname }}/ \
    --strip-components=1

rm -f /tmp/diag_ansible/{{ inventory_hostname }}.tar.gz

echo "=== Fichiers rapatriés dans /tmp/diag_ansible/{{ inventory_hostname }}/ ==="
ls -la /tmp/diag_ansible/{{ inventory_hostname }}/
exit 0
Origin: /home/administrator/ansible/diagnostic_network.yml:480:7

478     # COLLECTE - scp depuis le noeud Ansible
479     # =========================================================
480     - name: "Rapatrier l'archive via scp"
          ^ column 7


2026-02-19 10:55:13,477 p=41980 u=administrator n=ansible WARNING| [WARNING]: Deprecation warnings can be disabled by setting `deprecation_warnings=False` in ansible.cfg.

2026-02-19 10:55:13,478 p=41980 u=administrator n=ansible INFO| [DEPRECATION WARNING]: community.general.yaml has been deprecated. The plugin has been superseded by the the option `result_format=yaml` in callback plugin ansible.builtin.default from ansible-core 2.13 onwards. This feature will be removed from collection 'community.general' version 12.0.0.

2026-02-19 10:55:13,520 p=41980 u=administrator n=ansible INFO| PLAY [DIAGNOSTIC COMPLET - Réseau, système et K3s] *************************************************************************************************************************************************************************************************************************
2026-02-19 10:55:13,539 p=41980 u=administrator n=ansible INFO| TASK [Gathering Facts] *****************************************************************************************************************************************************************************************************************************************************
2026-02-19 10:55:13,539 p=41980 u=administrator n=ansible INFO| jeudi 19 février 2026  10:55:13 +0100 (0:00:00.025)       0:00:00.025 ********* 
2026-02-19 10:55:16,941 p=41980 u=administrator n=ansible INFO| ok: [k3s-node-2]
2026-02-19 10:55:17,045 p=41980 u=administrator n=ansible INFO| ok: [k3s-node-3]
2026-02-19 10:55:17,118 p=41980 u=administrator n=ansible INFO| ok: [k3s-node-1]
2026-02-19 10:55:17,131 p=41980 u=administrator n=ansible INFO| TASK [Nettoyer et créer le répertoire de diagnostic sur le noeud] **********************************************************************************************************************************************************************************************************
2026-02-19 10:55:17,131 p=41980 u=administrator n=ansible INFO| jeudi 19 février 2026  10:55:17 +0100 (0:00:03.591)       0:00:03.617 ********* 
2026-02-19 10:55:17,958 p=41980 u=administrator n=ansible INFO| changed: [k3s-node-2]
2026-02-19 10:55:17,959 p=41980 u=administrator n=ansible INFO| changed: [k3s-node-3]
2026-02-19 10:55:17,976 p=41980 u=administrator n=ansible INFO| changed: [k3s-node-1]
2026-02-19 10:55:17,988 p=41980 u=administrator n=ansible INFO| TASK [Infos système générales] *********************************************************************************************************************************************************************************************************************************************
2026-02-19 10:55:17,988 p=41980 u=administrator n=ansible INFO| jeudi 19 février 2026  10:55:17 +0100 (0:00:00.856)       0:00:04.474 ********* 
2026-02-19 10:55:18,527 p=41980 u=administrator n=ansible INFO| changed: [k3s-node-2]
2026-02-19 10:55:18,543 p=41980 u=administrator n=ansible INFO| changed: [k3s-node-3]
2026-02-19 10:55:18,593 p=41980 u=administrator n=ansible INFO| changed: [k3s-node-1]
2026-02-19 10:55:18,602 p=41980 u=administrator n=ansible INFO| TASK [État des interfaces réseau] ******************************************************************************************************************************************************************************************************************************************
2026-02-19 10:55:18,602 p=41980 u=administrator n=ansible INFO| jeudi 19 février 2026  10:55:18 +0100 (0:00:00.613)       0:00:05.088 ********* 
2026-02-19 10:55:19,183 p=41980 u=administrator n=ansible INFO| changed: [k3s-node-2]
2026-02-19 10:55:19,214 p=41980 u=administrator n=ansible INFO| changed: [k3s-node-3]
2026-02-19 10:55:19,260 p=41980 u=administrator n=ansible INFO| changed: [k3s-node-1]
2026-02-19 10:55:19,268 p=41980 u=administrator n=ansible INFO| TASK [Statistiques et erreurs réseau] **************************************************************************************************************************************************************************************************************************************
2026-02-19 10:55:19,268 p=41980 u=administrator n=ansible INFO| jeudi 19 février 2026  10:55:19 +0100 (0:00:00.666)       0:00:05.754 ********* 
2026-02-19 10:55:19,777 p=41980 u=administrator n=ansible INFO| changed: [k3s-node-2]
2026-02-19 10:55:19,830 p=41980 u=administrator n=ansible INFO| changed: [k3s-node-1]
2026-02-19 10:55:19,851 p=41980 u=administrator n=ansible INFO| changed: [k3s-node-3]
2026-02-19 10:55:19,862 p=41980 u=administrator n=ansible INFO| TASK [Tests de latence entre noeuds] ***************************************************************************************************************************************************************************************************************************************
2026-02-19 10:55:19,862 p=41980 u=administrator n=ansible INFO| jeudi 19 février 2026  10:55:19 +0100 (0:00:00.593)       0:00:06.348 ********* 
2026-02-19 10:55:46,137 p=41980 u=administrator n=ansible INFO| changed: [k3s-node-3]
2026-02-19 10:55:46,154 p=41980 u=administrator n=ansible INFO| changed: [k3s-node-1]
2026-02-19 10:55:46,162 p=41980 u=administrator n=ansible INFO| changed: [k3s-node-2]
2026-02-19 10:55:46,173 p=41980 u=administrator n=ansible INFO| TASK [Informations switch (LLDP/ARP/routes)] *******************************************************************************************************************************************************************************************************************************
2026-02-19 10:55:46,174 p=41980 u=administrator n=ansible INFO| jeudi 19 février 2026  10:55:46 +0100 (0:00:26.311)       0:00:32.659 ********* 
2026-02-19 10:55:46,743 p=41980 u=administrator n=ansible INFO| changed: [k3s-node-2]
2026-02-19 10:55:46,744 p=41980 u=administrator n=ansible INFO| changed: [k3s-node-1]
2026-02-19 10:55:46,761 p=41980 u=administrator n=ansible INFO| changed: [k3s-node-3]
2026-02-19 10:55:46,770 p=41980 u=administrator n=ansible INFO| TASK [Paramètres sysctl réseau] ********************************************************************************************************************************************************************************************************************************************
2026-02-19 10:55:46,771 p=41980 u=administrator n=ansible INFO| jeudi 19 février 2026  10:55:46 +0100 (0:00:00.596)       0:00:33.256 ********* 
2026-02-19 10:55:47,404 p=41980 u=administrator n=ansible INFO| changed: [k3s-node-1]
2026-02-19 10:55:47,420 p=41980 u=administrator n=ansible INFO| changed: [k3s-node-2]
2026-02-19 10:55:47,430 p=41980 u=administrator n=ansible INFO| changed: [k3s-node-3]
2026-02-19 10:55:47,441 p=41980 u=administrator n=ansible INFO| TASK [CPU, IRQ et performance] *********************************************************************************************************************************************************************************************************************************************
2026-02-19 10:55:47,441 p=41980 u=administrator n=ansible INFO| jeudi 19 février 2026  10:55:47 +0100 (0:00:00.670)       0:00:33.927 ********* 
2026-02-19 10:55:48,219 p=41980 u=administrator n=ansible INFO| changed: [k3s-node-1]
2026-02-19 10:55:48,222 p=41980 u=administrator n=ansible INFO| changed: [k3s-node-2]
2026-02-19 10:55:48,245 p=41980 u=administrator n=ansible INFO| changed: [k3s-node-3]
2026-02-19 10:55:48,255 p=41980 u=administrator n=ansible INFO| TASK [Diagnostics disques et I/O] ******************************************************************************************************************************************************************************************************************************************
2026-02-19 10:55:48,255 p=41980 u=administrator n=ansible INFO| jeudi 19 février 2026  10:55:48 +0100 (0:00:00.813)       0:00:34.741 ********* 
2026-02-19 10:55:51,363 p=41980 u=administrator n=ansible INFO| changed: [k3s-node-2]
2026-02-19 10:55:51,486 p=41980 u=administrator n=ansible INFO| changed: [k3s-node-3]
2026-02-19 10:55:51,536 p=41980 u=administrator n=ansible INFO| changed: [k3s-node-1]
2026-02-19 10:55:51,545 p=41980 u=administrator n=ansible INFO| TASK [Journaux système (erreurs réseau)] ***********************************************************************************************************************************************************************************************************************************
2026-02-19 10:55:51,545 p=41980 u=administrator n=ansible INFO| jeudi 19 février 2026  10:55:51 +0100 (0:00:03.290)       0:00:38.031 ********* 
2026-02-19 10:55:52,141 p=41980 u=administrator n=ansible INFO| changed: [k3s-node-2]
2026-02-19 10:55:52,149 p=41980 u=administrator n=ansible INFO| changed: [k3s-node-1]
2026-02-19 10:55:52,164 p=41980 u=administrator n=ansible INFO| changed: [k3s-node-3]
2026-02-19 10:55:52,175 p=41980 u=administrator n=ansible INFO| TASK [Firmware et driver cartes réseau] ************************************************************************************************************************************************************************************************************************************
2026-02-19 10:55:52,175 p=41980 u=administrator n=ansible INFO| jeudi 19 février 2026  10:55:52 +0100 (0:00:00.630)       0:00:38.661 ********* 
2026-02-19 10:55:52,732 p=41980 u=administrator n=ansible INFO| changed: [k3s-node-2]
2026-02-19 10:55:52,738 p=41980 u=administrator n=ansible INFO| changed: [k3s-node-3]
2026-02-19 10:55:52,797 p=41980 u=administrator n=ansible INFO| changed: [k3s-node-1]
2026-02-19 10:55:52,809 p=41980 u=administrator n=ansible INFO| TASK [Générer le rapport de synthèse] **************************************************************************************************************************************************************************************************************************************
2026-02-19 10:55:52,809 p=41980 u=administrator n=ansible INFO| jeudi 19 février 2026  10:55:52 +0100 (0:00:00.633)       0:00:39.295 ********* 
2026-02-19 10:55:53,509 p=41980 u=administrator n=ansible INFO| changed: [k3s-node-3]
2026-02-19 10:55:53,567 p=41980 u=administrator n=ansible INFO| changed: [k3s-node-1]
2026-02-19 10:55:53,570 p=41980 u=administrator n=ansible INFO| changed: [k3s-node-2]
2026-02-19 10:55:53,581 p=41980 u=administrator n=ansible INFO| TASK [Créer l'archive tar.gz sur le noeud] *********************************************************************************************************************************************************************************************************************************
2026-02-19 10:55:53,581 p=41980 u=administrator n=ansible INFO| jeudi 19 février 2026  10:55:53 +0100 (0:00:00.772)       0:00:40.067 ********* 
2026-02-19 10:55:54,163 p=41980 u=administrator n=ansible INFO| changed: [k3s-node-1]
2026-02-19 10:55:54,175 p=41980 u=administrator n=ansible INFO| changed: [k3s-node-2]
2026-02-19 10:55:54,177 p=41980 u=administrator n=ansible INFO| changed: [k3s-node-3]
2026-02-19 10:55:54,188 p=41980 u=administrator n=ansible INFO| TASK [Rapatrier l'archive via scp] *****************************************************************************************************************************************************************************************************************************************
2026-02-19 10:55:54,189 p=41980 u=administrator n=ansible INFO| jeudi 19 février 2026  10:55:54 +0100 (0:00:00.607)       0:00:40.675 ********* 
2026-02-19 10:55:54,880 p=41980 u=administrator n=ansible INFO| changed: [k3s-node-1 -> localhost]
2026-02-19 10:55:54,920 p=41980 u=administrator n=ansible INFO| changed: [k3s-node-2 -> localhost]
2026-02-19 10:55:54,948 p=41980 u=administrator n=ansible INFO| changed: [k3s-node-3 -> localhost]
2026-02-19 10:55:54,956 p=41980 u=administrator n=ansible INFO| TASK [Nettoyage sur le noeud] **********************************************************************************************************************************************************************************************************************************************
2026-02-19 10:55:54,956 p=41980 u=administrator n=ansible INFO| jeudi 19 février 2026  10:55:54 +0100 (0:00:00.766)       0:00:41.442 ********* 
2026-02-19 10:55:55,495 p=41980 u=administrator n=ansible INFO| changed: [k3s-node-2]
2026-02-19 10:55:55,511 p=41980 u=administrator n=ansible INFO| changed: [k3s-node-3]
2026-02-19 10:55:55,512 p=41980 u=administrator n=ansible INFO| changed: [k3s-node-1]
2026-02-19 10:55:55,521 p=41980 u=administrator n=ansible INFO| PLAY [Rapport final] *******************************************************************************************************************************************************************************************************************************************************
2026-02-19 10:55:55,528 p=41980 u=administrator n=ansible INFO| TASK [Synthèse globale des 3 noeuds] ***************************************************************************************************************************************************************************************************************************************
2026-02-19 10:55:55,529 p=41980 u=administrator n=ansible INFO| jeudi 19 février 2026  10:55:55 +0100 (0:00:00.572)       0:00:42.015 ********* 
2026-02-19 10:55:56,154 p=41980 u=administrator n=ansible INFO| changed: [localhost]
2026-02-19 10:55:56,159 p=41980 u=administrator n=ansible INFO| TASK [Afficher le rapport] *************************************************************************************************************************************************************************************************************************************************
2026-02-19 10:55:56,159 p=41980 u=administrator n=ansible INFO| jeudi 19 février 2026  10:55:56 +0100 (0:00:00.630)       0:00:42.645 ********* 
2026-02-19 10:55:56,195 p=41980 u=administrator n=ansible INFO| ok: [localhost] => 
  msg:
  - ============================================================
  - DIAGNOSTIC GLOBAL K3s CLUSTER
  - 'Date: Thu Feb 19 10:55:56 CET 2026'
  - ============================================================
  - ''
  - '====== NOEUD: k3s-node-1 ======'
  - ''
  - '====== NOEUD: k3s-node-2 ======'
  - ''
  - '====== NOEUD: k3s-node-3 ======'
  - ''
  - ============================================================
  - 'Fichiers dans: /tmp/diag_ansible/'
  - /tmp/diag_ansible/RAPPORT_GLOBAL.txt
  - ============================================================
2026-02-19 10:55:56,199 p=41980 u=administrator n=ansible INFO| TASK [Sauvegarder le rapport global] ***************************************************************************************************************************************************************************************************************************************
2026-02-19 10:55:56,199 p=41980 u=administrator n=ansible INFO| jeudi 19 février 2026  10:55:56 +0100 (0:00:00.040)       0:00:42.685 ********* 
2026-02-19 10:55:57,852 p=41980 u=administrator n=ansible INFO| changed: [localhost]
2026-02-19 10:55:57,855 p=41980 u=administrator n=ansible INFO| TASK [Résumé] **************************************************************************************************************************************************************************************************************************************************************
2026-02-19 10:55:57,855 p=41980 u=administrator n=ansible INFO| jeudi 19 février 2026  10:55:57 +0100 (0:00:01.656)       0:00:44.341 ********* 
2026-02-19 10:55:57,895 p=41980 u=administrator n=ansible INFO| ok: [localhost] => 
  msg:
  - Diagnostic terminé !
  - 'Rapport global : /tmp/diag_ansible/RAPPORT_GLOBAL.txt'
  - 'Détails par noeud : /tmp/diag_ansible/k3s-node-[1,2,3]/'
2026-02-19 10:55:57,897 p=41980 u=administrator n=ansible INFO| PLAY RECAP *****************************************************************************************************************************************************************************************************************************************************************
2026-02-19 10:55:57,897 p=41980 u=administrator n=ansible INFO| k3s-node-1                 : ok=16   changed=15   unreachable=0    failed=0    skipped=0    rescued=0    ignored=0   
2026-02-19 10:55:57,897 p=41980 u=administrator n=ansible INFO| k3s-node-2                 : ok=16   changed=15   unreachable=0    failed=0    skipped=0    rescued=0    ignored=0   
2026-02-19 10:55:57,898 p=41980 u=administrator n=ansible INFO| k3s-node-3                 : ok=16   changed=15   unreachable=0    failed=0    skipped=0    rescued=0    ignored=0   
2026-02-19 10:55:57,898 p=41980 u=administrator n=ansible INFO| localhost                  : ok=4    changed=2    unreachable=0    failed=0    skipped=0    rescued=0    ignored=0   
2026-02-19 10:55:57,898 p=41980 u=administrator n=ansible INFO| PLAYBOOK RECAP *************************************************************************************************************************************************************************************************************************************************************
2026-02-19 10:55:57,898 p=41980 u=administrator n=ansible INFO| Playbook run took 0 days, 0 hours, 0 minutes, 44 seconds

2026-02-19 10:55:57,898 p=41980 u=administrator n=ansible INFO| TASKS RECAP ****************************************************************************************************************************************************************************************************************************************************************
2026-02-19 10:55:57,898 p=41980 u=administrator n=ansible INFO| jeudi 19 février 2026  10:55:57 +0100 (0:00:00.043)       0:00:44.384 ********* 
2026-02-19 10:55:57,899 p=41980 u=administrator n=ansible INFO| =============================================================================== 
2026-02-19 10:55:57,899 p=41980 u=administrator n=ansible INFO| Tests de latence entre noeuds -------------------------------------------------------------------------------------------------------------------------------------------------------------------------------------------------------------------------------------- 26.31s
2026-02-19 10:55:57,899 p=41980 u=administrator n=ansible INFO| Gathering Facts ----------------------------------------------------------------------------------------------------------------------------------------------------------------------------------------------------------------------------------------------------- 3.59s
2026-02-19 10:55:57,899 p=41980 u=administrator n=ansible INFO| Diagnostics disques et I/O ------------------------------------------------------------------------------------------------------------------------------------------------------------------------------------------------------------------------------------------ 3.29s
2026-02-19 10:55:57,899 p=41980 u=administrator n=ansible INFO| Sauvegarder le rapport global --------------------------------------------------------------------------------------------------------------------------------------------------------------------------------------------------------------------------------------- 1.66s
2026-02-19 10:55:57,899 p=41980 u=administrator n=ansible INFO| Nettoyer et créer le répertoire de diagnostic sur le noeud ---------------------------------------------------------------------------------------------------------------------------------------------------------------------------------------------------------- 0.86s
2026-02-19 10:55:57,900 p=41980 u=administrator n=ansible INFO| CPU, IRQ et performance --------------------------------------------------------------------------------------------------------------------------------------------------------------------------------------------------------------------------------------------- 0.81s
2026-02-19 10:55:57,900 p=41980 u=administrator n=ansible INFO| Générer le rapport de synthèse -------------------------------------------------------------------------------------------------------------------------------------------------------------------------------------------------------------------------------------- 0.77s
2026-02-19 10:55:57,900 p=41980 u=administrator n=ansible INFO| Rapatrier l'archive via scp ----------------------------------------------------------------------------------------------------------------------------------------------------------------------------------------------------------------------------------------- 0.77s
2026-02-19 10:55:57,900 p=41980 u=administrator n=ansible INFO| Paramètres sysctl réseau -------------------------------------------------------------------------------------------------------------------------------------------------------------------------------------------------------------------------------------------- 0.67s
2026-02-19 10:55:57,900 p=41980 u=administrator n=ansible INFO| État des interfaces réseau ------------------------------------------------------------------------------------------------------------------------------------------------------------------------------------------------------------------------------------------ 0.67s
2026-02-19 10:55:57,900 p=41980 u=administrator n=ansible INFO| Firmware et driver cartes réseau ------------------------------------------------------------------------------------------------------------------------------------------------------------------------------------------------------------------------------------ 0.63s
2026-02-19 10:55:57,901 p=41980 u=administrator n=ansible INFO| Journaux système (erreurs réseau) ----------------------------------------------------------------------------------------------------------------------------------------------------------------------------------------------------------------------------------- 0.63s
2026-02-19 10:55:57,901 p=41980 u=administrator n=ansible INFO| Synthèse globale des 3 noeuds --------------------------------------------------------------------------------------------------------------------------------------------------------------------------------------------------------------------------------------- 0.63s
2026-02-19 10:55:57,901 p=41980 u=administrator n=ansible INFO| Infos système générales --------------------------------------------------------------------------------------------------------------------------------------------------------------------------------------------------------------------------------------------- 0.61s
2026-02-19 10:55:57,901 p=41980 u=administrator n=ansible INFO| Créer l'archive tar.gz sur le noeud --------------------------------------------------------------------------------------------------------------------------------------------------------------------------------------------------------------------------------- 0.61s
2026-02-19 10:55:57,901 p=41980 u=administrator n=ansible INFO| Informations switch (LLDP/ARP/routes) ------------------------------------------------------------------------------------------------------------------------------------------------------------------------------------------------------------------------------- 0.60s
2026-02-19 10:55:57,901 p=41980 u=administrator n=ansible INFO| Statistiques et erreurs réseau -------------------------------------------------------------------------------------------------------------------------------------------------------------------------------------------------------------------------------------- 0.59s
2026-02-19 10:55:57,901 p=41980 u=administrator n=ansible INFO| Nettoyage sur le noeud ---------------------------------------------------------------------------------------------------------------------------------------------------------------------------------------------------------------------------------------------- 0.57s
2026-02-19 10:55:57,902 p=41980 u=administrator n=ansible INFO| Résumé -------------------------------------------------------------------------------------------------------------------------------------------------------------------------------------------------------------------------------------------------------------- 0.04s
2026-02-19 10:55:57,902 p=41980 u=administrator n=ansible INFO| Afficher le rapport ------------------------------------------------------------------------------------------------------------------------------------------------------------------------------------------------------------------------------------------------- 0.04s
2026-02-19 10:57:50,231 p=43111 u=administrator n=ansible WARNING| [WARNING]: Deprecation warnings can be disabled by setting `deprecation_warnings=False` in ansible.cfg.

2026-02-19 10:57:50,231 p=43111 u=administrator n=ansible INFO| [DEPRECATION WARNING]: community.general.yaml has been deprecated. The plugin has been superseded by the the option `result_format=yaml` in callback plugin ansible.builtin.default from ansible-core 2.13 onwards. This feature will be removed from collection 'community.general' version 12.0.0.

2026-02-19 10:57:50,273 p=43111 u=administrator n=ansible INFO| PLAY [DIAGNOSTIC COMPLET - Réseau, système et K3s] *************************************************************************************************************************************************************************************************************************
2026-02-19 10:57:50,292 p=43111 u=administrator n=ansible INFO| TASK [Gathering Facts] *****************************************************************************************************************************************************************************************************************************************************
2026-02-19 10:57:50,293 p=43111 u=administrator n=ansible INFO| jeudi 19 février 2026  10:57:50 +0100 (0:00:00.025)       0:00:00.025 ********* 
2026-02-19 10:57:53,603 p=43111 u=administrator n=ansible INFO| ok: [k3s-node-2]
2026-02-19 10:57:53,839 p=43111 u=administrator n=ansible INFO| ok: [k3s-node-3]
2026-02-19 10:57:53,858 p=43111 u=administrator n=ansible INFO| ok: [k3s-node-1]
2026-02-19 10:57:53,871 p=43111 u=administrator n=ansible INFO| TASK [Nettoyer et créer le répertoire de diagnostic sur le noeud] **********************************************************************************************************************************************************************************************************
2026-02-19 10:57:53,871 p=43111 u=administrator n=ansible INFO| jeudi 19 février 2026  10:57:53 +0100 (0:00:03.578)       0:00:03.603 ********* 
2026-02-19 10:57:54,693 p=43111 u=administrator n=ansible INFO| changed: [k3s-node-2]
2026-02-19 10:57:54,696 p=43111 u=administrator n=ansible INFO| changed: [k3s-node-3]
2026-02-19 10:57:54,726 p=43111 u=administrator n=ansible INFO| changed: [k3s-node-1]
2026-02-19 10:57:54,738 p=43111 u=administrator n=ansible INFO| TASK [Infos système générales] *********************************************************************************************************************************************************************************************************************************************
2026-02-19 10:57:54,738 p=43111 u=administrator n=ansible INFO| jeudi 19 février 2026  10:57:54 +0100 (0:00:00.867)       0:00:04.471 ********* 
2026-02-19 10:57:55,333 p=43111 u=administrator n=ansible INFO| changed: [k3s-node-2]
2026-02-19 10:57:55,343 p=43111 u=administrator n=ansible INFO| changed: [k3s-node-1]
2026-02-19 10:57:55,352 p=43111 u=administrator n=ansible INFO| changed: [k3s-node-3]
2026-02-19 10:57:55,360 p=43111 u=administrator n=ansible INFO| TASK [État des interfaces réseau] ******************************************************************************************************************************************************************************************************************************************
2026-02-19 10:57:55,360 p=43111 u=administrator n=ansible INFO| jeudi 19 février 2026  10:57:55 +0100 (0:00:00.622)       0:00:05.093 ********* 
2026-02-19 10:57:55,944 p=43111 u=administrator n=ansible INFO| changed: [k3s-node-2]
2026-02-19 10:57:56,020 p=43111 u=administrator n=ansible INFO| changed: [k3s-node-1]
2026-02-19 10:57:56,029 p=43111 u=administrator n=ansible INFO| changed: [k3s-node-3]
2026-02-19 10:57:56,038 p=43111 u=administrator n=ansible INFO| TASK [Statistiques et erreurs réseau] **************************************************************************************************************************************************************************************************************************************
2026-02-19 10:57:56,039 p=43111 u=administrator n=ansible INFO| jeudi 19 février 2026  10:57:56 +0100 (0:00:00.678)       0:00:05.771 ********* 
2026-02-19 10:57:56,550 p=43111 u=administrator n=ansible INFO| changed: [k3s-node-2]
2026-02-19 10:57:56,620 p=43111 u=administrator n=ansible INFO| changed: [k3s-node-1]
2026-02-19 10:57:56,631 p=43111 u=administrator n=ansible INFO| changed: [k3s-node-3]
2026-02-19 10:57:56,640 p=43111 u=administrator n=ansible INFO| TASK [Tests de latence entre noeuds] ***************************************************************************************************************************************************************************************************************************************
2026-02-19 10:57:56,640 p=43111 u=administrator n=ansible INFO| jeudi 19 février 2026  10:57:56 +0100 (0:00:00.601)       0:00:06.373 ********* 
2026-02-19 10:58:22,936 p=43111 u=administrator n=ansible INFO| changed: [k3s-node-3]
2026-02-19 10:58:22,956 p=43111 u=administrator n=ansible INFO| changed: [k3s-node-1]
2026-02-19 10:58:22,962 p=43111 u=administrator n=ansible INFO| changed: [k3s-node-2]
2026-02-19 10:58:22,974 p=43111 u=administrator n=ansible INFO| TASK [Informations switch (LLDP/ARP/routes)] *******************************************************************************************************************************************************************************************************************************
2026-02-19 10:58:22,974 p=43111 u=administrator n=ansible INFO| jeudi 19 février 2026  10:58:22 +0100 (0:00:26.333)       0:00:32.707 ********* 
2026-02-19 10:58:23,548 p=43111 u=administrator n=ansible INFO| changed: [k3s-node-1]
2026-02-19 10:58:23,549 p=43111 u=administrator n=ansible INFO| changed: [k3s-node-2]
2026-02-19 10:58:23,561 p=43111 u=administrator n=ansible INFO| changed: [k3s-node-3]
2026-02-19 10:58:23,571 p=43111 u=administrator n=ansible INFO| TASK [Paramètres sysctl réseau] ********************************************************************************************************************************************************************************************************************************************
2026-02-19 10:58:23,571 p=43111 u=administrator n=ansible INFO| jeudi 19 février 2026  10:58:23 +0100 (0:00:00.597)       0:00:33.304 ********* 
2026-02-19 10:58:24,211 p=43111 u=administrator n=ansible ERROR| [ERROR]: Task failed: Module failed: non-zero return code
Origin: /home/administrator/ansible/diagnostic_network.yml:190:7

188     # 6. SYSCTL RESEAU
189     # =========================================================
190     - name: "Paramètres sysctl réseau"
          ^ column 7


2026-02-19 10:58:24,215 p=43111 u=administrator n=ansible INFO| fatal: [k3s-node-2]: FAILED! => changed=true 
  cmd: |-
    {
    echo "===== SYSCTL RESEAU ====="
    sysctl -a 2>/dev/null | grep -E "^net\." | grep -E "rmem|wmem|backlog|somaxconn|tcp_|udp_|ipv4\.|netdev_|syn|fin|time_wait|keepalive"
    echo ""
    echo "===== SYSCTL VM ====="
    sysctl -a 2>/dev/null | grep -E "^vm\." | grep -E "dirty|swappiness|overcommit"
    echo ""
    echo "===== IRQ BALANCE ====="
    systemctl status irqbalance 2>/dev/null
    } > /tmp/diag_node/05_sysctl_network.txt 2>&1
  delta: '0:00:00.160976'
  end: '2026-02-19 10:58:24.166266'
  msg: non-zero return code
  rc: 4
  start: '2026-02-19 10:58:24.005290'
  stderr: ''
  stderr_lines: <omitted>
  stdout: ''
  stdout_lines: <omitted>
2026-02-19 10:58:24,250 p=43111 u=administrator n=ansible INFO| fatal: [k3s-node-3]: FAILED! => changed=true 
  cmd: |-
    {
    echo "===== SYSCTL RESEAU ====="
    sysctl -a 2>/dev/null | grep -E "^net\." | grep -E "rmem|wmem|backlog|somaxconn|tcp_|udp_|ipv4\.|netdev_|syn|fin|time_wait|keepalive"
    echo ""
    echo "===== SYSCTL VM ====="
    sysctl -a 2>/dev/null | grep -E "^vm\." | grep -E "dirty|swappiness|overcommit"
    echo ""
    echo "===== IRQ BALANCE ====="
    systemctl status irqbalance 2>/dev/null
    } > /tmp/diag_node/05_sysctl_network.txt 2>&1
  delta: '0:00:00.154367'
  end: '2026-02-19 10:58:24.207593'
  msg: non-zero return code
  rc: 4
  start: '2026-02-19 10:58:24.053226'
  stderr: ''
  stderr_lines: <omitted>
  stdout: ''
  stdout_lines: <omitted>
2026-02-19 10:58:24,292 p=43111 u=administrator n=ansible INFO| fatal: [k3s-node-1]: FAILED! => changed=true 
  cmd: |-
    {
    echo "===== SYSCTL RESEAU ====="
    sysctl -a 2>/dev/null | grep -E "^net\." | grep -E "rmem|wmem|backlog|somaxconn|tcp_|udp_|ipv4\.|netdev_|syn|fin|time_wait|keepalive"
    echo ""
    echo "===== SYSCTL VM ====="
    sysctl -a 2>/dev/null | grep -E "^vm\." | grep -E "dirty|swappiness|overcommit"
    echo ""
    echo "===== IRQ BALANCE ====="
    systemctl status irqbalance 2>/dev/null
    } > /tmp/diag_node/05_sysctl_network.txt 2>&1
  delta: '0:00:00.176533'
  end: '2026-02-19 10:58:24.241372'
  msg: non-zero return code
  rc: 4
  start: '2026-02-19 10:58:24.064839'
  stderr: ''
  stderr_lines: <omitted>
  stdout: ''
  stdout_lines: <omitted>
2026-02-19 10:58:24,294 p=43111 u=administrator n=ansible INFO| PLAY RECAP *****************************************************************************************************************************************************************************************************************************************************************
2026-02-19 10:58:24,294 p=43111 u=administrator n=ansible INFO| k3s-node-1                 : ok=7    changed=6    unreachable=0    failed=1    skipped=0    rescued=0    ignored=0   
2026-02-19 10:58:24,294 p=43111 u=administrator n=ansible INFO| k3s-node-2                 : ok=7    changed=6    unreachable=0    failed=1    skipped=0    rescued=0    ignored=0   
2026-02-19 10:58:24,295 p=43111 u=administrator n=ansible INFO| k3s-node-3                 : ok=7    changed=6    unreachable=0    failed=1    skipped=0    rescued=0    ignored=0   
2026-02-19 10:58:24,295 p=43111 u=administrator n=ansible INFO| PLAYBOOK RECAP *************************************************************************************************************************************************************************************************************************************************************
2026-02-19 10:58:24,295 p=43111 u=administrator n=ansible INFO| Playbook run took 0 days, 0 hours, 0 minutes, 34 seconds

2026-02-19 10:58:24,295 p=43111 u=administrator n=ansible INFO| TASKS RECAP ****************************************************************************************************************************************************************************************************************************************************************
2026-02-19 10:58:24,296 p=43111 u=administrator n=ansible INFO| jeudi 19 février 2026  10:58:24 +0100 (0:00:00.724)       0:00:34.028 ********* 
2026-02-19 10:58:24,296 p=43111 u=administrator n=ansible INFO| =============================================================================== 
2026-02-19 10:58:24,296 p=43111 u=administrator n=ansible INFO| Tests de latence entre noeuds -------------------------------------------------------------------------------------------------------------------------------------------------------------------------------------------------------------------------------------- 26.33s
2026-02-19 10:58:24,296 p=43111 u=administrator n=ansible INFO| Gathering Facts ----------------------------------------------------------------------------------------------------------------------------------------------------------------------------------------------------------------------------------------------------- 3.58s
2026-02-19 10:58:24,296 p=43111 u=administrator n=ansible INFO| Nettoyer et créer le répertoire de diagnostic sur le noeud ---------------------------------------------------------------------------------------------------------------------------------------------------------------------------------------------------------- 0.87s
2026-02-19 10:58:24,297 p=43111 u=administrator n=ansible INFO| Paramètres sysctl réseau -------------------------------------------------------------------------------------------------------------------------------------------------------------------------------------------------------------------------------------------- 0.72s
2026-02-19 10:58:24,297 p=43111 u=administrator n=ansible INFO| État des interfaces réseau ------------------------------------------------------------------------------------------------------------------------------------------------------------------------------------------------------------------------------------------ 0.68s
2026-02-19 10:58:24,297 p=43111 u=administrator n=ansible INFO| Infos système générales --------------------------------------------------------------------------------------------------------------------------------------------------------------------------------------------------------------------------------------------- 0.62s
2026-02-19 10:58:24,297 p=43111 u=administrator n=ansible INFO| Statistiques et erreurs réseau -------------------------------------------------------------------------------------------------------------------------------------------------------------------------------------------------------------------------------------- 0.60s
2026-02-19 10:58:24,297 p=43111 u=administrator n=ansible INFO| Informations switch (LLDP/ARP/routes) ------------------------------------------------------------------------------------------------------------------------------------------------------------------------------------------------------------------------------- 0.60s
2026-02-19 11:00:05,836 p=43676 u=administrator n=ansible WARNING| [WARNING]: Deprecation warnings can be disabled by setting `deprecation_warnings=False` in ansible.cfg.

2026-02-19 11:00:05,836 p=43676 u=administrator n=ansible INFO| [DEPRECATION WARNING]: community.general.yaml has been deprecated. The plugin has been superseded by the the option `result_format=yaml` in callback plugin ansible.builtin.default from ansible-core 2.13 onwards. This feature will be removed from collection 'community.general' version 12.0.0.

2026-02-19 11:00:05,879 p=43676 u=administrator n=ansible INFO| PLAY [DIAGNOSTIC COMPLET - Réseau, système et K3s] *************************************************************************************************************************************************************************************************************************
2026-02-19 11:00:05,898 p=43676 u=administrator n=ansible INFO| TASK [Gathering Facts] *****************************************************************************************************************************************************************************************************************************************************
2026-02-19 11:00:05,898 p=43676 u=administrator n=ansible INFO| jeudi 19 février 2026  11:00:05 +0100 (0:00:00.025)       0:00:00.025 ********* 
2026-02-19 11:00:09,314 p=43676 u=administrator n=ansible INFO| ok: [k3s-node-2]
2026-02-19 11:00:09,518 p=43676 u=administrator n=ansible INFO| ok: [k3s-node-3]
2026-02-19 11:00:09,552 p=43676 u=administrator n=ansible INFO| ok: [k3s-node-1]
2026-02-19 11:00:09,565 p=43676 u=administrator n=ansible INFO| TASK [Nettoyer et créer le répertoire de diagnostic sur le noeud] **********************************************************************************************************************************************************************************************************
2026-02-19 11:00:09,565 p=43676 u=administrator n=ansible INFO| jeudi 19 février 2026  11:00:09 +0100 (0:00:03.666)       0:00:03.692 ********* 
2026-02-19 11:00:10,395 p=43676 u=administrator n=ansible INFO| changed: [k3s-node-3]
2026-02-19 11:00:10,399 p=43676 u=administrator n=ansible INFO| changed: [k3s-node-2]
2026-02-19 11:00:10,424 p=43676 u=administrator n=ansible INFO| changed: [k3s-node-1]
2026-02-19 11:00:10,433 p=43676 u=administrator n=ansible INFO| TASK [Infos système générales] *********************************************************************************************************************************************************************************************************************************************
2026-02-19 11:00:10,433 p=43676 u=administrator n=ansible INFO| jeudi 19 février 2026  11:00:10 +0100 (0:00:00.867)       0:00:04.560 ********* 
2026-02-19 11:00:11,001 p=43676 u=administrator n=ansible INFO| changed: [k3s-node-2]
2026-02-19 11:00:11,020 p=43676 u=administrator n=ansible INFO| changed: [k3s-node-3]
2026-02-19 11:00:11,042 p=43676 u=administrator n=ansible INFO| changed: [k3s-node-1]
2026-02-19 11:00:11,051 p=43676 u=administrator n=ansible INFO| TASK [État des interfaces réseau] ******************************************************************************************************************************************************************************************************************************************
2026-02-19 11:00:11,051 p=43676 u=administrator n=ansible INFO| jeudi 19 février 2026  11:00:11 +0100 (0:00:00.618)       0:00:05.178 ********* 
2026-02-19 11:00:11,644 p=43676 u=administrator n=ansible INFO| changed: [k3s-node-2]
2026-02-19 11:00:11,653 p=43676 u=administrator n=ansible INFO| changed: [k3s-node-3]
2026-02-19 11:00:11,688 p=43676 u=administrator n=ansible INFO| changed: [k3s-node-1]
2026-02-19 11:00:11,700 p=43676 u=administrator n=ansible INFO| TASK [Statistiques et erreurs réseau] **************************************************************************************************************************************************************************************************************************************
2026-02-19 11:00:11,701 p=43676 u=administrator n=ansible INFO| jeudi 19 février 2026  11:00:11 +0100 (0:00:00.649)       0:00:05.828 ********* 
2026-02-19 11:00:12,288 p=43676 u=administrator n=ansible INFO| changed: [k3s-node-2]
2026-02-19 11:00:12,289 p=43676 u=administrator n=ansible INFO| changed: [k3s-node-1]
2026-02-19 11:00:12,300 p=43676 u=administrator n=ansible INFO| changed: [k3s-node-3]
2026-02-19 11:00:12,313 p=43676 u=administrator n=ansible INFO| TASK [Tests de latence entre noeuds] ***************************************************************************************************************************************************************************************************************************************
2026-02-19 11:00:12,314 p=43676 u=administrator n=ansible INFO| jeudi 19 février 2026  11:00:12 +0100 (0:00:00.612)       0:00:06.440 ********* 
2026-02-19 11:00:38,582 p=43676 u=administrator n=ansible INFO| changed: [k3s-node-2]
2026-02-19 11:00:38,614 p=43676 u=administrator n=ansible INFO| changed: [k3s-node-3]
2026-02-19 11:00:38,635 p=43676 u=administrator n=ansible INFO| changed: [k3s-node-1]
2026-02-19 11:00:38,648 p=43676 u=administrator n=ansible INFO| TASK [Informations switch (LLDP/ARP/routes)] *******************************************************************************************************************************************************************************************************************************
2026-02-19 11:00:38,648 p=43676 u=administrator n=ansible INFO| jeudi 19 février 2026  11:00:38 +0100 (0:00:26.334)       0:00:32.775 ********* 
2026-02-19 11:00:39,218 p=43676 u=administrator n=ansible INFO| changed: [k3s-node-2]
2026-02-19 11:00:39,220 p=43676 u=administrator n=ansible INFO| changed: [k3s-node-1]
2026-02-19 11:00:39,233 p=43676 u=administrator n=ansible INFO| changed: [k3s-node-3]
2026-02-19 11:00:39,245 p=43676 u=administrator n=ansible INFO| TASK [Paramètres sysctl réseau] ********************************************************************************************************************************************************************************************************************************************
2026-02-19 11:00:39,246 p=43676 u=administrator n=ansible INFO| jeudi 19 février 2026  11:00:39 +0100 (0:00:00.597)       0:00:33.373 ********* 
2026-02-19 11:00:39,874 p=43676 u=administrator n=ansible ERROR| [ERROR]: Task failed: Module failed: non-zero return code
Origin: /home/administrator/ansible/diagnostic_network.yml:190:7

188     # 6. SYSCTL RESEAU
189     # =========================================================
190     - name: "Paramètres sysctl réseau"
          ^ column 7


2026-02-19 11:00:39,876 p=43676 u=administrator n=ansible INFO| fatal: [k3s-node-2]: FAILED! => changed=true 
  cmd: |-
    {
    echo "===== SYSCTL RESEAU ====="
    sysctl -a 2>/dev/null | grep -E "^net\." | grep -E "rmem|wmem|backlog|somaxconn|tcp_|udp_|ipv4\.|netdev_|syn|fin|time_wait|keepalive"
    echo ""
    echo "===== SYSCTL VM ====="
    sysctl -a 2>/dev/null | grep -E "^vm\." | grep -E "dirty|swappiness|overcommit"
    echo ""
    echo "===== IRQ BALANCE ====="
    systemctl status irqbalance 2>/dev/null
    } > /tmp/diag_node/05_sysctl_network.txt 2>&1
  delta: '0:00:00.149223'
  end: '2026-02-19 11:00:39.829115'
  msg: non-zero return code
  rc: 4
  start: '2026-02-19 11:00:39.679892'
  stderr: ''
  stderr_lines: <omitted>
  stdout: ''
  stdout_lines: <omitted>
2026-02-19 11:00:39,914 p=43676 u=administrator n=ansible INFO| fatal: [k3s-node-3]: FAILED! => changed=true 
  cmd: |-
    {
    echo "===== SYSCTL RESEAU ====="
    sysctl -a 2>/dev/null | grep -E "^net\." | grep -E "rmem|wmem|backlog|somaxconn|tcp_|udp_|ipv4\.|netdev_|syn|fin|time_wait|keepalive"
    echo ""
    echo "===== SYSCTL VM ====="
    sysctl -a 2>/dev/null | grep -E "^vm\." | grep -E "dirty|swappiness|overcommit"
    echo ""
    echo "===== IRQ BALANCE ====="
    systemctl status irqbalance 2>/dev/null
    } > /tmp/diag_node/05_sysctl_network.txt 2>&1
  delta: '0:00:00.170087'
  end: '2026-02-19 11:00:39.873747'
  msg: non-zero return code
  rc: 4
  start: '2026-02-19 11:00:39.703660'
  stderr: ''
  stderr_lines: <omitted>
  stdout: ''
  stdout_lines: <omitted>
2026-02-19 11:00:39,957 p=43676 u=administrator n=ansible INFO| fatal: [k3s-node-1]: FAILED! => changed=true 
  cmd: |-
    {
    echo "===== SYSCTL RESEAU ====="
    sysctl -a 2>/dev/null | grep -E "^net\." | grep -E "rmem|wmem|backlog|somaxconn|tcp_|udp_|ipv4\.|netdev_|syn|fin|time_wait|keepalive"
    echo ""
    echo "===== SYSCTL VM ====="
    sysctl -a 2>/dev/null | grep -E "^vm\." | grep -E "dirty|swappiness|overcommit"
    echo ""
    echo "===== IRQ BALANCE ====="
    systemctl status irqbalance 2>/dev/null
    } > /tmp/diag_node/05_sysctl_network.txt 2>&1
  delta: '0:00:00.172776'
  end: '2026-02-19 11:00:39.911215'
  msg: non-zero return code
  rc: 4
  start: '2026-02-19 11:00:39.738439'
  stderr: ''
  stderr_lines: <omitted>
  stdout: ''
  stdout_lines: <omitted>
2026-02-19 11:00:39,958 p=43676 u=administrator n=ansible INFO| PLAY RECAP *****************************************************************************************************************************************************************************************************************************************************************
2026-02-19 11:00:39,958 p=43676 u=administrator n=ansible INFO| k3s-node-1                 : ok=7    changed=6    unreachable=0    failed=1    skipped=0    rescued=0    ignored=0   
2026-02-19 11:00:39,958 p=43676 u=administrator n=ansible INFO| k3s-node-2                 : ok=7    changed=6    unreachable=0    failed=1    skipped=0    rescued=0    ignored=0   
2026-02-19 11:00:39,959 p=43676 u=administrator n=ansible INFO| k3s-node-3                 : ok=7    changed=6    unreachable=0    failed=1    skipped=0    rescued=0    ignored=0   
2026-02-19 11:00:39,959 p=43676 u=administrator n=ansible INFO| PLAYBOOK RECAP *************************************************************************************************************************************************************************************************************************************************************
2026-02-19 11:00:39,959 p=43676 u=administrator n=ansible INFO| Playbook run took 0 days, 0 hours, 0 minutes, 34 seconds

2026-02-19 11:00:39,959 p=43676 u=administrator n=ansible INFO| TASKS RECAP ****************************************************************************************************************************************************************************************************************************************************************
2026-02-19 11:00:39,959 p=43676 u=administrator n=ansible INFO| jeudi 19 février 2026  11:00:39 +0100 (0:00:00.713)       0:00:34.086 ********* 
2026-02-19 11:00:39,959 p=43676 u=administrator n=ansible INFO| =============================================================================== 
2026-02-19 11:00:39,960 p=43676 u=administrator n=ansible INFO| Tests de latence entre noeuds -------------------------------------------------------------------------------------------------------------------------------------------------------------------------------------------------------------------------------------- 26.33s
2026-02-19 11:00:39,960 p=43676 u=administrator n=ansible INFO| Gathering Facts ----------------------------------------------------------------------------------------------------------------------------------------------------------------------------------------------------------------------------------------------------- 3.67s
2026-02-19 11:00:39,960 p=43676 u=administrator n=ansible INFO| Nettoyer et créer le répertoire de diagnostic sur le noeud ---------------------------------------------------------------------------------------------------------------------------------------------------------------------------------------------------------- 0.87s
2026-02-19 11:00:39,960 p=43676 u=administrator n=ansible INFO| Paramètres sysctl réseau -------------------------------------------------------------------------------------------------------------------------------------------------------------------------------------------------------------------------------------------- 0.71s
2026-02-19 11:00:39,960 p=43676 u=administrator n=ansible INFO| État des interfaces réseau ------------------------------------------------------------------------------------------------------------------------------------------------------------------------------------------------------------------------------------------ 0.65s
2026-02-19 11:00:39,960 p=43676 u=administrator n=ansible INFO| Infos système générales --------------------------------------------------------------------------------------------------------------------------------------------------------------------------------------------------------------------------------------------- 0.62s
2026-02-19 11:00:39,960 p=43676 u=administrator n=ansible INFO| Statistiques et erreurs réseau -------------------------------------------------------------------------------------------------------------------------------------------------------------------------------------------------------------------------------------- 0.61s
2026-02-19 11:00:39,961 p=43676 u=administrator n=ansible INFO| Informations switch (LLDP/ARP/routes) ------------------------------------------------------------------------------------------------------------------------------------------------------------------------------------------------------------------------------- 0.60s
2026-02-19 11:01:42,683 p=44242 u=administrator n=ansible ERROR| [ERROR]: Error loading tasks: failed at splitting arguments, either an unbalanced jinja2 block or quotes: {
echo "===== SYSCTL RESEAU ====="
sysctl -a 2>/dev/null | grep -E "^net\." | grep -E "rmem|wmem|backlog|somaxconn|tcp_|udp_|ipv4\.|netdev_|syn|fin|time_wait|keepalive" || true
echo ""
echo "===== SYSCTL VM ====="
sysctl -a 2>/dev/null | grep -E "^vm\." | grep -E "dirty|swappiness|overcommit" || true
echo ""
echo "===== IRQ BALANCE ====="
# L'ajout de "|| true" évite l'erreur rc: 4 si irqbalance n'est pas installé
systemctl status irqbalance 2>/dev/null || echo "irqbalance non installé ou introuvable"
} > {{ diag_remote_dir }}/05_sysctl_network.txt 2>&1
Origin: /home/administrator/ansible/diagnostic_network.yml:190:7

188     # 6. SYSCTL RESEAU
189     # =========================================================
190     - name: "Paramètres sysctl réseau"
          ^ column 7


2026-02-19 11:03:40,697 p=44295 u=administrator n=ansible WARNING| [WARNING]: Deprecation warnings can be disabled by setting `deprecation_warnings=False` in ansible.cfg.

2026-02-19 11:03:40,697 p=44295 u=administrator n=ansible INFO| [DEPRECATION WARNING]: community.general.yaml has been deprecated. The plugin has been superseded by the the option `result_format=yaml` in callback plugin ansible.builtin.default from ansible-core 2.13 onwards. This feature will be removed from collection 'community.general' version 12.0.0.

2026-02-19 11:03:40,740 p=44295 u=administrator n=ansible INFO| PLAY [DIAGNOSTIC COMPLET - Réseau, système et K3s] *************************************************************************************************************************************************************************************************************************
2026-02-19 11:03:40,759 p=44295 u=administrator n=ansible INFO| TASK [Gathering Facts] *****************************************************************************************************************************************************************************************************************************************************
2026-02-19 11:03:40,759 p=44295 u=administrator n=ansible INFO| jeudi 19 février 2026  11:03:40 +0100 (0:00:00.025)       0:00:00.025 ********* 
2026-02-19 11:03:44,138 p=44295 u=administrator n=ansible INFO| ok: [k3s-node-2]
2026-02-19 11:03:44,233 p=44295 u=administrator n=ansible INFO| ok: [k3s-node-3]
2026-02-19 11:03:44,401 p=44295 u=administrator n=ansible INFO| ok: [k3s-node-1]
2026-02-19 11:03:44,410 p=44295 u=administrator n=ansible INFO| TASK [Nettoyer et créer le répertoire de diagnostic sur le noeud] **********************************************************************************************************************************************************************************************************
2026-02-19 11:03:44,410 p=44295 u=administrator n=ansible INFO| jeudi 19 février 2026  11:03:44 +0100 (0:00:03.651)       0:00:03.676 ********* 
2026-02-19 11:03:45,249 p=44295 u=administrator n=ansible INFO| changed: [k3s-node-3]
2026-02-19 11:03:45,251 p=44295 u=administrator n=ansible INFO| changed: [k3s-node-2]
2026-02-19 11:03:45,252 p=44295 u=administrator n=ansible INFO| changed: [k3s-node-1]
2026-02-19 11:03:45,264 p=44295 u=administrator n=ansible INFO| TASK [Infos système générales] *********************************************************************************************************************************************************************************************************************************************
2026-02-19 11:03:45,265 p=44295 u=administrator n=ansible INFO| jeudi 19 février 2026  11:03:45 +0100 (0:00:00.854)       0:00:04.531 ********* 
2026-02-19 11:03:45,810 p=44295 u=administrator n=ansible INFO| changed: [k3s-node-2]
2026-02-19 11:03:45,858 p=44295 u=administrator n=ansible INFO| changed: [k3s-node-1]
2026-02-19 11:03:45,873 p=44295 u=administrator n=ansible INFO| changed: [k3s-node-3]
2026-02-19 11:03:45,881 p=44295 u=administrator n=ansible INFO| TASK [État des interfaces réseau] ******************************************************************************************************************************************************************************************************************************************
2026-02-19 11:03:45,881 p=44295 u=administrator n=ansible INFO| jeudi 19 février 2026  11:03:45 +0100 (0:00:00.616)       0:00:05.148 ********* 
2026-02-19 11:03:46,473 p=44295 u=administrator n=ansible INFO| changed: [k3s-node-3]
2026-02-19 11:03:46,474 p=44295 u=administrator n=ansible INFO| changed: [k3s-node-2]
2026-02-19 11:03:46,540 p=44295 u=administrator n=ansible INFO| changed: [k3s-node-1]
2026-02-19 11:03:46,550 p=44295 u=administrator n=ansible INFO| TASK [Statistiques et erreurs réseau] **************************************************************************************************************************************************************************************************************************************
2026-02-19 11:03:46,551 p=44295 u=administrator n=ansible INFO| jeudi 19 février 2026  11:03:46 +0100 (0:00:00.669)       0:00:05.817 ********* 
2026-02-19 11:03:47,136 p=44295 u=administrator n=ansible INFO| changed: [k3s-node-1]
2026-02-19 11:03:47,138 p=44295 u=administrator n=ansible INFO| changed: [k3s-node-2]
2026-02-19 11:03:47,146 p=44295 u=administrator n=ansible INFO| changed: [k3s-node-3]
2026-02-19 11:03:47,159 p=44295 u=administrator n=ansible INFO| TASK [Tests de latence entre noeuds] ***************************************************************************************************************************************************************************************************************************************
2026-02-19 11:03:47,159 p=44295 u=administrator n=ansible INFO| jeudi 19 février 2026  11:03:47 +0100 (0:00:00.608)       0:00:06.425 ********* 
2026-02-19 11:04:13,429 p=44295 u=administrator n=ansible INFO| changed: [k3s-node-2]
2026-02-19 11:04:13,483 p=44295 u=administrator n=ansible INFO| changed: [k3s-node-1]
2026-02-19 11:04:13,526 p=44295 u=administrator n=ansible INFO| changed: [k3s-node-3]
2026-02-19 11:04:13,538 p=44295 u=administrator n=ansible INFO| TASK [Informations switch (LLDP/ARP/routes)] *******************************************************************************************************************************************************************************************************************************
2026-02-19 11:04:13,539 p=44295 u=administrator n=ansible INFO| jeudi 19 février 2026  11:04:13 +0100 (0:00:26.379)       0:00:32.805 ********* 
2026-02-19 11:04:14,089 p=44295 u=administrator n=ansible INFO| changed: [k3s-node-2]
2026-02-19 11:04:14,106 p=44295 u=administrator n=ansible INFO| changed: [k3s-node-1]
2026-02-19 11:04:14,121 p=44295 u=administrator n=ansible INFO| changed: [k3s-node-3]
2026-02-19 11:04:14,133 p=44295 u=administrator n=ansible INFO| TASK [Paramètres sysctl réseau] ********************************************************************************************************************************************************************************************************************************************
2026-02-19 11:04:14,133 p=44295 u=administrator n=ansible INFO| jeudi 19 février 2026  11:04:14 +0100 (0:00:00.594)       0:00:33.399 ********* 
2026-02-19 11:04:14,773 p=44295 u=administrator n=ansible INFO| changed: [k3s-node-2]
2026-02-19 11:04:14,778 p=44295 u=administrator n=ansible INFO| changed: [k3s-node-3]
2026-02-19 11:04:14,850 p=44295 u=administrator n=ansible INFO| changed: [k3s-node-1]
2026-02-19 11:04:14,862 p=44295 u=administrator n=ansible INFO| TASK [CPU, IRQ et performance] *********************************************************************************************************************************************************************************************************************************************
2026-02-19 11:04:14,862 p=44295 u=administrator n=ansible INFO| jeudi 19 février 2026  11:04:14 +0100 (0:00:00.729)       0:00:34.129 ********* 
2026-02-19 11:04:15,635 p=44295 u=administrator n=ansible INFO| changed: [k3s-node-2]
2026-02-19 11:04:15,639 p=44295 u=administrator n=ansible INFO| changed: [k3s-node-1]
2026-02-19 11:04:15,643 p=44295 u=administrator n=ansible INFO| changed: [k3s-node-3]
2026-02-19 11:04:15,654 p=44295 u=administrator n=ansible INFO| TASK [Diagnostics disques et I/O] ******************************************************************************************************************************************************************************************************************************************
2026-02-19 11:04:15,654 p=44295 u=administrator n=ansible INFO| jeudi 19 février 2026  11:04:15 +0100 (0:00:00.791)       0:00:34.920 ********* 
2026-02-19 11:04:18,718 p=44295 u=administrator n=ansible INFO| changed: [k3s-node-2]
2026-02-19 11:04:18,845 p=44295 u=administrator n=ansible ERROR| [ERROR]: Task failed: Module failed: non-zero return code
Origin: /home/administrator/ansible/diagnostic_network.yml:238:7

236     # 8. DISQUES & IO
237     # =========================================================
238     - name: "Diagnostics disques et I/O"
          ^ column 7


2026-02-19 11:04:18,848 p=44295 u=administrator n=ansible INFO| fatal: [k3s-node-3]: FAILED! => changed=true 
  cmd: |-
    {
    echo "===== LISTE DISQUES ====="
    lsblk -o NAME,SIZE,TYPE,FSTYPE,MOUNTPOINT,ROTA,SCHED,PHY-SEC,LOG-SEC
    echo ""
    echo "===== ESPACE DISQUE ====="
    df -h
    echo ""
    echo "===== IO SCHEDULERS ====="
    for dev in /sys/block/sd* /sys/block/nvme*; do
      [ -f "$dev/queue/scheduler" ] && echo "$dev: $(cat $dev/queue/scheduler)"
    done 2>/dev/null
    echo ""
    echo "===== IOSTAT ====="
    iostat -x 2 2 2>/dev/null || echo "iostat non disponible (apt install sysstat)"
    echo ""
    echo "===== LVM ====="
    vgs 2>/dev/null; lvs 2>/dev/null
    echo ""
    echo "===== SMART STATUS ====="
    for dev in /dev/sda /dev/sdb /dev/sdc /dev/sdd /dev/sde /dev/sdf; do
      [ -b "$dev" ] && { echo "--- $dev ---"; smartctl -H "$dev" 2>/dev/null | grep -E "SMART|result|PASSED|FAILED" || echo "smartctl non disponible"; }
    done
    } > /tmp/diag_node/07_disk_io.txt 2>&1
  delta: '0:00:02.638291'
  end: '2026-02-19 11:04:18.792541'
  msg: non-zero return code
  rc: 1
  start: '2026-02-19 11:04:16.154250'
  stderr: ''
  stderr_lines: <omitted>
  stdout: ''
  stdout_lines: <omitted>
2026-02-19 11:04:19,001 p=44295 u=administrator n=ansible INFO| changed: [k3s-node-1]
2026-02-19 11:04:19,009 p=44295 u=administrator n=ansible INFO| TASK [Journaux système (erreurs réseau)] ***********************************************************************************************************************************************************************************************************************************
2026-02-19 11:04:19,009 p=44295 u=administrator n=ansible INFO| jeudi 19 février 2026  11:04:19 +0100 (0:00:03.355)       0:00:38.276 ********* 
2026-02-19 11:04:19,595 p=44295 u=administrator n=ansible INFO| changed: [k3s-node-2]
2026-02-19 11:04:19,616 p=44295 u=administrator n=ansible INFO| changed: [k3s-node-1]
2026-02-19 11:04:19,628 p=44295 u=administrator n=ansible INFO| TASK [Firmware et driver cartes réseau] ************************************************************************************************************************************************************************************************************************************
2026-02-19 11:04:19,628 p=44295 u=administrator n=ansible INFO| jeudi 19 février 2026  11:04:19 +0100 (0:00:00.618)       0:00:38.895 ********* 
2026-02-19 11:04:20,244 p=44295 u=administrator n=ansible INFO| changed: [k3s-node-2]
2026-02-19 11:04:20,253 p=44295 u=administrator n=ansible INFO| changed: [k3s-node-1]
2026-02-19 11:04:20,261 p=44295 u=administrator n=ansible INFO| TASK [Générer le rapport de synthèse] **************************************************************************************************************************************************************************************************************************************
2026-02-19 11:04:20,261 p=44295 u=administrator n=ansible INFO| jeudi 19 février 2026  11:04:20 +0100 (0:00:00.632)       0:00:39.528 ********* 
2026-02-19 11:04:20,951 p=44295 u=administrator n=ansible INFO| changed: [k3s-node-2]
2026-02-19 11:04:21,024 p=44295 u=administrator n=ansible INFO| changed: [k3s-node-1]
2026-02-19 11:04:21,034 p=44295 u=administrator n=ansible INFO| TASK [Créer l'archive tar.gz sur le noeud] *********************************************************************************************************************************************************************************************************************************
2026-02-19 11:04:21,035 p=44295 u=administrator n=ansible INFO| jeudi 19 février 2026  11:04:21 +0100 (0:00:00.773)       0:00:40.301 ********* 
2026-02-19 11:04:21,617 p=44295 u=administrator n=ansible INFO| changed: [k3s-node-1]
2026-02-19 11:04:21,620 p=44295 u=administrator n=ansible INFO| changed: [k3s-node-2]
2026-02-19 11:04:21,632 p=44295 u=administrator n=ansible INFO| TASK [Rapatrier l'archive via scp (sans module fetch)] *********************************************************************************************************************************************************************************************************************
2026-02-19 11:04:21,632 p=44295 u=administrator n=ansible INFO| jeudi 19 février 2026  11:04:21 +0100 (0:00:00.597)       0:00:40.899 ********* 
2026-02-19 11:04:22,353 p=44295 u=administrator n=ansible INFO| changed: [k3s-node-1 -> localhost]
2026-02-19 11:04:22,368 p=44295 u=administrator n=ansible INFO| changed: [k3s-node-2 -> localhost]
2026-02-19 11:04:22,380 p=44295 u=administrator n=ansible INFO| TASK [Nettoyage sur le noeud] **********************************************************************************************************************************************************************************************************************************************
2026-02-19 11:04:22,381 p=44295 u=administrator n=ansible INFO| jeudi 19 février 2026  11:04:22 +0100 (0:00:00.748)       0:00:41.647 ********* 
2026-02-19 11:04:22,938 p=44295 u=administrator n=ansible INFO| changed: [k3s-node-2]
2026-02-19 11:04:22,940 p=44295 u=administrator n=ansible INFO| changed: [k3s-node-1]
2026-02-19 11:04:22,947 p=44295 u=administrator n=ansible INFO| PLAY [Rapport final] *******************************************************************************************************************************************************************************************************************************************************
2026-02-19 11:04:22,954 p=44295 u=administrator n=ansible INFO| TASK [Synthèse globale des 3 noeuds] ***************************************************************************************************************************************************************************************************************************************
2026-02-19 11:04:22,955 p=44295 u=administrator n=ansible INFO| jeudi 19 février 2026  11:04:22 +0100 (0:00:00.574)       0:00:42.221 ********* 
2026-02-19 11:04:23,573 p=44295 u=administrator n=ansible INFO| changed: [localhost]
2026-02-19 11:04:23,575 p=44295 u=administrator n=ansible INFO| PLAY RECAP *****************************************************************************************************************************************************************************************************************************************************************
2026-02-19 11:04:23,576 p=44295 u=administrator n=ansible INFO| k3s-node-1                 : ok=16   changed=15   unreachable=0    failed=0    skipped=0    rescued=0    ignored=0   
2026-02-19 11:04:23,576 p=44295 u=administrator n=ansible INFO| k3s-node-2                 : ok=16   changed=15   unreachable=0    failed=0    skipped=0    rescued=0    ignored=0   
2026-02-19 11:04:23,576 p=44295 u=administrator n=ansible INFO| k3s-node-3                 : ok=9    changed=8    unreachable=0    failed=1    skipped=0    rescued=0    ignored=0   
2026-02-19 11:04:23,577 p=44295 u=administrator n=ansible INFO| localhost                  : ok=1    changed=1    unreachable=0    failed=0    skipped=0    rescued=0    ignored=0   
2026-02-19 11:04:23,577 p=44295 u=administrator n=ansible INFO| PLAYBOOK RECAP *************************************************************************************************************************************************************************************************************************************************************
2026-02-19 11:04:23,577 p=44295 u=administrator n=ansible INFO| Playbook run took 0 days, 0 hours, 0 minutes, 42 seconds

2026-02-19 11:04:23,578 p=44295 u=administrator n=ansible INFO| TASKS RECAP ****************************************************************************************************************************************************************************************************************************************************************
2026-02-19 11:04:23,578 p=44295 u=administrator n=ansible INFO| jeudi 19 février 2026  11:04:23 +0100 (0:00:00.623)       0:00:42.844 ********* 
2026-02-19 11:04:23,578 p=44295 u=administrator n=ansible INFO| =============================================================================== 
2026-02-19 11:04:23,578 p=44295 u=administrator n=ansible INFO| Tests de latence entre noeuds -------------------------------------------------------------------------------------------------------------------------------------------------------------------------------------------------------------------------------------- 26.38s
2026-02-19 11:04:23,579 p=44295 u=administrator n=ansible INFO| Gathering Facts ----------------------------------------------------------------------------------------------------------------------------------------------------------------------------------------------------------------------------------------------------- 3.65s
2026-02-19 11:04:23,579 p=44295 u=administrator n=ansible INFO| Diagnostics disques et I/O ------------------------------------------------------------------------------------------------------------------------------------------------------------------------------------------------------------------------------------------ 3.36s
2026-02-19 11:04:23,579 p=44295 u=administrator n=ansible INFO| Nettoyer et créer le répertoire de diagnostic sur le noeud ---------------------------------------------------------------------------------------------------------------------------------------------------------------------------------------------------------- 0.85s
2026-02-19 11:04:23,579 p=44295 u=administrator n=ansible INFO| CPU, IRQ et performance --------------------------------------------------------------------------------------------------------------------------------------------------------------------------------------------------------------------------------------------- 0.79s
2026-02-19 11:04:23,580 p=44295 u=administrator n=ansible INFO| Générer le rapport de synthèse -------------------------------------------------------------------------------------------------------------------------------------------------------------------------------------------------------------------------------------- 0.77s
2026-02-19 11:04:23,580 p=44295 u=administrator n=ansible INFO| Rapatrier l'archive via scp (sans module fetch) --------------------------------------------------------------------------------------------------------------------------------------------------------------------------------------------------------------------- 0.75s
2026-02-19 11:04:23,580 p=44295 u=administrator n=ansible INFO| Paramètres sysctl réseau -------------------------------------------------------------------------------------------------------------------------------------------------------------------------------------------------------------------------------------------- 0.73s
2026-02-19 11:04:23,580 p=44295 u=administrator n=ansible INFO| État des interfaces réseau ------------------------------------------------------------------------------------------------------------------------------------------------------------------------------------------------------------------------------------------ 0.67s
2026-02-19 11:04:23,580 p=44295 u=administrator n=ansible INFO| Firmware et driver cartes réseau ------------------------------------------------------------------------------------------------------------------------------------------------------------------------------------------------------------------------------------ 0.63s
2026-02-19 11:04:23,581 p=44295 u=administrator n=ansible INFO| Synthèse globale des 3 noeuds --------------------------------------------------------------------------------------------------------------------------------------------------------------------------------------------------------------------------------------- 0.62s
2026-02-19 11:04:23,581 p=44295 u=administrator n=ansible INFO| Journaux système (erreurs réseau) ----------------------------------------------------------------------------------------------------------------------------------------------------------------------------------------------------------------------------------- 0.62s
2026-02-19 11:04:23,581 p=44295 u=administrator n=ansible INFO| Infos système générales --------------------------------------------------------------------------------------------------------------------------------------------------------------------------------------------------------------------------------------------- 0.62s
2026-02-19 11:04:23,581 p=44295 u=administrator n=ansible INFO| Statistiques et erreurs réseau -------------------------------------------------------------------------------------------------------------------------------------------------------------------------------------------------------------------------------------- 0.61s
2026-02-19 11:04:23,581 p=44295 u=administrator n=ansible INFO| Créer l'archive tar.gz sur le noeud --------------------------------------------------------------------------------------------------------------------------------------------------------------------------------------------------------------------------------- 0.60s
2026-02-19 11:04:23,582 p=44295 u=administrator n=ansible INFO| Informations switch (LLDP/ARP/routes) ------------------------------------------------------------------------------------------------------------------------------------------------------------------------------------------------------------------------------- 0.59s
2026-02-19 11:04:23,582 p=44295 u=administrator n=ansible INFO| Nettoyage sur le noeud ---------------------------------------------------------------------------------------------------------------------------------------------------------------------------------------------------------------------------------------------- 0.57s
2026-02-19 11:06:42,943 p=45330 u=administrator n=ansible WARNING| [WARNING]: Deprecation warnings can be disabled by setting `deprecation_warnings=False` in ansible.cfg.

2026-02-19 11:06:42,944 p=45330 u=administrator n=ansible INFO| [DEPRECATION WARNING]: community.general.yaml has been deprecated. The plugin has been superseded by the the option `result_format=yaml` in callback plugin ansible.builtin.default from ansible-core 2.13 onwards. This feature will be removed from collection 'community.general' version 12.0.0.

2026-02-19 11:06:42,986 p=45330 u=administrator n=ansible INFO| PLAY [DIAGNOSTIC COMPLET - Réseau, système et K3s] *************************************************************************************************************************************************************************************************************************
2026-02-19 11:06:43,006 p=45330 u=administrator n=ansible INFO| TASK [Gathering Facts] *****************************************************************************************************************************************************************************************************************************************************
2026-02-19 11:06:43,006 p=45330 u=administrator n=ansible INFO| jeudi 19 février 2026  11:06:43 +0100 (0:00:00.025)       0:00:00.025 ********* 
2026-02-19 11:06:46,435 p=45330 u=administrator n=ansible INFO| ok: [k3s-node-2]
2026-02-19 11:06:46,535 p=45330 u=administrator n=ansible INFO| ok: [k3s-node-1]
2026-02-19 11:06:46,574 p=45330 u=administrator n=ansible INFO| ok: [k3s-node-3]
2026-02-19 11:06:46,586 p=45330 u=administrator n=ansible INFO| TASK [Nettoyer et créer le répertoire de diagnostic sur le noeud] **********************************************************************************************************************************************************************************************************
2026-02-19 11:06:46,587 p=45330 u=administrator n=ansible INFO| jeudi 19 février 2026  11:06:46 +0100 (0:00:03.580)       0:00:03.606 ********* 
2026-02-19 11:06:47,393 p=45330 u=administrator n=ansible INFO| changed: [k3s-node-2]
2026-02-19 11:06:47,423 p=45330 u=administrator n=ansible INFO| changed: [k3s-node-3]
2026-02-19 11:06:47,449 p=45330 u=administrator n=ansible INFO| changed: [k3s-node-1]
2026-02-19 11:06:47,460 p=45330 u=administrator n=ansible INFO| TASK [Infos système générales] *********************************************************************************************************************************************************************************************************************************************
2026-02-19 11:06:47,461 p=45330 u=administrator n=ansible INFO| jeudi 19 février 2026  11:06:47 +0100 (0:00:00.874)       0:00:04.480 ********* 
2026-02-19 11:06:48,007 p=45330 u=administrator n=ansible INFO| changed: [k3s-node-2]
2026-02-19 11:06:48,022 p=45330 u=administrator n=ansible INFO| changed: [k3s-node-3]
2026-02-19 11:06:48,041 p=45330 u=administrator n=ansible INFO| changed: [k3s-node-1]
2026-02-19 11:06:48,051 p=45330 u=administrator n=ansible INFO| TASK [État des interfaces réseau] ******************************************************************************************************************************************************************************************************************************************
2026-02-19 11:06:48,052 p=45330 u=administrator n=ansible INFO| jeudi 19 février 2026  11:06:48 +0100 (0:00:00.590)       0:00:05.071 ********* 
2026-02-19 11:06:48,627 p=45330 u=administrator n=ansible INFO| changed: [k3s-node-1]
2026-02-19 11:06:48,646 p=45330 u=administrator n=ansible INFO| changed: [k3s-node-2]
2026-02-19 11:06:48,660 p=45330 u=administrator n=ansible INFO| changed: [k3s-node-3]
2026-02-19 11:06:48,671 p=45330 u=administrator n=ansible INFO| TASK [Statistiques et erreurs réseau] **************************************************************************************************************************************************************************************************************************************
2026-02-19 11:06:48,672 p=45330 u=administrator n=ansible INFO| jeudi 19 février 2026  11:06:48 +0100 (0:00:00.620)       0:00:05.691 ********* 
2026-02-19 11:06:49,191 p=45330 u=administrator n=ansible INFO| changed: [k3s-node-2]
2026-02-19 11:06:49,249 p=45330 u=administrator n=ansible INFO| changed: [k3s-node-1]
2026-02-19 11:06:49,265 p=45330 u=administrator n=ansible INFO| changed: [k3s-node-3]
2026-02-19 11:06:49,273 p=45330 u=administrator n=ansible INFO| TASK [Tests de latence entre noeuds] ***************************************************************************************************************************************************************************************************************************************
2026-02-19 11:06:49,274 p=45330 u=administrator n=ansible INFO| jeudi 19 février 2026  11:06:49 +0100 (0:00:00.601)       0:00:06.293 ********* 
2026-02-19 11:07:15,567 p=45330 u=administrator n=ansible INFO| changed: [k3s-node-1]
2026-02-19 11:07:15,570 p=45330 u=administrator n=ansible INFO| changed: [k3s-node-2]
2026-02-19 11:07:15,604 p=45330 u=administrator n=ansible INFO| changed: [k3s-node-3]
2026-02-19 11:07:15,613 p=45330 u=administrator n=ansible INFO| TASK [Informations switch (LLDP/ARP/routes)] *******************************************************************************************************************************************************************************************************************************
2026-02-19 11:07:15,614 p=45330 u=administrator n=ansible INFO| jeudi 19 février 2026  11:07:15 +0100 (0:00:26.339)       0:00:32.633 ********* 
2026-02-19 11:07:16,167 p=45330 u=administrator n=ansible INFO| changed: [k3s-node-1]
2026-02-19 11:07:16,173 p=45330 u=administrator n=ansible INFO| changed: [k3s-node-2]
2026-02-19 11:07:16,181 p=45330 u=administrator n=ansible INFO| changed: [k3s-node-3]
2026-02-19 11:07:16,190 p=45330 u=administrator n=ansible INFO| TASK [Paramètres sysctl réseau] ********************************************************************************************************************************************************************************************************************************************
2026-02-19 11:07:16,190 p=45330 u=administrator n=ansible INFO| jeudi 19 février 2026  11:07:16 +0100 (0:00:00.576)       0:00:33.209 ********* 
2026-02-19 11:07:16,794 p=45330 u=administrator n=ansible INFO| changed: [k3s-node-1]
2026-02-19 11:07:16,804 p=45330 u=administrator n=ansible INFO| changed: [k3s-node-2]
2026-02-19 11:07:16,850 p=45330 u=administrator n=ansible INFO| changed: [k3s-node-3]
2026-02-19 11:07:16,859 p=45330 u=administrator n=ansible INFO| TASK [CPU, IRQ et performance] *********************************************************************************************************************************************************************************************************************************************
2026-02-19 11:07:16,860 p=45330 u=administrator n=ansible INFO| jeudi 19 février 2026  11:07:16 +0100 (0:00:00.669)       0:00:33.879 ********* 
2026-02-19 11:07:17,575 p=45330 u=administrator n=ansible INFO| changed: [k3s-node-2]
2026-02-19 11:07:17,636 p=45330 u=administrator n=ansible INFO| changed: [k3s-node-3]
2026-02-19 11:07:17,665 p=45330 u=administrator n=ansible INFO| changed: [k3s-node-1]
2026-02-19 11:07:17,675 p=45330 u=administrator n=ansible INFO| TASK [Diagnostics disques et I/O] ******************************************************************************************************************************************************************************************************************************************
2026-02-19 11:07:17,676 p=45330 u=administrator n=ansible INFO| jeudi 19 février 2026  11:07:17 +0100 (0:00:00.816)       0:00:34.695 ********* 
2026-02-19 11:07:19,816 p=45330 u=administrator n=ansible INFO| changed: [k3s-node-2]
2026-02-19 11:07:19,903 p=45330 u=administrator n=ansible INFO| changed: [k3s-node-3]
2026-02-19 11:07:20,011 p=45330 u=administrator n=ansible INFO| changed: [k3s-node-1]
2026-02-19 11:07:20,022 p=45330 u=administrator n=ansible INFO| TASK [Journaux système (erreurs réseau)] ***********************************************************************************************************************************************************************************************************************************
2026-02-19 11:07:20,022 p=45330 u=administrator n=ansible INFO| jeudi 19 février 2026  11:07:20 +0100 (0:00:02.346)       0:00:37.041 ********* 
2026-02-19 11:07:20,613 p=45330 u=administrator n=ansible INFO| changed: [k3s-node-2]
2026-02-19 11:07:20,615 p=45330 u=administrator n=ansible INFO| changed: [k3s-node-1]
2026-02-19 11:07:20,644 p=45330 u=administrator n=ansible INFO| changed: [k3s-node-3]
2026-02-19 11:07:20,652 p=45330 u=administrator n=ansible INFO| TASK [Firmware et driver cartes réseau] ************************************************************************************************************************************************************************************************************************************
2026-02-19 11:07:20,652 p=45330 u=administrator n=ansible INFO| jeudi 19 février 2026  11:07:20 +0100 (0:00:00.630)       0:00:37.672 ********* 
2026-02-19 11:07:21,198 p=45330 u=administrator n=ansible INFO| changed: [k3s-node-2]
2026-02-19 11:07:21,201 p=45330 u=administrator n=ansible INFO| changed: [k3s-node-3]
2026-02-19 11:07:21,267 p=45330 u=administrator n=ansible INFO| changed: [k3s-node-1]
2026-02-19 11:07:21,274 p=45330 u=administrator n=ansible INFO| TASK [Générer le rapport de synthèse] **************************************************************************************************************************************************************************************************************************************
2026-02-19 11:07:21,275 p=45330 u=administrator n=ansible INFO| jeudi 19 février 2026  11:07:21 +0100 (0:00:00.622)       0:00:38.294 ********* 
2026-02-19 11:07:21,953 p=45330 u=administrator n=ansible INFO| changed: [k3s-node-2]
2026-02-19 11:07:21,955 p=45330 u=administrator n=ansible INFO| changed: [k3s-node-3]
2026-02-19 11:07:22,014 p=45330 u=administrator n=ansible INFO| changed: [k3s-node-1]
2026-02-19 11:07:22,026 p=45330 u=administrator n=ansible INFO| TASK [Créer l'archive tar.gz sur le noeud] *********************************************************************************************************************************************************************************************************************************
2026-02-19 11:07:22,026 p=45330 u=administrator n=ansible INFO| jeudi 19 février 2026  11:07:22 +0100 (0:00:00.751)       0:00:39.045 ********* 
2026-02-19 11:07:22,602 p=45330 u=administrator n=ansible INFO| changed: [k3s-node-1]
2026-02-19 11:07:22,606 p=45330 u=administrator n=ansible INFO| changed: [k3s-node-2]
2026-02-19 11:07:22,618 p=45330 u=administrator n=ansible INFO| changed: [k3s-node-3]
2026-02-19 11:07:22,629 p=45330 u=administrator n=ansible INFO| TASK [Rapatrier l'archive via scp (sans module fetch)] *********************************************************************************************************************************************************************************************************************
2026-02-19 11:07:22,629 p=45330 u=administrator n=ansible INFO| jeudi 19 février 2026  11:07:22 +0100 (0:00:00.603)       0:00:39.649 ********* 
2026-02-19 11:07:23,288 p=45330 u=administrator n=ansible INFO| changed: [k3s-node-1 -> localhost]
2026-02-19 11:07:23,330 p=45330 u=administrator n=ansible INFO| changed: [k3s-node-3 -> localhost]
2026-02-19 11:07:23,353 p=45330 u=administrator n=ansible INFO| changed: [k3s-node-2 -> localhost]
2026-02-19 11:07:23,361 p=45330 u=administrator n=ansible INFO| TASK [Nettoyage sur le noeud] **********************************************************************************************************************************************************************************************************************************************
2026-02-19 11:07:23,361 p=45330 u=administrator n=ansible INFO| jeudi 19 février 2026  11:07:23 +0100 (0:00:00.732)       0:00:40.381 ********* 
2026-02-19 11:07:23,902 p=45330 u=administrator n=ansible INFO| changed: [k3s-node-2]
2026-02-19 11:07:23,906 p=45330 u=administrator n=ansible INFO| changed: [k3s-node-1]
2026-02-19 11:07:24,915 p=45330 u=administrator n=ansible INFO| changed: [k3s-node-3]
2026-02-19 11:07:24,922 p=45330 u=administrator n=ansible INFO| PLAY [Rapport final] *******************************************************************************************************************************************************************************************************************************************************
2026-02-19 11:07:24,930 p=45330 u=administrator n=ansible INFO| TASK [Synthèse globale des 3 noeuds] ***************************************************************************************************************************************************************************************************************************************
2026-02-19 11:07:24,930 p=45330 u=administrator n=ansible INFO| jeudi 19 février 2026  11:07:24 +0100 (0:00:01.568)       0:00:41.950 ********* 
2026-02-19 11:07:25,515 p=45330 u=administrator n=ansible INFO| changed: [localhost]
2026-02-19 11:07:25,517 p=45330 u=administrator n=ansible INFO| PLAY RECAP *****************************************************************************************************************************************************************************************************************************************************************
2026-02-19 11:07:25,518 p=45330 u=administrator n=ansible INFO| k3s-node-1                 : ok=16   changed=15   unreachable=0    failed=0    skipped=0    rescued=0    ignored=0   
2026-02-19 11:07:25,518 p=45330 u=administrator n=ansible INFO| k3s-node-2                 : ok=16   changed=15   unreachable=0    failed=0    skipped=0    rescued=0    ignored=0   
2026-02-19 11:07:25,518 p=45330 u=administrator n=ansible INFO| k3s-node-3                 : ok=16   changed=15   unreachable=0    failed=0    skipped=0    rescued=0    ignored=0   
2026-02-19 11:07:25,518 p=45330 u=administrator n=ansible INFO| localhost                  : ok=1    changed=1    unreachable=0    failed=0    skipped=0    rescued=0    ignored=0   
2026-02-19 11:07:25,518 p=45330 u=administrator n=ansible INFO| PLAYBOOK RECAP *************************************************************************************************************************************************************************************************************************************************************
2026-02-19 11:07:25,519 p=45330 u=administrator n=ansible INFO| Playbook run took 0 days, 0 hours, 0 minutes, 42 seconds

2026-02-19 11:07:25,519 p=45330 u=administrator n=ansible INFO| TASKS RECAP ****************************************************************************************************************************************************************************************************************************************************************
2026-02-19 11:07:25,519 p=45330 u=administrator n=ansible INFO| jeudi 19 février 2026  11:07:25 +0100 (0:00:00.588)       0:00:42.538 ********* 
2026-02-19 11:07:25,519 p=45330 u=administrator n=ansible INFO| =============================================================================== 
2026-02-19 11:07:25,519 p=45330 u=administrator n=ansible INFO| Tests de latence entre noeuds -------------------------------------------------------------------------------------------------------------------------------------------------------------------------------------------------------------------------------------- 26.34s
2026-02-19 11:07:25,519 p=45330 u=administrator n=ansible INFO| Gathering Facts ----------------------------------------------------------------------------------------------------------------------------------------------------------------------------------------------------------------------------------------------------- 3.58s
2026-02-19 11:07:25,520 p=45330 u=administrator n=ansible INFO| Diagnostics disques et I/O ------------------------------------------------------------------------------------------------------------------------------------------------------------------------------------------------------------------------------------------ 2.35s
2026-02-19 11:07:25,520 p=45330 u=administrator n=ansible INFO| Nettoyage sur le noeud ---------------------------------------------------------------------------------------------------------------------------------------------------------------------------------------------------------------------------------------------- 1.57s
2026-02-19 11:07:25,520 p=45330 u=administrator n=ansible INFO| Nettoyer et créer le répertoire de diagnostic sur le noeud ---------------------------------------------------------------------------------------------------------------------------------------------------------------------------------------------------------- 0.87s
2026-02-19 11:07:25,520 p=45330 u=administrator n=ansible INFO| CPU, IRQ et performance --------------------------------------------------------------------------------------------------------------------------------------------------------------------------------------------------------------------------------------------- 0.82s
2026-02-19 11:07:25,520 p=45330 u=administrator n=ansible INFO| Générer le rapport de synthèse -------------------------------------------------------------------------------------------------------------------------------------------------------------------------------------------------------------------------------------- 0.75s
2026-02-19 11:07:25,520 p=45330 u=administrator n=ansible INFO| Rapatrier l'archive via scp (sans module fetch) --------------------------------------------------------------------------------------------------------------------------------------------------------------------------------------------------------------------- 0.73s
2026-02-19 11:07:25,520 p=45330 u=administrator n=ansible INFO| Paramètres sysctl réseau -------------------------------------------------------------------------------------------------------------------------------------------------------------------------------------------------------------------------------------------- 0.67s
2026-02-19 11:07:25,521 p=45330 u=administrator n=ansible INFO| Journaux système (erreurs réseau) ----------------------------------------------------------------------------------------------------------------------------------------------------------------------------------------------------------------------------------- 0.63s
2026-02-19 11:07:25,521 p=45330 u=administrator n=ansible INFO| Firmware et driver cartes réseau ------------------------------------------------------------------------------------------------------------------------------------------------------------------------------------------------------------------------------------ 0.62s
2026-02-19 11:07:25,521 p=45330 u=administrator n=ansible INFO| État des interfaces réseau ------------------------------------------------------------------------------------------------------------------------------------------------------------------------------------------------------------------------------------------ 0.62s
2026-02-19 11:07:25,521 p=45330 u=administrator n=ansible INFO| Créer l'archive tar.gz sur le noeud --------------------------------------------------------------------------------------------------------------------------------------------------------------------------------------------------------------------------------- 0.60s
2026-02-19 11:07:25,521 p=45330 u=administrator n=ansible INFO| Statistiques et erreurs réseau -------------------------------------------------------------------------------------------------------------------------------------------------------------------------------------------------------------------------------------- 0.60s
2026-02-19 11:07:25,521 p=45330 u=administrator n=ansible INFO| Infos système générales --------------------------------------------------------------------------------------------------------------------------------------------------------------------------------------------------------------------------------------------- 0.59s
2026-02-19 11:07:25,521 p=45330 u=administrator n=ansible INFO| Synthèse globale des 3 noeuds --------------------------------------------------------------------------------------------------------------------------------------------------------------------------------------------------------------------------------------- 0.59s
2026-02-19 11:07:25,522 p=45330 u=administrator n=ansible INFO| Informations switch (LLDP/ARP/routes) ------------------------------------------------------------------------------------------------------------------------------------------------------------------------------------------------------------------------------- 0.58s
2026-02-19 11:10:55,353 p=46608 u=administrator n=ansible WARNING| [WARNING]: Deprecation warnings can be disabled by setting `deprecation_warnings=False` in ansible.cfg.

2026-02-19 11:10:55,354 p=46608 u=administrator n=ansible INFO| [DEPRECATION WARNING]: community.general.yaml has been deprecated. The plugin has been superseded by the the option `result_format=yaml` in callback plugin ansible.builtin.default from ansible-core 2.13 onwards. This feature will be removed from collection 'community.general' version 12.0.0.

2026-02-19 11:10:55,397 p=46608 u=administrator n=ansible INFO| PLAY [DIAGNOSTIC COMPLET - Réseau, système et K3s] *************************************************************************************************************************************************************************************************************************
2026-02-19 11:10:55,416 p=46608 u=administrator n=ansible INFO| TASK [Gathering Facts] *****************************************************************************************************************************************************************************************************************************************************
2026-02-19 11:10:55,416 p=46608 u=administrator n=ansible INFO| jeudi 19 février 2026  11:10:55 +0100 (0:00:00.025)       0:00:00.026 ********* 
2026-02-19 11:10:58,683 p=46608 u=administrator n=ansible INFO| ok: [k3s-node-2]
2026-02-19 11:10:58,859 p=46608 u=administrator n=ansible INFO| ok: [k3s-node-3]
2026-02-19 11:10:58,943 p=46608 u=administrator n=ansible INFO| ok: [k3s-node-1]
2026-02-19 11:10:58,956 p=46608 u=administrator n=ansible INFO| TASK [Nettoyer et créer le répertoire de diagnostic sur le noeud] **********************************************************************************************************************************************************************************************************
2026-02-19 11:10:58,957 p=46608 u=administrator n=ansible INFO| jeudi 19 février 2026  11:10:58 +0100 (0:00:03.540)       0:00:03.566 ********* 
2026-02-19 11:10:59,785 p=46608 u=administrator n=ansible INFO| changed: [k3s-node-2]
2026-02-19 11:10:59,792 p=46608 u=administrator n=ansible INFO| changed: [k3s-node-3]
2026-02-19 11:10:59,806 p=46608 u=administrator n=ansible INFO| changed: [k3s-node-1]
2026-02-19 11:10:59,817 p=46608 u=administrator n=ansible INFO| TASK [Infos système générales] *********************************************************************************************************************************************************************************************************************************************
2026-02-19 11:10:59,818 p=46608 u=administrator n=ansible INFO| jeudi 19 février 2026  11:10:59 +0100 (0:00:00.860)       0:00:04.427 ********* 
2026-02-19 11:11:00,359 p=46608 u=administrator n=ansible INFO| changed: [k3s-node-2]
2026-02-19 11:11:00,417 p=46608 u=administrator n=ansible INFO| changed: [k3s-node-3]
2026-02-19 11:11:00,423 p=46608 u=administrator n=ansible INFO| changed: [k3s-node-1]
2026-02-19 11:11:00,434 p=46608 u=administrator n=ansible INFO| TASK [État des interfaces réseau] ******************************************************************************************************************************************************************************************************************************************
2026-02-19 11:11:00,434 p=46608 u=administrator n=ansible INFO| jeudi 19 février 2026  11:11:00 +0100 (0:00:00.616)       0:00:05.044 ********* 
2026-02-19 11:11:01,031 p=46608 u=administrator n=ansible INFO| changed: [k3s-node-2]
2026-02-19 11:11:01,084 p=46608 u=administrator n=ansible INFO| changed: [k3s-node-3]
2026-02-19 11:11:01,093 p=46608 u=administrator n=ansible INFO| changed: [k3s-node-1]
2026-02-19 11:11:01,101 p=46608 u=administrator n=ansible INFO| TASK [Statistiques et erreurs réseau] **************************************************************************************************************************************************************************************************************************************
2026-02-19 11:11:01,101 p=46608 u=administrator n=ansible INFO| jeudi 19 février 2026  11:11:01 +0100 (0:00:00.667)       0:00:05.711 ********* 
2026-02-19 11:11:01,609 p=46608 u=administrator n=ansible INFO| changed: [k3s-node-2]
2026-02-19 11:11:01,620 p=46608 u=administrator n=ansible INFO| changed: [k3s-node-3]
2026-02-19 11:11:01,680 p=46608 u=administrator n=ansible INFO| changed: [k3s-node-1]
2026-02-19 11:11:01,687 p=46608 u=administrator n=ansible INFO| TASK [Tests de latence entre noeuds] ***************************************************************************************************************************************************************************************************************************************
2026-02-19 11:11:01,688 p=46608 u=administrator n=ansible INFO| jeudi 19 février 2026  11:11:01 +0100 (0:00:00.586)       0:00:06.297 ********* 
2026-02-19 11:11:27,925 p=46608 u=administrator n=ansible INFO| changed: [k3s-node-2]
2026-02-19 11:11:28,022 p=46608 u=administrator n=ansible INFO| changed: [k3s-node-3]
2026-02-19 11:11:28,041 p=46608 u=administrator n=ansible INFO| changed: [k3s-node-1]
2026-02-19 11:11:28,052 p=46608 u=administrator n=ansible INFO| TASK [Informations switch (LLDP/ARP/routes)] *******************************************************************************************************************************************************************************************************************************
2026-02-19 11:11:28,052 p=46608 u=administrator n=ansible INFO| jeudi 19 février 2026  11:11:28 +0100 (0:00:26.364)       0:00:32.662 ********* 
2026-02-19 11:11:28,599 p=46608 u=administrator n=ansible INFO| changed: [k3s-node-2]
2026-02-19 11:11:28,607 p=46608 u=administrator n=ansible INFO| changed: [k3s-node-1]
2026-02-19 11:11:28,675 p=46608 u=administrator n=ansible INFO| changed: [k3s-node-3]
2026-02-19 11:11:28,689 p=46608 u=administrator n=ansible INFO| TASK [Paramètres sysctl réseau] ********************************************************************************************************************************************************************************************************************************************
2026-02-19 11:11:28,689 p=46608 u=administrator n=ansible INFO| jeudi 19 février 2026  11:11:28 +0100 (0:00:00.636)       0:00:33.299 ********* 
2026-02-19 11:11:29,316 p=46608 u=administrator n=ansible INFO| changed: [k3s-node-1]
2026-02-19 11:11:29,348 p=46608 u=administrator n=ansible INFO| changed: [k3s-node-2]
2026-02-19 11:11:29,398 p=46608 u=administrator n=ansible INFO| changed: [k3s-node-3]
2026-02-19 11:11:29,410 p=46608 u=administrator n=ansible INFO| TASK [CPU, IRQ et performance] *********************************************************************************************************************************************************************************************************************************************
2026-02-19 11:11:29,410 p=46608 u=administrator n=ansible INFO| jeudi 19 février 2026  11:11:29 +0100 (0:00:00.720)       0:00:34.020 ********* 
2026-02-19 11:11:30,181 p=46608 u=administrator n=ansible INFO| changed: [k3s-node-3]
2026-02-19 11:11:30,195 p=46608 u=administrator n=ansible INFO| changed: [k3s-node-2]
2026-02-19 11:11:30,201 p=46608 u=administrator n=ansible INFO| changed: [k3s-node-1]
2026-02-19 11:11:30,208 p=46608 u=administrator n=ansible INFO| TASK [Diagnostics disques et I/O] ******************************************************************************************************************************************************************************************************************************************
2026-02-19 11:11:30,209 p=46608 u=administrator n=ansible INFO| jeudi 19 février 2026  11:11:30 +0100 (0:00:00.798)       0:00:34.818 ********* 
2026-02-19 11:11:32,316 p=46608 u=administrator n=ansible INFO| changed: [k3s-node-2]
2026-02-19 11:11:32,443 p=46608 u=administrator n=ansible INFO| changed: [k3s-node-3]
2026-02-19 11:11:32,564 p=46608 u=administrator n=ansible INFO| changed: [k3s-node-1]
2026-02-19 11:11:32,574 p=46608 u=administrator n=ansible INFO| TASK [Journaux système (erreurs réseau)] ***********************************************************************************************************************************************************************************************************************************
2026-02-19 11:11:32,575 p=46608 u=administrator n=ansible INFO| jeudi 19 février 2026  11:11:32 +0100 (0:00:02.365)       0:00:37.184 ********* 
2026-02-19 11:11:33,155 p=46608 u=administrator n=ansible INFO| changed: [k3s-node-1]
2026-02-19 11:11:33,164 p=46608 u=administrator n=ansible INFO| changed: [k3s-node-2]
2026-02-19 11:11:33,190 p=46608 u=administrator n=ansible INFO| changed: [k3s-node-3]
2026-02-19 11:11:33,200 p=46608 u=administrator n=ansible INFO| TASK [Firmware et driver cartes réseau] ************************************************************************************************************************************************************************************************************************************
2026-02-19 11:11:33,201 p=46608 u=administrator n=ansible INFO| jeudi 19 février 2026  11:11:33 +0100 (0:00:00.625)       0:00:37.810 ********* 
2026-02-19 11:11:33,770 p=46608 u=administrator n=ansible INFO| changed: [k3s-node-3]
2026-02-19 11:11:33,818 p=46608 u=administrator n=ansible INFO| changed: [k3s-node-2]
2026-02-19 11:11:33,834 p=46608 u=administrator n=ansible INFO| changed: [k3s-node-1]
2026-02-19 11:11:33,847 p=46608 u=administrator n=ansible INFO| TASK [Générer le rapport de synthèse] **************************************************************************************************************************************************************************************************************************************
2026-02-19 11:11:33,847 p=46608 u=administrator n=ansible INFO| jeudi 19 février 2026  11:11:33 +0100 (0:00:00.646)       0:00:38.457 ********* 
2026-02-19 11:11:34,547 p=46608 u=administrator n=ansible INFO| changed: [k3s-node-2]
2026-02-19 11:11:34,552 p=46608 u=administrator n=ansible INFO| changed: [k3s-node-3]
2026-02-19 11:11:34,597 p=46608 u=administrator n=ansible INFO| changed: [k3s-node-1]
2026-02-19 11:11:34,607 p=46608 u=administrator n=ansible INFO| TASK [Créer l'archive tar.gz sur le noeud] *********************************************************************************************************************************************************************************************************************************
2026-02-19 11:11:34,608 p=46608 u=administrator n=ansible INFO| jeudi 19 février 2026  11:11:34 +0100 (0:00:00.760)       0:00:39.217 ********* 
2026-02-19 11:11:35,182 p=46608 u=administrator n=ansible INFO| changed: [k3s-node-2]
2026-02-19 11:11:35,183 p=46608 u=administrator n=ansible INFO| changed: [k3s-node-1]
2026-02-19 11:11:35,200 p=46608 u=administrator n=ansible INFO| changed: [k3s-node-3]
2026-02-19 11:11:35,209 p=46608 u=administrator n=ansible INFO| TASK [Créer le dossier de destination local] *******************************************************************************************************************************************************************************************************************************
2026-02-19 11:11:35,209 p=46608 u=administrator n=ansible INFO| jeudi 19 février 2026  11:11:35 +0100 (0:00:00.601)       0:00:39.819 ********* 
2026-02-19 11:11:36,080 p=46608 u=administrator n=ansible INFO| ok: [k3s-node-1 -> localhost]
2026-02-19 11:11:36,124 p=46608 u=administrator n=ansible INFO| ok: [k3s-node-3 -> localhost]
2026-02-19 11:11:36,127 p=46608 u=administrator n=ansible INFO| ok: [k3s-node-2 -> localhost]
2026-02-19 11:11:36,136 p=46608 u=administrator n=ansible INFO| TASK [Récupérer les fichiers de diagnostic] ********************************************************************************************************************************************************************************************************************************
2026-02-19 11:11:36,137 p=46608 u=administrator n=ansible INFO| jeudi 19 février 2026  11:11:36 +0100 (0:00:00.927)       0:00:40.746 ********* 
2026-02-19 11:11:36,881 p=46608 u=administrator n=ansible ERROR| [ERROR]: Task failed: Module failed: File not found: /tmp/diag_node/01_system_info.txt: [Errno 2] No such file or directory: '/tmp/diag_node/01_system_info.txt'
Origin: /home/administrator/ansible/diagnostic_network.yml:424:7

422         mode: '0755'
423
424     - name: "Récupérer les fichiers de diagnostic"
          ^ column 7


2026-02-19 11:11:36,883 p=46608 u=administrator n=ansible INFO| failed: [k3s-node-2] (item=01_system_info.txt) => changed=false 
  ansible_loop_var: item
  item: 01_system_info.txt
  msg: the remote file does not exist, not transferring, ignored
2026-02-19 11:11:36,884 p=46608 u=administrator n=ansible INFO| failed: [k3s-node-3] (item=01_system_info.txt) => changed=false 
  ansible_loop_var: item
  item: 01_system_info.txt
  msg: the remote file does not exist, not transferring, ignored
2026-02-19 11:11:36,909 p=46608 u=administrator n=ansible INFO| failed: [k3s-node-1] (item=01_system_info.txt) => changed=false 
  ansible_loop_var: item
  item: 01_system_info.txt
  msg: the remote file does not exist, not transferring, ignored
2026-02-19 11:11:37,301 p=46608 u=administrator n=ansible ERROR| [ERROR]: Task failed: Module failed: File not found: /tmp/diag_node/02_interfaces.txt: [Errno 2] No such file or directory: '/tmp/diag_node/02_interfaces.txt'
Origin: /home/administrator/ansible/diagnostic_network.yml:424:7

422         mode: '0755'
423
424     - name: "Récupérer les fichiers de diagnostic"
          ^ column 7


2026-02-19 11:11:37,302 p=46608 u=administrator n=ansible INFO| failed: [k3s-node-2] (item=02_interfaces.txt) => changed=false 
  ansible_loop_var: item
  item: 02_interfaces.txt
  msg: the remote file does not exist, not transferring, ignored
2026-02-19 11:11:37,313 p=46608 u=administrator n=ansible INFO| failed: [k3s-node-3] (item=02_interfaces.txt) => changed=false 
  ansible_loop_var: item
  item: 02_interfaces.txt
  msg: the remote file does not exist, not transferring, ignored
2026-02-19 11:11:37,415 p=46608 u=administrator n=ansible INFO| failed: [k3s-node-1] (item=02_interfaces.txt) => changed=false 
  ansible_loop_var: item
  item: 02_interfaces.txt
  msg: the remote file does not exist, not transferring, ignored
2026-02-19 11:11:37,731 p=46608 u=administrator n=ansible ERROR| [ERROR]: Task failed: Module failed: File not found: /tmp/diag_node/03_stats_reseau.txt: [Errno 2] No such file or directory: '/tmp/diag_node/03_stats_reseau.txt'
Origin: /home/administrator/ansible/diagnostic_network.yml:424:7

422         mode: '0755'
423
424     - name: "Récupérer les fichiers de diagnostic"
          ^ column 7


2026-02-19 11:11:37,732 p=46608 u=administrator n=ansible INFO| failed: [k3s-node-2] (item=03_stats_reseau.txt) => changed=false 
  ansible_loop_var: item
  item: 03_stats_reseau.txt
  msg: the remote file does not exist, not transferring, ignored
2026-02-19 11:11:37,742 p=46608 u=administrator n=ansible INFO| failed: [k3s-node-3] (item=03_stats_reseau.txt) => changed=false 
  ansible_loop_var: item
  item: 03_stats_reseau.txt
  msg: the remote file does not exist, not transferring, ignored
2026-02-19 11:11:37,931 p=46608 u=administrator n=ansible INFO| failed: [k3s-node-1] (item=03_stats_reseau.txt) => changed=false 
  ansible_loop_var: item
  item: 03_stats_reseau.txt
  msg: the remote file does not exist, not transferring, ignored
2026-02-19 11:11:38,185 p=46608 u=administrator n=ansible ERROR| [ERROR]: Task failed: Failed to fetch the file: [Errno 13] Permission denied: b'/tmp/diag_ansible/k3s-node-2/04_switch_info.txt'
Origin: /home/administrator/ansible/diagnostic_network.yml:424:7

422         mode: '0755'
423
424     - name: "Récupérer les fichiers de diagnostic"
          ^ column 7


2026-02-19 11:11:38,186 p=46608 u=administrator n=ansible INFO| failed: [k3s-node-2] (item=04_switch_info.txt) => changed=false 
  ansible_loop_var: item
  item: 04_switch_info.txt
  msg: 'Failed to fetch the file: [Errno 13] Permission denied: b''/tmp/diag_ansible/k3s-node-2/04_switch_info.txt'''
2026-02-19 11:11:38,210 p=46608 u=administrator n=ansible ERROR| [ERROR]: Task failed: Failed to fetch the file: [Errno 13] Permission denied: b'/tmp/diag_ansible/k3s-node-3/04_switch_info.txt'
Origin: /home/administrator/ansible/diagnostic_network.yml:424:7

422         mode: '0755'
423
424     - name: "Récupérer les fichiers de diagnostic"
          ^ column 7


2026-02-19 11:11:38,210 p=46608 u=administrator n=ansible INFO| failed: [k3s-node-3] (item=04_switch_info.txt) => changed=false 
  ansible_loop_var: item
  item: 04_switch_info.txt
  msg: 'Failed to fetch the file: [Errno 13] Permission denied: b''/tmp/diag_ansible/k3s-node-3/04_switch_info.txt'''
2026-02-19 11:11:38,450 p=46608 u=administrator n=ansible ERROR| [ERROR]: Task failed: Failed to fetch the file: [Errno 13] Permission denied: b'/tmp/diag_ansible/k3s-node-1/04_switch_info.txt'
Origin: /home/administrator/ansible/diagnostic_network.yml:424:7

422         mode: '0755'
423
424     - name: "Récupérer les fichiers de diagnostic"
          ^ column 7


2026-02-19 11:11:38,451 p=46608 u=administrator n=ansible INFO| failed: [k3s-node-1] (item=04_switch_info.txt) => changed=false 
  ansible_loop_var: item
  item: 04_switch_info.txt
  msg: 'Failed to fetch the file: [Errno 13] Permission denied: b''/tmp/diag_ansible/k3s-node-1/04_switch_info.txt'''
2026-02-19 11:11:38,620 p=46608 u=administrator n=ansible ERROR| [ERROR]: Task failed: Failed to fetch the file: [Errno 13] Permission denied: b'/tmp/diag_ansible/k3s-node-2/05_sysctl_network.txt'
Origin: /home/administrator/ansible/diagnostic_network.yml:424:7

422         mode: '0755'
423
424     - name: "Récupérer les fichiers de diagnostic"
          ^ column 7


2026-02-19 11:11:38,621 p=46608 u=administrator n=ansible INFO| failed: [k3s-node-2] (item=05_sysctl_network.txt) => changed=false 
  ansible_loop_var: item
  item: 05_sysctl_network.txt
  msg: 'Failed to fetch the file: [Errno 13] Permission denied: b''/tmp/diag_ansible/k3s-node-2/05_sysctl_network.txt'''
2026-02-19 11:11:38,635 p=46608 u=administrator n=ansible ERROR| [ERROR]: Task failed: Failed to fetch the file: [Errno 13] Permission denied: b'/tmp/diag_ansible/k3s-node-3/05_sysctl_network.txt'
Origin: /home/administrator/ansible/diagnostic_network.yml:424:7

422         mode: '0755'
423
424     - name: "Récupérer les fichiers de diagnostic"
          ^ column 7


2026-02-19 11:11:38,635 p=46608 u=administrator n=ansible INFO| failed: [k3s-node-3] (item=05_sysctl_network.txt) => changed=false 
  ansible_loop_var: item
  item: 05_sysctl_network.txt
  msg: 'Failed to fetch the file: [Errno 13] Permission denied: b''/tmp/diag_ansible/k3s-node-3/05_sysctl_network.txt'''
2026-02-19 11:11:38,972 p=46608 u=administrator n=ansible ERROR| [ERROR]: Task failed: Failed to fetch the file: [Errno 13] Permission denied: b'/tmp/diag_ansible/k3s-node-1/05_sysctl_network.txt'
Origin: /home/administrator/ansible/diagnostic_network.yml:424:7

422         mode: '0755'
423
424     - name: "Récupérer les fichiers de diagnostic"
          ^ column 7


2026-02-19 11:11:38,973 p=46608 u=administrator n=ansible INFO| failed: [k3s-node-1] (item=05_sysctl_network.txt) => changed=false 
  ansible_loop_var: item
  item: 05_sysctl_network.txt
  msg: 'Failed to fetch the file: [Errno 13] Permission denied: b''/tmp/diag_ansible/k3s-node-1/05_sysctl_network.txt'''
2026-02-19 11:11:39,046 p=46608 u=administrator n=ansible ERROR| [ERROR]: Task failed: Module failed: File not found: /tmp/diag_node/06_latency_tests.txt: [Errno 2] No such file or directory: '/tmp/diag_node/06_latency_tests.txt'
Origin: /home/administrator/ansible/diagnostic_network.yml:424:7

422         mode: '0755'
423
424     - name: "Récupérer les fichiers de diagnostic"
          ^ column 7


2026-02-19 11:11:39,047 p=46608 u=administrator n=ansible INFO| failed: [k3s-node-2] (item=06_latency_tests.txt) => changed=false 
  ansible_loop_var: item
  item: 06_latency_tests.txt
  msg: the remote file does not exist, not transferring, ignored
2026-02-19 11:11:39,062 p=46608 u=administrator n=ansible INFO| failed: [k3s-node-3] (item=06_latency_tests.txt) => changed=false 
  ansible_loop_var: item
  item: 06_latency_tests.txt
  msg: the remote file does not exist, not transferring, ignored
2026-02-19 11:11:39,471 p=46608 u=administrator n=ansible ERROR| [ERROR]: Task failed: Failed to fetch the file: [Errno 13] Permission denied: b'/tmp/diag_ansible/k3s-node-2/07_disk_io.txt'
Origin: /home/administrator/ansible/diagnostic_network.yml:424:7

422         mode: '0755'
423
424     - name: "Récupérer les fichiers de diagnostic"
          ^ column 7


2026-02-19 11:11:39,471 p=46608 u=administrator n=ansible INFO| failed: [k3s-node-2] (item=07_disk_io.txt) => changed=false 
  ansible_loop_var: item
  item: 07_disk_io.txt
  msg: 'Failed to fetch the file: [Errno 13] Permission denied: b''/tmp/diag_ansible/k3s-node-2/07_disk_io.txt'''
2026-02-19 11:11:39,488 p=46608 u=administrator n=ansible INFO| failed: [k3s-node-1] (item=06_latency_tests.txt) => changed=false 
  ansible_loop_var: item
  item: 06_latency_tests.txt
  msg: the remote file does not exist, not transferring, ignored
2026-02-19 11:11:39,491 p=46608 u=administrator n=ansible ERROR| [ERROR]: Task failed: Failed to fetch the file: [Errno 13] Permission denied: b'/tmp/diag_ansible/k3s-node-3/07_disk_io.txt'
Origin: /home/administrator/ansible/diagnostic_network.yml:424:7

422         mode: '0755'
423
424     - name: "Récupérer les fichiers de diagnostic"
          ^ column 7


2026-02-19 11:11:39,491 p=46608 u=administrator n=ansible INFO| failed: [k3s-node-3] (item=07_disk_io.txt) => changed=false 
  ansible_loop_var: item
  item: 07_disk_io.txt
  msg: 'Failed to fetch the file: [Errno 13] Permission denied: b''/tmp/diag_ansible/k3s-node-3/07_disk_io.txt'''
2026-02-19 11:11:39,898 p=46608 u=administrator n=ansible ERROR| [ERROR]: Task failed: Module failed: File not found: /tmp/diag_node/08_cpu_irq.txt: [Errno 2] No such file or directory: '/tmp/diag_node/08_cpu_irq.txt'
Origin: /home/administrator/ansible/diagnostic_network.yml:424:7

422         mode: '0755'
423
424     - name: "Récupérer les fichiers de diagnostic"
          ^ column 7


2026-02-19 11:11:39,899 p=46608 u=administrator n=ansible INFO| failed: [k3s-node-2] (item=08_cpu_irq.txt) => changed=false 
  ansible_loop_var: item
  item: 08_cpu_irq.txt
  msg: the remote file does not exist, not transferring, ignored
2026-02-19 11:11:39,917 p=46608 u=administrator n=ansible INFO| failed: [k3s-node-3] (item=08_cpu_irq.txt) => changed=false 
  ansible_loop_var: item
  item: 08_cpu_irq.txt
  msg: the remote file does not exist, not transferring, ignored
2026-02-19 11:11:40,008 p=46608 u=administrator n=ansible ERROR| [ERROR]: Task failed: Failed to fetch the file: [Errno 13] Permission denied: b'/tmp/diag_ansible/k3s-node-1/07_disk_io.txt'
Origin: /home/administrator/ansible/diagnostic_network.yml:424:7

422         mode: '0755'
423
424     - name: "Récupérer les fichiers de diagnostic"
          ^ column 7


2026-02-19 11:11:40,009 p=46608 u=administrator n=ansible INFO| failed: [k3s-node-1] (item=07_disk_io.txt) => changed=false 
  ansible_loop_var: item
  item: 07_disk_io.txt
  msg: 'Failed to fetch the file: [Errno 13] Permission denied: b''/tmp/diag_ansible/k3s-node-1/07_disk_io.txt'''
2026-02-19 11:11:40,316 p=46608 u=administrator n=ansible ERROR| [ERROR]: Task failed: Module failed: File not found: /tmp/diag_node/09_k3s_diagnostic.txt: [Errno 2] No such file or directory: '/tmp/diag_node/09_k3s_diagnostic.txt'
Origin: /home/administrator/ansible/diagnostic_network.yml:424:7

422         mode: '0755'
423
424     - name: "Récupérer les fichiers de diagnostic"
          ^ column 7


2026-02-19 11:11:40,317 p=46608 u=administrator n=ansible INFO| failed: [k3s-node-2] (item=09_k3s_diagnostic.txt) => changed=false 
  ansible_loop_var: item
  item: 09_k3s_diagnostic.txt
  msg: the remote file does not exist, not transferring, ignored
2026-02-19 11:11:40,337 p=46608 u=administrator n=ansible INFO| failed: [k3s-node-3] (item=09_k3s_diagnostic.txt) => changed=false 
  ansible_loop_var: item
  item: 09_k3s_diagnostic.txt
  msg: the remote file does not exist, not transferring, ignored
2026-02-19 11:11:40,528 p=46608 u=administrator n=ansible INFO| failed: [k3s-node-1] (item=08_cpu_irq.txt) => changed=false 
  ansible_loop_var: item
  item: 08_cpu_irq.txt
  msg: the remote file does not exist, not transferring, ignored
2026-02-19 11:11:40,737 p=46608 u=administrator n=ansible ERROR| [ERROR]: Task failed: Failed to fetch the file: [Errno 13] Permission denied: b'/tmp/diag_ansible/k3s-node-2/00_SYNTHESE.txt'
Origin: /home/administrator/ansible/diagnostic_network.yml:424:7

422         mode: '0755'
423
424     - name: "Récupérer les fichiers de diagnostic"
          ^ column 7


2026-02-19 11:11:40,738 p=46608 u=administrator n=ansible INFO| failed: [k3s-node-2] (item=00_SYNTHESE.txt) => changed=false 
  ansible_loop_var: item
  item: 00_SYNTHESE.txt
  msg: 'Failed to fetch the file: [Errno 13] Permission denied: b''/tmp/diag_ansible/k3s-node-2/00_SYNTHESE.txt'''
2026-02-19 11:11:40,761 p=46608 u=administrator n=ansible ERROR| [ERROR]: Task failed: Failed to fetch the file: [Errno 13] Permission denied: b'/tmp/diag_ansible/k3s-node-3/00_SYNTHESE.txt'
Origin: /home/administrator/ansible/diagnostic_network.yml:424:7

422         mode: '0755'
423
424     - name: "Récupérer les fichiers de diagnostic"
          ^ column 7


2026-02-19 11:11:40,761 p=46608 u=administrator n=ansible INFO| failed: [k3s-node-3] (item=00_SYNTHESE.txt) => changed=false 
  ansible_loop_var: item
  item: 00_SYNTHESE.txt
  msg: 'Failed to fetch the file: [Errno 13] Permission denied: b''/tmp/diag_ansible/k3s-node-3/00_SYNTHESE.txt'''
2026-02-19 11:11:41,044 p=46608 u=administrator n=ansible INFO| failed: [k3s-node-1] (item=09_k3s_diagnostic.txt) => changed=false 
  ansible_loop_var: item
  item: 09_k3s_diagnostic.txt
  msg: the remote file does not exist, not transferring, ignored
2026-02-19 11:11:41,562 p=46608 u=administrator n=ansible ERROR| [ERROR]: Task failed: Failed to fetch the file: [Errno 13] Permission denied: b'/tmp/diag_ansible/k3s-node-1/00_SYNTHESE.txt'
Origin: /home/administrator/ansible/diagnostic_network.yml:424:7

422         mode: '0755'
423
424     - name: "Récupérer les fichiers de diagnostic"
          ^ column 7


2026-02-19 11:11:41,563 p=46608 u=administrator n=ansible INFO| failed: [k3s-node-1] (item=00_SYNTHESE.txt) => changed=false 
  ansible_loop_var: item
  item: 00_SYNTHESE.txt
  msg: 'Failed to fetch the file: [Errno 13] Permission denied: b''/tmp/diag_ansible/k3s-node-1/00_SYNTHESE.txt'''
2026-02-19 11:11:41,570 p=46608 u=administrator n=ansible INFO| PLAY RECAP *****************************************************************************************************************************************************************************************************************************************************************
2026-02-19 11:11:41,571 p=46608 u=administrator n=ansible INFO| k3s-node-1                 : ok=15   changed=13   unreachable=0    failed=1    skipped=0    rescued=0    ignored=0   
2026-02-19 11:11:41,571 p=46608 u=administrator n=ansible INFO| k3s-node-2                 : ok=15   changed=13   unreachable=0    failed=1    skipped=0    rescued=0    ignored=0   
2026-02-19 11:11:41,571 p=46608 u=administrator n=ansible INFO| k3s-node-3                 : ok=15   changed=13   unreachable=0    failed=1    skipped=0    rescued=0    ignored=0   
2026-02-19 11:11:41,571 p=46608 u=administrator n=ansible INFO| PLAYBOOK RECAP *************************************************************************************************************************************************************************************************************************************************************
2026-02-19 11:11:41,572 p=46608 u=administrator n=ansible INFO| Playbook run took 0 days, 0 hours, 0 minutes, 46 seconds

2026-02-19 11:11:41,572 p=46608 u=administrator n=ansible INFO| TASKS RECAP ****************************************************************************************************************************************************************************************************************************************************************
2026-02-19 11:11:41,572 p=46608 u=administrator n=ansible INFO| jeudi 19 février 2026  11:11:41 +0100 (0:00:05.435)       0:00:46.182 ********* 
2026-02-19 11:11:41,572 p=46608 u=administrator n=ansible INFO| =============================================================================== 
2026-02-19 11:11:41,572 p=46608 u=administrator n=ansible INFO| Tests de latence entre noeuds -------------------------------------------------------------------------------------------------------------------------------------------------------------------------------------------------------------------------------------- 26.36s
2026-02-19 11:11:41,573 p=46608 u=administrator n=ansible INFO| Récupérer les fichiers de diagnostic -------------------------------------------------------------------------------------------------------------------------------------------------------------------------------------------------------------------------------- 5.44s
2026-02-19 11:11:41,573 p=46608 u=administrator n=ansible INFO| Gathering Facts ----------------------------------------------------------------------------------------------------------------------------------------------------------------------------------------------------------------------------------------------------- 3.54s
2026-02-19 11:11:41,573 p=46608 u=administrator n=ansible INFO| Diagnostics disques et I/O ------------------------------------------------------------------------------------------------------------------------------------------------------------------------------------------------------------------------------------------ 2.37s
2026-02-19 11:11:41,573 p=46608 u=administrator n=ansible INFO| Créer le dossier de destination local ------------------------------------------------------------------------------------------------------------------------------------------------------------------------------------------------------------------------------- 0.93s
2026-02-19 11:11:41,573 p=46608 u=administrator n=ansible INFO| Nettoyer et créer le répertoire de diagnostic sur le noeud ---------------------------------------------------------------------------------------------------------------------------------------------------------------------------------------------------------- 0.86s
2026-02-19 11:11:41,573 p=46608 u=administrator n=ansible INFO| CPU, IRQ et performance --------------------------------------------------------------------------------------------------------------------------------------------------------------------------------------------------------------------------------------------- 0.80s
2026-02-19 11:11:41,574 p=46608 u=administrator n=ansible INFO| Générer le rapport de synthèse -------------------------------------------------------------------------------------------------------------------------------------------------------------------------------------------------------------------------------------- 0.76s
2026-02-19 11:11:41,574 p=46608 u=administrator n=ansible INFO| Paramètres sysctl réseau -------------------------------------------------------------------------------------------------------------------------------------------------------------------------------------------------------------------------------------------- 0.72s
2026-02-19 11:11:41,574 p=46608 u=administrator n=ansible INFO| État des interfaces réseau ------------------------------------------------------------------------------------------------------------------------------------------------------------------------------------------------------------------------------------------ 0.67s
2026-02-19 11:11:41,574 p=46608 u=administrator n=ansible INFO| Firmware et driver cartes réseau ------------------------------------------------------------------------------------------------------------------------------------------------------------------------------------------------------------------------------------ 0.65s
2026-02-19 11:11:41,574 p=46608 u=administrator n=ansible INFO| Informations switch (LLDP/ARP/routes) ------------------------------------------------------------------------------------------------------------------------------------------------------------------------------------------------------------------------------- 0.64s
2026-02-19 11:11:41,574 p=46608 u=administrator n=ansible INFO| Journaux système (erreurs réseau) ----------------------------------------------------------------------------------------------------------------------------------------------------------------------------------------------------------------------------------- 0.63s
2026-02-19 11:11:41,574 p=46608 u=administrator n=ansible INFO| Infos système générales --------------------------------------------------------------------------------------------------------------------------------------------------------------------------------------------------------------------------------------------- 0.62s
2026-02-19 11:11:41,575 p=46608 u=administrator n=ansible INFO| Créer l'archive tar.gz sur le noeud --------------------------------------------------------------------------------------------------------------------------------------------------------------------------------------------------------------------------------- 0.60s
2026-02-19 11:11:41,575 p=46608 u=administrator n=ansible INFO| Statistiques et erreurs réseau -------------------------------------------------------------------------------------------------------------------------------------------------------------------------------------------------------------------------------------- 0.59s
2026-02-19 11:15:43,963 p=47762 u=administrator n=ansible WARNING| [WARNING]: Deprecation warnings can be disabled by setting `deprecation_warnings=False` in ansible.cfg.

2026-02-19 11:15:43,964 p=47762 u=administrator n=ansible INFO| [DEPRECATION WARNING]: community.general.yaml has been deprecated. The plugin has been superseded by the the option `result_format=yaml` in callback plugin ansible.builtin.default from ansible-core 2.13 onwards. This feature will be removed from collection 'community.general' version 12.0.0.

2026-02-19 11:15:44,008 p=47762 u=administrator n=ansible INFO| PLAY [DIAGNOSTIC COMPLET - Réseau, système et K3s] *************************************************************************************************************************************************************************************************************************
2026-02-19 11:15:44,029 p=47762 u=administrator n=ansible INFO| TASK [Gathering Facts] *****************************************************************************************************************************************************************************************************************************************************
2026-02-19 11:15:44,029 p=47762 u=administrator n=ansible INFO| jeudi 19 février 2026  11:15:44 +0100 (0:00:00.028)       0:00:00.028 ********* 
2026-02-19 11:15:47,338 p=47762 u=administrator n=ansible INFO| ok: [k3s-node-2]
2026-02-19 11:15:47,451 p=47762 u=administrator n=ansible INFO| ok: [k3s-node-3]
2026-02-19 11:15:47,554 p=47762 u=administrator n=ansible INFO| ok: [k3s-node-1]
2026-02-19 11:15:47,564 p=47762 u=administrator n=ansible INFO| TASK [Nettoyer et créer le répertoire de diagnostic sur le noeud] **********************************************************************************************************************************************************************************************************
2026-02-19 11:15:47,564 p=47762 u=administrator n=ansible INFO| jeudi 19 février 2026  11:15:47 +0100 (0:00:03.534)       0:00:03.562 ********* 
2026-02-19 11:15:48,397 p=47762 u=administrator n=ansible INFO| changed: [k3s-node-3]
2026-02-19 11:15:48,397 p=47762 u=administrator n=ansible INFO| changed: [k3s-node-2]
2026-02-19 11:15:48,442 p=47762 u=administrator n=ansible INFO| changed: [k3s-node-1]
2026-02-19 11:15:48,450 p=47762 u=administrator n=ansible INFO| TASK [Infos système générales] *********************************************************************************************************************************************************************************************************************************************
2026-02-19 11:15:48,451 p=47762 u=administrator n=ansible INFO| jeudi 19 février 2026  11:15:48 +0100 (0:00:00.886)       0:00:04.449 ********* 
2026-02-19 11:15:48,981 p=47762 u=administrator n=ansible INFO| changed: [k3s-node-2]
2026-02-19 11:15:49,046 p=47762 u=administrator n=ansible INFO| changed: [k3s-node-3]
2026-02-19 11:15:49,060 p=47762 u=administrator n=ansible INFO| changed: [k3s-node-1]
2026-02-19 11:15:49,069 p=47762 u=administrator n=ansible INFO| TASK [État des interfaces réseau] ******************************************************************************************************************************************************************************************************************************************
2026-02-19 11:15:49,070 p=47762 u=administrator n=ansible INFO| jeudi 19 février 2026  11:15:49 +0100 (0:00:00.618)       0:00:05.068 ********* 
2026-02-19 11:15:49,662 p=47762 u=administrator n=ansible INFO| changed: [k3s-node-2]
2026-02-19 11:15:49,734 p=47762 u=administrator n=ansible INFO| changed: [k3s-node-1]
2026-02-19 11:15:49,737 p=47762 u=administrator n=ansible INFO| changed: [k3s-node-3]
2026-02-19 11:15:49,747 p=47762 u=administrator n=ansible INFO| TASK [Statistiques et erreurs réseau] **************************************************************************************************************************************************************************************************************************************
2026-02-19 11:15:49,748 p=47762 u=administrator n=ansible INFO| jeudi 19 février 2026  11:15:49 +0100 (0:00:00.677)       0:00:05.746 ********* 
2026-02-19 11:15:50,325 p=47762 u=administrator n=ansible INFO| changed: [k3s-node-2]
2026-02-19 11:15:50,332 p=47762 u=administrator n=ansible INFO| changed: [k3s-node-1]
2026-02-19 11:15:50,344 p=47762 u=administrator n=ansible INFO| changed: [k3s-node-3]
2026-02-19 11:15:50,357 p=47762 u=administrator n=ansible INFO| TASK [Tests de latence entre noeuds] ***************************************************************************************************************************************************************************************************************************************
2026-02-19 11:15:50,358 p=47762 u=administrator n=ansible INFO| jeudi 19 février 2026  11:15:50 +0100 (0:00:00.609)       0:00:06.356 ********* 
2026-02-19 11:16:16,630 p=47762 u=administrator n=ansible INFO| changed: [k3s-node-2]
2026-02-19 11:16:16,662 p=47762 u=administrator n=ansible INFO| changed: [k3s-node-3]
2026-02-19 11:16:16,682 p=47762 u=administrator n=ansible INFO| changed: [k3s-node-1]
2026-02-19 11:16:16,692 p=47762 u=administrator n=ansible INFO| TASK [Informations switch (LLDP/ARP/routes)] *******************************************************************************************************************************************************************************************************************************
2026-02-19 11:16:16,693 p=47762 u=administrator n=ansible INFO| jeudi 19 février 2026  11:16:16 +0100 (0:00:26.335)       0:00:32.691 ********* 
2026-02-19 11:16:17,243 p=47762 u=administrator n=ansible INFO| changed: [k3s-node-2]
2026-02-19 11:16:17,246 p=47762 u=administrator n=ansible INFO| changed: [k3s-node-1]
2026-02-19 11:16:17,278 p=47762 u=administrator n=ansible INFO| changed: [k3s-node-3]
2026-02-19 11:16:17,288 p=47762 u=administrator n=ansible INFO| TASK [Paramètres sysctl réseau] ********************************************************************************************************************************************************************************************************************************************
2026-02-19 11:16:17,288 p=47762 u=administrator n=ansible INFO| jeudi 19 février 2026  11:16:17 +0100 (0:00:00.595)       0:00:33.286 ********* 
2026-02-19 11:16:17,905 p=47762 u=administrator n=ansible INFO| changed: [k3s-node-1]
2026-02-19 11:16:17,927 p=47762 u=administrator n=ansible INFO| changed: [k3s-node-3]
2026-02-19 11:16:17,934 p=47762 u=administrator n=ansible INFO| changed: [k3s-node-2]
2026-02-19 11:16:17,948 p=47762 u=administrator n=ansible INFO| TASK [CPU, IRQ et performance] *********************************************************************************************************************************************************************************************************************************************
2026-02-19 11:16:17,949 p=47762 u=administrator n=ansible INFO| jeudi 19 février 2026  11:16:17 +0100 (0:00:00.660)       0:00:33.947 ********* 
2026-02-19 11:16:18,662 p=47762 u=administrator n=ansible INFO| changed: [k3s-node-3]
2026-02-19 11:16:18,709 p=47762 u=administrator n=ansible INFO| changed: [k3s-node-2]
2026-02-19 11:16:18,732 p=47762 u=administrator n=ansible INFO| changed: [k3s-node-1]
2026-02-19 11:16:18,741 p=47762 u=administrator n=ansible INFO| TASK [Diagnostics disques et I/O] ******************************************************************************************************************************************************************************************************************************************
2026-02-19 11:16:18,741 p=47762 u=administrator n=ansible INFO| jeudi 19 février 2026  11:16:18 +0100 (0:00:00.792)       0:00:34.739 ********* 
2026-02-19 11:16:20,857 p=47762 u=administrator n=ansible INFO| changed: [k3s-node-2]
2026-02-19 11:16:20,987 p=47762 u=administrator n=ansible INFO| changed: [k3s-node-3]
2026-02-19 11:16:21,118 p=47762 u=administrator n=ansible INFO| changed: [k3s-node-1]
2026-02-19 11:16:21,129 p=47762 u=administrator n=ansible INFO| TASK [Journaux système (erreurs réseau)] ***********************************************************************************************************************************************************************************************************************************
2026-02-19 11:16:21,130 p=47762 u=administrator n=ansible INFO| jeudi 19 février 2026  11:16:21 +0100 (0:00:02.388)       0:00:37.128 ********* 
2026-02-19 11:16:21,720 p=47762 u=administrator n=ansible INFO| changed: [k3s-node-1]
2026-02-19 11:16:21,723 p=47762 u=administrator n=ansible INFO| changed: [k3s-node-2]
2026-02-19 11:16:21,739 p=47762 u=administrator n=ansible INFO| changed: [k3s-node-3]
2026-02-19 11:16:21,751 p=47762 u=administrator n=ansible INFO| TASK [Firmware et driver cartes réseau] ************************************************************************************************************************************************************************************************************************************
2026-02-19 11:16:21,751 p=47762 u=administrator n=ansible INFO| jeudi 19 février 2026  11:16:21 +0100 (0:00:00.621)       0:00:37.749 ********* 
2026-02-19 11:16:22,275 p=47762 u=administrator n=ansible INFO| changed: [k3s-node-1]
2026-02-19 11:16:22,297 p=47762 u=administrator n=ansible INFO| changed: [k3s-node-2]
2026-02-19 11:16:22,312 p=47762 u=administrator n=ansible INFO| changed: [k3s-node-3]
2026-02-19 11:16:22,321 p=47762 u=administrator n=ansible INFO| TASK [Générer le rapport de synthèse] **************************************************************************************************************************************************************************************************************************************
2026-02-19 11:16:22,321 p=47762 u=administrator n=ansible INFO| jeudi 19 février 2026  11:16:22 +0100 (0:00:00.569)       0:00:38.319 ********* 
2026-02-19 11:16:23,002 p=47762 u=administrator n=ansible INFO| changed: [k3s-node-2]
2026-02-19 11:16:23,016 p=47762 u=administrator n=ansible INFO| changed: [k3s-node-3]
2026-02-19 11:16:23,071 p=47762 u=administrator n=ansible INFO| changed: [k3s-node-1]
2026-02-19 11:16:23,080 p=47762 u=administrator n=ansible INFO| TASK [Créer l'archive tar.gz sur le noeud] *********************************************************************************************************************************************************************************************************************************
2026-02-19 11:16:23,081 p=47762 u=administrator n=ansible INFO| jeudi 19 février 2026  11:16:23 +0100 (0:00:00.759)       0:00:39.079 ********* 
2026-02-19 11:16:23,646 p=47762 u=administrator n=ansible INFO| changed: [k3s-node-2]
2026-02-19 11:16:23,649 p=47762 u=administrator n=ansible INFO| changed: [k3s-node-1]
2026-02-19 11:16:23,667 p=47762 u=administrator n=ansible INFO| changed: [k3s-node-3]
2026-02-19 11:16:23,679 p=47762 u=administrator n=ansible INFO| TASK [Créer le dossier de destination local] *******************************************************************************************************************************************************************************************************************************
2026-02-19 11:16:23,679 p=47762 u=administrator n=ansible INFO| jeudi 19 février 2026  11:16:23 +0100 (0:00:00.598)       0:00:39.677 ********* 
2026-02-19 11:16:24,566 p=47762 u=administrator n=ansible INFO| changed: [k3s-node-2 -> localhost]
2026-02-19 11:16:24,585 p=47762 u=administrator n=ansible INFO| changed: [k3s-node-1 -> localhost]
2026-02-19 11:16:24,590 p=47762 u=administrator n=ansible INFO| changed: [k3s-node-3 -> localhost]
2026-02-19 11:16:24,603 p=47762 u=administrator n=ansible INFO| TASK [Récupérer les fichiers de diagnostic] ********************************************************************************************************************************************************************************************************************************
2026-02-19 11:16:24,604 p=47762 u=administrator n=ansible INFO| jeudi 19 février 2026  11:16:24 +0100 (0:00:00.924)       0:00:40.602 ********* 
2026-02-19 11:16:25,292 p=47762 u=administrator n=ansible INFO| ok: [k3s-node-1] => (item=01_system_info.txt)
2026-02-19 11:16:25,350 p=47762 u=administrator n=ansible INFO| ok: [k3s-node-3] => (item=01_system_info.txt)
2026-02-19 11:16:25,352 p=47762 u=administrator n=ansible INFO| ok: [k3s-node-2] => (item=01_system_info.txt)
2026-02-19 11:16:25,768 p=47762 u=administrator n=ansible INFO| ok: [k3s-node-3] => (item=02_interfaces.txt)
2026-02-19 11:16:25,786 p=47762 u=administrator n=ansible INFO| ok: [k3s-node-2] => (item=02_interfaces.txt)
2026-02-19 11:16:25,797 p=47762 u=administrator n=ansible INFO| ok: [k3s-node-1] => (item=02_interfaces.txt)
2026-02-19 11:16:26,193 p=47762 u=administrator n=ansible INFO| ok: [k3s-node-3] => (item=03_stats_reseau.txt)
2026-02-19 11:16:26,214 p=47762 u=administrator n=ansible INFO| ok: [k3s-node-2] => (item=03_stats_reseau.txt)
2026-02-19 11:16:26,313 p=47762 u=administrator n=ansible INFO| ok: [k3s-node-1] => (item=03_stats_reseau.txt)
2026-02-19 11:16:26,641 p=47762 u=administrator n=ansible ERROR| [ERROR]: Task failed: Failed to fetch the file: [Errno 13] Permission denied: b'/tmp/diag_ansible/k3s-node-2/04_switch_info.txt'
Origin: /home/administrator/ansible/diagnostic_network.yml:423:7

421         mode: '0775' # Droits larges pour éviter l'Errno 13
422
423     - name: "Récupérer les fichiers de diagnostic"
          ^ column 7


2026-02-19 11:16:26,643 p=47762 u=administrator n=ansible INFO| failed: [k3s-node-2] (item=04_switch_info.txt) => changed=false 
  ansible_loop_var: item
  item: 04_switch_info.txt
  msg: 'Failed to fetch the file: [Errno 13] Permission denied: b''/tmp/diag_ansible/k3s-node-2/04_switch_info.txt'''
2026-02-19 11:16:26,659 p=47762 u=administrator n=ansible ERROR| [ERROR]: Task failed: Failed to fetch the file: [Errno 13] Permission denied: b'/tmp/diag_ansible/k3s-node-3/04_switch_info.txt'
Origin: /home/administrator/ansible/diagnostic_network.yml:423:7

421         mode: '0775' # Droits larges pour éviter l'Errno 13
422
423     - name: "Récupérer les fichiers de diagnostic"
          ^ column 7


2026-02-19 11:16:26,659 p=47762 u=administrator n=ansible INFO| failed: [k3s-node-3] (item=04_switch_info.txt) => changed=false 
  ansible_loop_var: item
  item: 04_switch_info.txt
  msg: 'Failed to fetch the file: [Errno 13] Permission denied: b''/tmp/diag_ansible/k3s-node-3/04_switch_info.txt'''
2026-02-19 11:16:26,834 p=47762 u=administrator n=ansible ERROR| [ERROR]: Task failed: Failed to fetch the file: [Errno 13] Permission denied: b'/tmp/diag_ansible/k3s-node-1/04_switch_info.txt'
Origin: /home/administrator/ansible/diagnostic_network.yml:423:7

421         mode: '0775' # Droits larges pour éviter l'Errno 13
422
423     - name: "Récupérer les fichiers de diagnostic"
          ^ column 7


2026-02-19 11:16:26,835 p=47762 u=administrator n=ansible INFO| failed: [k3s-node-1] (item=04_switch_info.txt) => changed=false 
  ansible_loop_var: item
  item: 04_switch_info.txt
  msg: 'Failed to fetch the file: [Errno 13] Permission denied: b''/tmp/diag_ansible/k3s-node-1/04_switch_info.txt'''
2026-02-19 11:16:27,074 p=47762 u=administrator n=ansible ERROR| [ERROR]: Task failed: Failed to fetch the file: [Errno 13] Permission denied: b'/tmp/diag_ansible/k3s-node-2/05_sysctl_network.txt'
Origin: /home/administrator/ansible/diagnostic_network.yml:423:7

421         mode: '0775' # Droits larges pour éviter l'Errno 13
422
423     - name: "Récupérer les fichiers de diagnostic"
          ^ column 7


2026-02-19 11:16:27,074 p=47762 u=administrator n=ansible INFO| failed: [k3s-node-2] (item=05_sysctl_network.txt) => changed=false 
  ansible_loop_var: item
  item: 05_sysctl_network.txt
  msg: 'Failed to fetch the file: [Errno 13] Permission denied: b''/tmp/diag_ansible/k3s-node-2/05_sysctl_network.txt'''
2026-02-19 11:16:27,080 p=47762 u=administrator n=ansible ERROR| [ERROR]: Task failed: Failed to fetch the file: [Errno 13] Permission denied: b'/tmp/diag_ansible/k3s-node-3/05_sysctl_network.txt'
Origin: /home/administrator/ansible/diagnostic_network.yml:423:7

421         mode: '0775' # Droits larges pour éviter l'Errno 13
422
423     - name: "Récupérer les fichiers de diagnostic"
          ^ column 7


2026-02-19 11:16:27,081 p=47762 u=administrator n=ansible INFO| failed: [k3s-node-3] (item=05_sysctl_network.txt) => changed=false 
  ansible_loop_var: item
  item: 05_sysctl_network.txt
  msg: 'Failed to fetch the file: [Errno 13] Permission denied: b''/tmp/diag_ansible/k3s-node-3/05_sysctl_network.txt'''
2026-02-19 11:16:27,354 p=47762 u=administrator n=ansible ERROR| [ERROR]: Task failed: Failed to fetch the file: [Errno 13] Permission denied: b'/tmp/diag_ansible/k3s-node-1/05_sysctl_network.txt'
Origin: /home/administrator/ansible/diagnostic_network.yml:423:7

421         mode: '0775' # Droits larges pour éviter l'Errno 13
422
423     - name: "Récupérer les fichiers de diagnostic"
          ^ column 7


2026-02-19 11:16:27,355 p=47762 u=administrator n=ansible INFO| failed: [k3s-node-1] (item=05_sysctl_network.txt) => changed=false 
  ansible_loop_var: item
  item: 05_sysctl_network.txt
  msg: 'Failed to fetch the file: [Errno 13] Permission denied: b''/tmp/diag_ansible/k3s-node-1/05_sysctl_network.txt'''
2026-02-19 11:16:27,497 p=47762 u=administrator n=ansible INFO| ok: [k3s-node-3] => (item=06_latency_tests.txt)
2026-02-19 11:16:27,547 p=47762 u=administrator n=ansible INFO| ok: [k3s-node-2] => (item=06_latency_tests.txt)
2026-02-19 11:16:27,887 p=47762 u=administrator n=ansible INFO| ok: [k3s-node-1] => (item=06_latency_tests.txt)
2026-02-19 11:16:27,917 p=47762 u=administrator n=ansible ERROR| [ERROR]: Task failed: Failed to fetch the file: [Errno 13] Permission denied: b'/tmp/diag_ansible/k3s-node-3/07_disk_io.txt'
Origin: /home/administrator/ansible/diagnostic_network.yml:423:7

421         mode: '0775' # Droits larges pour éviter l'Errno 13
422
423     - name: "Récupérer les fichiers de diagnostic"
          ^ column 7


2026-02-19 11:16:27,918 p=47762 u=administrator n=ansible INFO| failed: [k3s-node-3] (item=07_disk_io.txt) => changed=false 
  ansible_loop_var: item
  item: 07_disk_io.txt
  msg: 'Failed to fetch the file: [Errno 13] Permission denied: b''/tmp/diag_ansible/k3s-node-3/07_disk_io.txt'''
2026-02-19 11:16:27,975 p=47762 u=administrator n=ansible ERROR| [ERROR]: Task failed: Failed to fetch the file: [Errno 13] Permission denied: b'/tmp/diag_ansible/k3s-node-2/07_disk_io.txt'
Origin: /home/administrator/ansible/diagnostic_network.yml:423:7

421         mode: '0775' # Droits larges pour éviter l'Errno 13
422
423     - name: "Récupérer les fichiers de diagnostic"
          ^ column 7


2026-02-19 11:16:27,976 p=47762 u=administrator n=ansible INFO| failed: [k3s-node-2] (item=07_disk_io.txt) => changed=false 
  ansible_loop_var: item
  item: 07_disk_io.txt
  msg: 'Failed to fetch the file: [Errno 13] Permission denied: b''/tmp/diag_ansible/k3s-node-2/07_disk_io.txt'''
2026-02-19 11:16:28,344 p=47762 u=administrator n=ansible INFO| ok: [k3s-node-3] => (item=08_cpu_irq.txt)
2026-02-19 11:16:28,388 p=47762 u=administrator n=ansible INFO| ok: [k3s-node-2] => (item=08_cpu_irq.txt)
2026-02-19 11:16:28,408 p=47762 u=administrator n=ansible ERROR| [ERROR]: Task failed: Failed to fetch the file: [Errno 13] Permission denied: b'/tmp/diag_ansible/k3s-node-1/07_disk_io.txt'
Origin: /home/administrator/ansible/diagnostic_network.yml:423:7

421         mode: '0775' # Droits larges pour éviter l'Errno 13
422
423     - name: "Récupérer les fichiers de diagnostic"
          ^ column 7


2026-02-19 11:16:28,410 p=47762 u=administrator n=ansible INFO| failed: [k3s-node-1] (item=07_disk_io.txt) => changed=false 
  ansible_loop_var: item
  item: 07_disk_io.txt
  msg: 'Failed to fetch the file: [Errno 13] Permission denied: b''/tmp/diag_ansible/k3s-node-1/07_disk_io.txt'''
2026-02-19 11:16:28,811 p=47762 u=administrator n=ansible INFO| ok: [k3s-node-2] => (item=09_k3s_diagnostic.txt)
2026-02-19 11:16:28,818 p=47762 u=administrator n=ansible INFO| ok: [k3s-node-3] => (item=09_k3s_diagnostic.txt)
2026-02-19 11:16:28,922 p=47762 u=administrator n=ansible INFO| ok: [k3s-node-1] => (item=08_cpu_irq.txt)
2026-02-19 11:16:29,229 p=47762 u=administrator n=ansible ERROR| [ERROR]: Task failed: Failed to fetch the file: [Errno 13] Permission denied: b'/tmp/diag_ansible/k3s-node-2/00_SYNTHESE.txt'
Origin: /home/administrator/ansible/diagnostic_network.yml:423:7

421         mode: '0775' # Droits larges pour éviter l'Errno 13
422
423     - name: "Récupérer les fichiers de diagnostic"
          ^ column 7


2026-02-19 11:16:29,229 p=47762 u=administrator n=ansible INFO| failed: [k3s-node-2] (item=00_SYNTHESE.txt) => changed=false 
  ansible_loop_var: item
  item: 00_SYNTHESE.txt
  msg: 'Failed to fetch the file: [Errno 13] Permission denied: b''/tmp/diag_ansible/k3s-node-2/00_SYNTHESE.txt'''
2026-02-19 11:16:29,248 p=47762 u=administrator n=ansible ERROR| [ERROR]: Task failed: Failed to fetch the file: [Errno 13] Permission denied: b'/tmp/diag_ansible/k3s-node-3/00_SYNTHESE.txt'
Origin: /home/administrator/ansible/diagnostic_network.yml:423:7

421         mode: '0775' # Droits larges pour éviter l'Errno 13
422
423     - name: "Récupérer les fichiers de diagnostic"
          ^ column 7


2026-02-19 11:16:29,248 p=47762 u=administrator n=ansible INFO| failed: [k3s-node-3] (item=00_SYNTHESE.txt) => changed=false 
  ansible_loop_var: item
  item: 00_SYNTHESE.txt
  msg: 'Failed to fetch the file: [Errno 13] Permission denied: b''/tmp/diag_ansible/k3s-node-3/00_SYNTHESE.txt'''
2026-02-19 11:16:29,439 p=47762 u=administrator n=ansible INFO| ok: [k3s-node-1] => (item=09_k3s_diagnostic.txt)
2026-02-19 11:16:29,944 p=47762 u=administrator n=ansible ERROR| [ERROR]: Task failed: Failed to fetch the file: [Errno 13] Permission denied: b'/tmp/diag_ansible/k3s-node-1/00_SYNTHESE.txt'
Origin: /home/administrator/ansible/diagnostic_network.yml:423:7

421         mode: '0775' # Droits larges pour éviter l'Errno 13
422
423     - name: "Récupérer les fichiers de diagnostic"
          ^ column 7


2026-02-19 11:16:29,945 p=47762 u=administrator n=ansible INFO| failed: [k3s-node-1] (item=00_SYNTHESE.txt) => changed=false 
  ansible_loop_var: item
  item: 00_SYNTHESE.txt
  msg: 'Failed to fetch the file: [Errno 13] Permission denied: b''/tmp/diag_ansible/k3s-node-1/00_SYNTHESE.txt'''
2026-02-19 11:16:29,953 p=47762 u=administrator n=ansible INFO| PLAY RECAP *****************************************************************************************************************************************************************************************************************************************************************
2026-02-19 11:16:29,953 p=47762 u=administrator n=ansible INFO| k3s-node-1                 : ok=15   changed=14   unreachable=0    failed=1    skipped=0    rescued=0    ignored=0   
2026-02-19 11:16:29,954 p=47762 u=administrator n=ansible INFO| k3s-node-2                 : ok=15   changed=14   unreachable=0    failed=1    skipped=0    rescued=0    ignored=0   
2026-02-19 11:16:29,954 p=47762 u=administrator n=ansible INFO| k3s-node-3                 : ok=15   changed=14   unreachable=0    failed=1    skipped=0    rescued=0    ignored=0   
2026-02-19 11:16:29,954 p=47762 u=administrator n=ansible INFO| PLAYBOOK RECAP *************************************************************************************************************************************************************************************************************************************************************
2026-02-19 11:16:29,955 p=47762 u=administrator n=ansible INFO| Playbook run took 0 days, 0 hours, 0 minutes, 45 seconds

2026-02-19 11:16:29,955 p=47762 u=administrator n=ansible INFO| TASKS RECAP ****************************************************************************************************************************************************************************************************************************************************************
2026-02-19 11:16:29,955 p=47762 u=administrator n=ansible INFO| jeudi 19 février 2026  11:16:29 +0100 (0:00:05.351)       0:00:45.953 ********* 
2026-02-19 11:16:29,955 p=47762 u=administrator n=ansible INFO| =============================================================================== 
2026-02-19 11:16:29,956 p=47762 u=administrator n=ansible INFO| Tests de latence entre noeuds -------------------------------------------------------------------------------------------------------------------------------------------------------------------------------------------------------------------------------------- 26.34s
2026-02-19 11:16:29,956 p=47762 u=administrator n=ansible INFO| Récupérer les fichiers de diagnostic -------------------------------------------------------------------------------------------------------------------------------------------------------------------------------------------------------------------------------- 5.35s
2026-02-19 11:16:29,956 p=47762 u=administrator n=ansible INFO| Gathering Facts ----------------------------------------------------------------------------------------------------------------------------------------------------------------------------------------------------------------------------------------------------- 3.53s
2026-02-19 11:16:29,956 p=47762 u=administrator n=ansible INFO| Diagnostics disques et I/O ------------------------------------------------------------------------------------------------------------------------------------------------------------------------------------------------------------------------------------------ 2.39s
2026-02-19 11:16:29,957 p=47762 u=administrator n=ansible INFO| Créer le dossier de destination local ------------------------------------------------------------------------------------------------------------------------------------------------------------------------------------------------------------------------------- 0.92s
2026-02-19 11:16:29,957 p=47762 u=administrator n=ansible INFO| Nettoyer et créer le répertoire de diagnostic sur le noeud ---------------------------------------------------------------------------------------------------------------------------------------------------------------------------------------------------------- 0.89s
2026-02-19 11:16:29,957 p=47762 u=administrator n=ansible INFO| CPU, IRQ et performance --------------------------------------------------------------------------------------------------------------------------------------------------------------------------------------------------------------------------------------------- 0.79s
2026-02-19 11:16:29,957 p=47762 u=administrator n=ansible INFO| Générer le rapport de synthèse -------------------------------------------------------------------------------------------------------------------------------------------------------------------------------------------------------------------------------------- 0.76s
2026-02-19 11:16:29,958 p=47762 u=administrator n=ansible INFO| État des interfaces réseau ------------------------------------------------------------------------------------------------------------------------------------------------------------------------------------------------------------------------------------------ 0.68s
2026-02-19 11:16:29,958 p=47762 u=administrator n=ansible INFO| Paramètres sysctl réseau -------------------------------------------------------------------------------------------------------------------------------------------------------------------------------------------------------------------------------------------- 0.66s
2026-02-19 11:16:29,958 p=47762 u=administrator n=ansible INFO| Journaux système (erreurs réseau) ----------------------------------------------------------------------------------------------------------------------------------------------------------------------------------------------------------------------------------- 0.62s
2026-02-19 11:16:29,958 p=47762 u=administrator n=ansible INFO| Infos système générales --------------------------------------------------------------------------------------------------------------------------------------------------------------------------------------------------------------------------------------------- 0.62s
2026-02-19 11:16:29,959 p=47762 u=administrator n=ansible INFO| Statistiques et erreurs réseau -------------------------------------------------------------------------------------------------------------------------------------------------------------------------------------------------------------------------------------- 0.61s
2026-02-19 11:16:29,959 p=47762 u=administrator n=ansible INFO| Créer l'archive tar.gz sur le noeud --------------------------------------------------------------------------------------------------------------------------------------------------------------------------------------------------------------------------------- 0.60s
2026-02-19 11:16:29,959 p=47762 u=administrator n=ansible INFO| Informations switch (LLDP/ARP/routes) ------------------------------------------------------------------------------------------------------------------------------------------------------------------------------------------------------------------------------- 0.60s
2026-02-19 11:16:29,959 p=47762 u=administrator n=ansible INFO| Firmware et driver cartes réseau ------------------------------------------------------------------------------------------------------------------------------------------------------------------------------------------------------------------------------------ 0.57s
2026-02-19 16:43:49,815 p=50514 u=administrator n=ansible INFO| k3s-node-2 | SUCCESS => {
    "changed": false,
    "ping": "pong"
}
2026-02-19 16:43:49,841 p=50514 u=administrator n=ansible INFO| k3s-node-1 | SUCCESS => {
    "changed": false,
    "ping": "pong"
}
2026-02-19 16:43:49,937 p=50514 u=administrator n=ansible INFO| k3s-node-3 | SUCCESS => {
    "changed": false,
    "ping": "pong"
}
